{"base":"DYNATHING","creator":"533520bf11ef64363f000d5c","id":"5523faa9248ae95332a432dd","name":"open","prop":{"attr":[3],"text":"0s: cell 1 show\n0.2s: cell 1 hide, cell 2 show\n0.4s: cell 2 hide, cell 3 show\n0.6s: cell 3 hide, cell 4 show\n0.8s: cell 4 hide, cell 5 show\n1s: cell 5 hide, cell 6 show\n1.2s: cell 6 hide, cell 7 show\n1.4s: cell 7 hide, cell 8 show\n1.6S: CELL 8 HIDE, CELL 7 SHOW\n2S: CELL 7 HIDE, CELL 8 SHOW\n2.4S: CELL 8 HIDE, CELL 7 SHOW\n2.8S: CELL 7 HIDE, CELL 8 SHOW\n3.2S: CELL 8 HIDE, CELL 7 SHOW\n3.6S: CELL 7 HIDE, CELL 8 SHOW\n4S: CELL 8 HIDE, CELL 7 SHOW\n4.4S: CELL 7 HIDE, CELL 8 SHOW\n4.8S: CELL 8 HIDE, CELL 7 SHOW\n5.2S: CELL 7 HIDE, CELL 8 SHOW\n5.6S: CELL 8 HIDE, CELL 7 SHOW\n6s: cell 7 hide, cell 6 show\n6.4s: cell 6 hide, cell 5 show\n6.8s: cell 5 hide, cell 4 show\n7.2s: cell 4 hide, cell 3 show\n7.6s: cell 3 hide, cell 2 show\n8s: cell 2 hide, cell 1 show"}}