{"iix":["54615a2d99646f284cc3e1cf","56226b4030ae2a375c2ea482"],"ps":[[0,12,0,0,0,0],[1,12,0,0,0,0],[2,12,0,0,0,0],[3,12,0,0,0,0],[4,12,0,0,0,0],[5,12,0,0,0,0],[7,12,0,0,0,0],[6,12,0,0,0,0],[0,11,1,0,0,0]],"v":14,"x":2,"y":0,"i":{"b":["SOLID","DYNATHING"],"p":[null,{"attr":[3,5],"text":"0s: cell 1 show, cell 2 show, right 29, cell 3 show, right 58, cell 4 show, right 87, cell 5 show, right 116, cell 6 show, right 116, up 29, cell 7 show, right 87, up 29, cell 8 show, up 29, right 58, cell 9 show, up 29, right 29"}],"n":["way","delorean"],"dr":[0,0]}}