{"x":-31,"y":-1,"ps":[[7,31,0,0,0,0],[7,30,0,0,0,0],[7,29,0,0,0,0],[7,28,0,0,0,0],[6,29,1,0,0,0],[6,30,1,0,0,0],[6,31,1,0,0,0],[30,29,2,0,0,0],[30,30,2,0,0,0],[30,31,2,0,0,0],[30,28,2,0,0,0],[30,27,2,0,0,0],[30,26,2,0,0,0],[26,29,3,0,0,0],[26,30,3,0,0,0],[26,31,3,0,0,0]],"v":16,"iix":["56ed801e71e65f211342e507","56ef0f1a3da9b12313ab729e","56ee7a207193b52e135e2957","56f92d7948342a2713968665"],"i":{"b":["DECO","DECO","DECO","DECO"],"p":[{"clonedFrom":"54af696b58d97dea59c58baa"},{"clonedFrom":"54af696b58d97dea59c58baa"},{"clonedFrom":"54af696b58d97dea59c58baa"},{"attr":[1],"clonedFrom":"54af696b58d97dea59c58baa"}],"n":["chronology thread","chronology thread","chronology thread","chronology orange thread"],"dr":[0,0,0,0]}}