{"x":-46,"y":0,"ps":[[31,17,0,0,0,0],[30,17,0,0,0,0],[29,17,0,0,0,0],[28,17,0,0,0,0],[26,17,0,0,0,0],[25,17,0,0,0,0],[24,17,0,0,0,0],[23,17,0,0,0,0],[22,17,0,0,0,0],[21,17,0,0,0,0],[20,17,0,0,0,0],[19,17,0,0,0,0],[18,17,0,0,0,0],[16,17,0,0,0,0],[15,17,0,0,0,0],[14,17,0,0,0,0],[13,17,0,0,0,0],[12,17,0,0,0,0],[11,17,0,0,0,0],[9,17,0,0,0,0],[10,17,0,0,0,0],[8,17,0,0,0,0],[6,17,0,0,0,0],[5,17,0,0,0,0],[27,14,1,0,0,0],[27,13,2,0,0,0],[27,15,3,0,0,0],[4,14,4,0,0,0],[4,15,3,0,0,0],[4,13,5,0,0,0],[4,6,5,0,0,0],[4,7,5,0,0,0],[4,10,5,0,0,0],[4,9,5,0,0,0],[4,8,5,0,0,0],[4,5,5,0,0,0],[4,4,5,0,0,0],[4,0,5,0,0,0],[4,1,5,0,0,0],[4,3,5,0,0,0],[4,2,5,0,0,0],[4,11,6,0,0,0],[4,12,7,0,0,0],[13,13,8,0,0,0],[13,14,3,0,0,0],[13,12,5,0,0,0],[13,11,5,0,0,0],[13,6,5,0,0,0],[13,7,5,0,0,0],[13,10,5,0,0,0],[13,9,5,0,0,0],[13,8,5,0,0,0],[13,5,5,0,0,0],[13,4,5,0,0,0],[13,3,5,0,0,0],[13,2,5,0,0,0],[13,1,5,0,0,0],[13,0,5,0,0,0],[17,18,9,0,0,0],[16,18,10,0,0,0],[15,18,10,0,0,0],[18,18,11,0,0,0],[19,18,12,0,0,0],[16,7,10,0,0,0],[15,7,10,0,0,0],[18,7,11,0,0,0],[19,7,12,0,0,0],[17,1,9,0,0,0],[16,1,10,0,0,0],[15,1,10,0,0,0],[18,1,11,0,0,0],[19,1,12,0,0,0],[7,17,13,0,0,0],[17,17,13,0,0,0],[27,17,13,0,0,0],[3,17,0,0,0,0],[4,17,0,0,0,0],[2,17,0,0,0,0],[1,17,0,0,0,0],[0,17,0,0,0,0],[27,11,14,0,0,0],[27,12,15,0,0,0],[27,10,16,0,0,0],[27,9,16,0,0,0],[27,8,16,0,0,0],[27,7,16,0,0,0],[27,0,16,0,0,0],[27,1,16,0,0,0],[27,2,16,0,0,0],[27,3,16,0,0,0],[27,4,16,0,0,0],[27,5,16,0,0,0],[27,6,16,0,0,0]],"v":266,"iix":["56ed23269fb04104137af2aa","57a643987fa75c27138c80a1","56f92dac2d2f711e139effa3","56ed792a29fdfe2113c35cc6","57a6fa7686329830131a1a52","5737ab36f32f7a30135f43ed","57a83380109fba2a13c845ac","57a8339e18936f1d1363b01b","57a8c9f825674c900f3ff57d","56ed3464f5ee900f138f3f2b","56f58450c40dde32132ed800","56f57fe37da8467c0f6f97fe","56f5828835b13a2813d9bfe3","57a8cf665dcc083113a7b187","57dd35f1d9b0feae0fc46754","56f92e01cd8035221318a33e","56f92d987c3d1b251374285d"],"i":{"b":["SOLID","READABLE","DECO","PASS","READABLE","DECO","READABLE","PASS","READABLE","LIGHT","ENVIRONM","ENVIRONM","DYNATHING","SOLID","READABLE","PASS","DECO"],"p":[null,{"rgb":"213,190,131","rgb2":"45,15,0","attr":[2,5,3]},{"attr":[1],"clonedFrom":"54af696b58d97dea59c58baa"},null,{"rgb":"213,190,131","rgb2":"45,15,0","attr":[5,2,3]},{"attr":[1],"clonedFrom":"54af696b58d97dea59c58baa"},{"rgb":"213,190,131","rgb2":"45,15,0","attr":[5,2,3]},{"attr":[1],"clonedFrom":"54af696b58d97dea59c58baa"},{"rgb":"213,190,131","rgb2":"45,15,0","attr":[5,2,3]},{"rgb":"24,25,39"},{"attr":[19]},{"attr":[51]},{"text":"0-.5: cell 1 show\n0-6: cell 1 down 150\n5.5-6: cell 1 hide\n\n1: cell 2 up 50, left 150\n1-1.5: cell 2 show\n1-7: cell 2 down 125\n6.5-7: cell 2 hide\n\n3: cell 3 down 100, right 275\n3-3.5: cell 3 show\n3-8: cell 3 down 175\n7.5-8: cell 3 hide\n\n4: cell 4 up 100, left 200\n4-4.5: cell 4 show\n4-9: cell 4 down 135\n8.5-9: cell 4 hide\n\n6: cell 5 right 125, up 150\n6-6.5: cell 5 show\n6-11: cell 5 down 160\n10.5-11: cell 5 hide\n\n\n15 restart"},null,{"rgb":"213,190,131","rgb2":"45,15,0","attr":[5,2,3]},{"attr":[1],"clonedFrom":"54af696b58d97dea59c58baa"},{"attr":[1],"clonedFrom":"54af696b58d97dea59c58baa"}],"n":["chronology floor yellow","chronology anyland trailer","chronology yellow thread","invisible one way","chronology personal milestone","chronology green thread","chronology personal milestone","chronology green thread","chronology personal milestone","chronology blue light","chronology environment b","chronology environment c","chronology environment d","chronology floor ten days","chronology area","chronology yellow thread","chronology blue thread"],"dr":[0,0,0,0,0,0,0,0,0,0,0,0,0,0,0,0,0]}}