{"x":-50,"y":0,"ps":[[31,17,0,0,0,0],[30,17,0,0,0,0],[29,17,0,0,0,0],[27,17,0,0,0,0],[28,17,0,0,0,0],[26,17,0,0,0,0],[25,17,1,0,0,0],[24,17,0,0,0,0],[23,17,0,0,0,0],[22,17,0,0,0,0],[21,17,0,0,0,0],[20,17,0,0,0,0],[19,17,0,0,0,0],[18,17,0,0,0,0],[17,17,0,0,0,0],[16,17,0,0,0,0],[15,17,2,0,0,0],[14,17,0,0,0,0],[13,17,0,0,0,0],[12,17,0,0,0,0],[11,17,0,0,0,0],[10,17,0,0,0,0],[9,17,0,0,0,0],[9,19,3,0,0,0],[9,20,4,0,0,0],[23,18,5,0,0,0],[24,18,5,0,0,0],[25,18,6,0,0,0],[26,18,7,0,0,0],[27,18,8,0,0,0],[8,17,0,0,0,0],[7,17,0,0,0,0],[6,17,0,0,0,0],[4,17,0,0,0,0],[3,17,0,0,0,0],[2,17,0,0,0,0],[1,17,0,0,0,0],[0,17,0,0,0,0],[5,17,2,0,0,0]],"v":52,"iix":["56ed23269fb04104137af2aa","57a8cfbc29f64c2a135b20ad","57a8cf665dcc083113a7b187","56ed6b24f8846c2913daf673","58571537e204057d137724a5","56f58450c40dde32132ed800","56ed3464f5ee900f138f3f2b","56f57fe37da8467c0f6f97fe","56f5828835b13a2813d9bfe3"],"i":{"b":["SOLID","SOLID","SOLID","DYNATHING","DYNATHING","ENVIRONM","LIGHT","ENVIRONM","DYNATHING"],"p":[null,null,null,{"text":"0: cells show, cell 3 font white, text TODAY, cell 1 right 13, cell 2 left 13"},{"text":"0: cells show, cell 3 font white, text day 1616, cell 1 right 13, cell 2 left 13"},{"attr":[19]},{"rgb":"24,25,39"},{"attr":[51]},{"text":"0-.5: cell 1 show\n0-6: cell 1 down 150\n5.5-6: cell 1 hide\n\n1: cell 2 up 50, left 150\n1-1.5: cell 2 show\n1-7: cell 2 down 125\n6.5-7: cell 2 hide\n\n3: cell 3 down 100, right 275\n3-3.5: cell 3 show\n3-8: cell 3 down 175\n7.5-8: cell 3 hide\n\n4: cell 4 up 100, left 200\n4-4.5: cell 4 show\n4-9: cell 4 down 135\n8.5-9: cell 4 hide\n\n6: cell 5 right 125, up 150\n6-6.5: cell 5 show\n6-11: cell 5 down 160\n10.5-11: cell 5 hide\n\n\n15 restart"}],"n":["chronology floor yellow","chronology floor ten days","chronology floor ten days","chronology today","chronology today","chronology environment b","chronology blue light","chronology environment c","chronology environment d"],"dr":[0,0,0,0,0,0,0,0,0]}}