{"x":-17,"y":-1,"ps":[[16,31,0,0,0,0],[16,30,0,0,0,0],[16,29,0,0,0,0],[16,28,0,0,0,0],[29,29,1,0,0,0],[29,30,1,0,0,0],[29,31,1,0,0,0],[23,29,1,0,0,0],[23,30,1,0,0,0],[23,31,1,0,0,0],[9,29,1,0,0,0],[9,30,1,0,0,0],[9,31,1,0,0,0],[8,29,1,0,0,0],[8,30,1,0,0,0],[8,31,1,0,0,0]],"v":16,"iix":["56ed7cb1f8846c2913daf7ba","56ed81ee19a4a726130f28be"],"i":{"b":["DECO","DECO"],"p":[{"clonedFrom":"54af696b58d97dea59c58baa"},{"attr":[1],"clonedFrom":"54af696b58d97dea59c58baa"}],"n":["chronology green thread","chronology thread"],"dr":[0,0]}}