{"x":-48,"y":0,"ps":[[31,17,0,0,0,0],[30,17,1,0,0,0],[29,17,1,0,0,0],[28,17,1,0,0,0],[27,15,2,0,0,0],[27,14,3,0,0,0],[27,13,3,0,0,0],[27,1,3,0,0,0],[27,2,3,0,0,0],[27,12,3,0,0,0],[27,11,3,0,0,0],[27,10,3,0,0,0],[27,9,3,0,0,0],[27,8,3,0,0,0],[27,7,3,0,0,0],[27,6,3,0,0,0],[27,5,3,0,0,0],[27,4,3,0,0,0],[27,3,3,0,0,0],[27,0,3,0,0,0],[27,16,4,0,0,0],[27,17,1,0,0,0],[26,17,1,0,0,0],[25,17,1,0,0,0],[24,17,1,0,0,0],[23,17,1,0,0,0],[22,17,1,0,0,0],[21,17,0,0,0,0],[20,17,1,0,0,0],[24,15,4,0,0,0],[24,14,5,0,0,0],[24,13,3,0,0,0],[24,12,3,0,0,0],[24,6,3,0,0,0],[24,7,3,0,0,0],[24,11,3,0,0,0],[24,10,3,0,0,0],[24,9,3,0,0,0],[24,8,3,0,0,0],[24,5,3,0,0,0],[24,4,3,0,0,0],[24,3,3,0,0,0],[24,2,3,0,0,0],[24,1,3,0,0,0],[24,0,3,0,0,0],[21,18,6,0,0,0],[20,18,7,0,0,0],[19,18,7,0,0,0],[22,18,8,0,0,0],[23,18,9,0,0,0],[19,17,1,0,0,0],[18,17,1,0,0,0],[17,17,1,0,0,0],[16,17,1,0,0,0],[15,17,1,0,0,0],[14,17,1,0,0,0],[13,17,1,0,0,0],[12,17,1,0,0,0],[10,17,1,0,0,0],[9,17,1,0,0,0],[8,17,1,0,0,0],[7,17,1,0,0,0],[6,17,1,0,0,0],[5,17,1,0,0,0],[11,17,0,0,0,0],[4,17,1,0,0,0],[3,17,1,0,0,0],[2,17,1,0,0,0],[0,17,1,0,0,0],[1,17,0,0,0,0],[0,18,7,0,0,0],[2,18,8,0,0,0],[3,18,9,0,0,0],[1,18,6,0,0,0]],"v":111,"iix":["57a8cf665dcc083113a7b187","56ed23269fb04104137af2aa","57dd347faad6f9b90f02c6c4","5737ab36f32f7a30135f43ed","56ed792a29fdfe2113c35cc6","57e655c8d356364e131ae5e2","56ed3464f5ee900f138f3f2b","56f58450c40dde32132ed800","56f57fe37da8467c0f6f97fe","56f5828835b13a2813d9bfe3"],"i":{"b":["SOLID","SOLID","READABLE","DECO","PASS","READABLE","LIGHT","ENVIRONM","ENVIRONM","DYNATHING"],"p":[null,null,{"rgb":"213,190,131","rgb2":"45,15,0","attr":[5,2,3]},{"attr":[1],"clonedFrom":"54af696b58d97dea59c58baa"},null,{"rgb":"213,190,131","rgb2":"45,15,0","attr":[5,2,3]},{"rgb":"24,25,39"},{"attr":[19]},{"attr":[51]},{"text":"0-.5: cell 1 show\n0-6: cell 1 down 150\n5.5-6: cell 1 hide\n\n1: cell 2 up 50, left 150\n1-1.5: cell 2 show\n1-7: cell 2 down 125\n6.5-7: cell 2 hide\n\n3: cell 3 down 100, right 275\n3-3.5: cell 3 show\n3-8: cell 3 down 175\n7.5-8: cell 3 hide\n\n4: cell 4 up 100, left 200\n4-4.5: cell 4 show\n4-9: cell 4 down 135\n8.5-9: cell 4 hide\n\n6: cell 5 right 125, up 150\n6-6.5: cell 5 show\n6-11: cell 5 down 160\n10.5-11: cell 5 hide\n\n\n15 restart"}],"n":["chronology floor ten days","chronology floor yellow","chronology personal milestone","chronology green thread","invisible one way","chronology personal milestone","chronology blue light","chronology environment b","chronology environment c","chronology environment d"],"dr":[0,0,0,0,0,0,0,0,0,0]}}