{"x":-16,"y":0,"ps":[[30,17,0,0,0,0],[29,17,0,0,0,0],[28,17,0,0,0,0],[23,17,0,0,0,0],[24,17,0,0,0,0],[22,17,0,0,0,0],[21,17,0,0,0,0],[20,17,0,0,0,0],[19,17,0,0,0,0],[18,17,0,0,0,0],[14,17,0,0,0,0],[13,17,0,0,0,0],[12,17,0,0,0,0],[11,17,0,0,0,0],[10,17,0,0,0,0],[9,17,0,0,0,0],[8,17,0,0,0,0],[4,17,0,0,0,0],[3,17,0,0,0,0],[2,17,0,0,0,0],[1,17,0,0,0,0],[0,17,0,0,0,0],[27,19,3,0,0,0],[25,17,0,0,0,0],[26,17,0,0,0,0],[15,17,0,0,0,0],[16,17,0,0,0,0],[1,14,5,0,0,0],[5,17,0,0,0,0],[6,17,0,0,0,0],[1,13,6,0,0,0],[1,12,6,0,0,0],[1,11,6,0,0,0],[1,10,6,0,0,0],[1,9,6,0,0,0],[1,8,6,0,0,0],[1,7,6,0,0,0],[1,6,6,0,0,0],[1,5,6,0,0,0],[1,4,6,0,0,0],[1,3,6,0,0,0],[1,2,6,0,0,0],[1,15,7,0,0,0],[1,1,6,0,0,0],[1,0,6,0,0,0],[31,17,0,0,0,0],[17,18,1,0,0,0],[19,7,8,0,0,0],[19,18,8,0,0,0],[18,18,9,0,0,0],[16,18,10,0,0,0],[15,18,11,0,0,0],[15,1,11,0,0,0],[16,1,10,0,0,0],[19,1,8,0,0,0],[18,1,9,0,0,0],[7,17,2,0,0,0],[17,17,2,0,0,0],[27,17,4,0,0,0],[2,12,12,0,0,0],[2,13,7,0,0,0],[2,11,6,0,0,0],[2,10,6,0,0,0],[2,6,6,0,0,0],[2,7,6,0,0,0],[2,9,6,0,0,0],[2,8,6,0,0,0],[2,5,6,0,0,0],[2,4,6,0,0,0],[2,3,6,0,0,0],[2,2,6,0,0,0],[2,1,6,0,0,0],[2,0,6,0,0,0],[17,14,13,0,0,0],[17,15,7,0,0,0],[17,13,6,0,0,0],[17,12,6,0,0,0],[17,6,6,0,0,0],[17,7,6,0,0,0],[17,11,6,0,0,0],[17,10,6,0,0,0],[17,9,6,0,0,0],[17,8,6,0,0,0],[17,5,6,0,0,0],[17,4,6,0,0,0],[17,3,6,0,0,0],[17,2,6,0,0,0],[18,2,1,0,0,0],[17,1,6,0,0,0],[17,0,6,0,0,0],[4,16,7,0,0,0],[4,15,14,0,0,0],[4,14,6,0,0,0],[4,13,6,0,0,0],[4,6,6,0,0,0],[4,7,6,0,0,0],[4,12,6,0,0,0],[4,11,6,0,0,0],[4,10,6,0,0,0],[4,9,6,0,0,0],[4,8,6,0,0,0],[4,5,6,0,0,0],[4,4,6,0,0,0],[4,3,6,0,0,0],[4,2,6,0,0,0],[4,1,6,0,0,0],[4,0,6,0,0,0]],"v":295,"iix":["56ed23269fb04104137af2aa","56ed3464f5ee900f138f3f2b","57a8cf665dcc083113a7b187","56ed39ac9224882d138bdf68","57a8cfbc29f64c2a135b20ad","56ed7cfe72b1712213417bdc","56ed7cb1f8846c2913daf7ba","56ed792a29fdfe2113c35cc6","56f5828835b13a2813d9bfe3","56f57fe37da8467c0f6f97fe","56f5843b35b13a2813d9bfee","56f58450c40dde32132ed800","57aa2b807971cb820f535cf2","57cdd934b633f5870f7ae550","57dd33a9bd9ae83a1343fc33"],"i":{"b":["SOLID","LIGHT","SOLID","DYNATHING","SOLID","READABLE","DECO","PASS","DYNATHING","ENVIRONM","ENVIRONM","ENVIRONM","READABLE","READABLE","READABLE"],"p":[null,{"rgb":"24,25,39"},null,{"text":"0: cells show, cell 3 font white, text day 500, cell 1 right 13, cell 2 left 13"},null,{"rgb":"213,190,131","rgb2":"45,15,0","attr":[5,2]},{"clonedFrom":"54af696b58d97dea59c58baa"},null,{"text":"0-.5: cell 1 show\n0-6: cell 1 down 150\n5.5-6: cell 1 hide\n\n1: cell 2 up 50, left 150\n1-1.5: cell 2 show\n1-7: cell 2 down 125\n6.5-7: cell 2 hide\n\n3: cell 3 down 100, right 275\n3-3.5: cell 3 show\n3-8: cell 3 down 175\n7.5-8: cell 3 hide\n\n4: cell 4 up 100, left 200\n4-4.5: cell 4 show\n4-9: cell 4 down 135\n8.5-9: cell 4 hide\n\n6: cell 5 right 125, up 150\n6-6.5: cell 5 show\n6-11: cell 5 down 160\n10.5-11: cell 5 hide\n\n\n15 restart"},{"attr":[51]},{"attr":[39]},{"attr":[19]},{"rgb":"213,190,131","rgb2":"45,15,0","attr":[5,2]},{"rgb":"213,190,131","rgb2":"45,15,0","attr":[5,2]},{"rgb":"213,190,131","rgb2":"45,15,0","attr":[5,2]}],"n":["chronology floor yellow","chronology blue light","chronology floor ten days","chronology day 500","chronology floor ten days","chronology demizilla","chronology green thread","invisible one way","chronology environment d","chronology environment c","chronology environment a","chronology environment b","chronology wyatt","chronology ray","chronology marie"],"dr":[0,0,0,0,0,0,0,0,0,0,0,0,0,0,0]}}