{"x":-44,"y":0,"ps":[[31,17,0,0,0,0],[30,17,0,0,0,0],[29,17,0,0,0,0],[28,17,0,0,0,0],[27,17,0,0,0,0],[26,17,0,0,0,0],[25,17,0,0,0,0],[24,14,1,0,0,0],[24,13,2,0,0,0],[24,12,2,0,0,0],[24,5,2,0,0,0],[24,6,2,0,0,0],[24,11,2,0,0,0],[24,10,2,0,0,0],[24,9,2,0,0,0],[24,8,2,0,0,0],[24,7,2,0,0,0],[24,4,2,0,0,0],[24,3,2,0,0,0],[24,2,2,0,0,0],[24,1,2,0,0,0],[24,0,2,0,0,0],[24,17,0,0,0,0],[22,17,0,0,0,0],[21,17,0,0,0,0],[20,17,0,0,0,0],[19,17,0,0,0,0],[18,17,0,0,0,0],[17,17,0,0,0,0],[16,17,0,0,0,0],[15,17,0,0,0,0],[14,17,0,0,0,0],[12,17,0,0,0,0],[10,17,0,0,0,0],[11,17,0,0,0,0],[24,15,4,0,0,0],[9,17,0,0,0,0],[8,17,0,0,0,0],[7,17,0,0,0,0],[6,17,0,0,0,0],[5,17,0,0,0,0],[4,17,0,0,0,0],[2,17,0,0,0,0],[1,17,0,0,0,0],[0,17,0,0,0,0],[23,19,6,0,0,0],[31,18,7,0,0,0],[31,7,7,0,0,0],[31,1,7,0,0,0],[13,18,8,0,0,0],[12,18,7,0,0,0],[11,18,7,0,0,0],[14,18,9,0,0,0],[15,18,10,0,0,0],[12,7,7,0,0,0],[11,7,7,0,0,0],[14,7,9,0,0,0],[15,7,10,0,0,0],[13,1,8,0,0,0],[12,1,7,0,0,0],[11,1,7,0,0,0],[14,1,9,0,0,0],[15,1,10,0,0,0],[3,17,3,0,0,0],[13,17,3,0,0,0],[23,17,5,0,0,0]],"v":125,"iix":["56ed23269fb04104137af2aa","5737aaf2a504ed4513f5bf60","5737ab36f32f7a30135f43ed","57a8cf665dcc083113a7b187","56ed792a29fdfe2113c35cc6","57a8cfbc29f64c2a135b20ad","57a8ca8e29f64c2a135b2090","56f58450c40dde32132ed800","56ed3464f5ee900f138f3f2b","56f57fe37da8467c0f6f97fe","56f5828835b13a2813d9bfe3"],"i":{"b":["SOLID","READABLE","DECO","SOLID","PASS","SOLID","DYNATHING","ENVIRONM","LIGHT","ENVIRONM","DYNATHING"],"p":[null,{"rgb":"213,190,131","rgb2":"45,15,0","attr":[5,2,3]},{"attr":[1],"clonedFrom":"54af696b58d97dea59c58baa"},null,null,null,{"text":"0: cells show, cell 3 font white, text day 1400, cell 1 right 13, cell 2 left 13"},{"attr":[19]},{"rgb":"24,25,39"},{"attr":[51]},{"text":"0-.5: cell 1 show\n0-6: cell 1 down 150\n5.5-6: cell 1 hide\n\n1: cell 2 up 50, left 150\n1-1.5: cell 2 show\n1-7: cell 2 down 125\n6.5-7: cell 2 hide\n\n3: cell 3 down 100, right 275\n3-3.5: cell 3 show\n3-8: cell 3 down 175\n7.5-8: cell 3 hide\n\n4: cell 4 up 100, left 200\n4-4.5: cell 4 show\n4-9: cell 4 down 135\n8.5-9: cell 4 hide\n\n6: cell 5 right 125, up 150\n6-6.5: cell 5 show\n6-11: cell 5 down 160\n10.5-11: cell 5 hide\n\n\n15 restart"}],"n":["chronology floor yellow","chronology personal milestone","chronology green thread","chronology floor ten days","invisible one way","chronology floor ten days","chronology day 1400","chronology environment b","chronology blue light","chronology environment c","chronology environment d"],"dr":[0,0,0,0,0,0,0,0,0,0,0]}}