{"x":-25,"y":-1,"ps":[[1,31,0,0,0,0],[1,30,0,0,0,0],[1,29,0,0,0,0],[1,28,0,0,0,0],[9,29,1,0,0,0],[9,30,1,0,0,0],[9,31,1,0,0,0],[29,31,2,0,0,0],[29,30,2,0,0,0],[29,29,2,0,0,0],[29,28,2,0,0,0],[9,28,1,0,0,0],[0,29,3,0,0,0],[0,30,3,0,0,0],[0,31,3,0,0,0],[4,29,0,0,0,0],[4,30,0,0,0,0],[4,31,0,0,0,0],[0,28,3,0,0,0],[4,28,0,0,0,0],[0,27,3,0,0,0],[0,26,3,0,0,0],[0,25,3,0,0,0],[0,24,3,0,0,0],[1,27,0,0,0,0],[1,26,0,0,0,0],[1,25,0,0,0,0],[1,24,0,0,0,0],[4,27,0,0,0,0],[4,26,0,0,0,0],[4,25,0,0,0,0],[4,24,0,0,0,0],[9,27,1,0,0,0],[9,26,1,0,0,0],[9,25,1,0,0,0],[9,24,1,0,0,0],[22,29,2,0,0,0],[22,30,2,0,0,0],[22,31,2,0,0,0],[7,30,4,0,0,0],[5,21,5,0,0,0],[4,21,6,0,0,0],[3,21,7,0,0,0],[6,21,8,0,0,0],[7,21,4,0,0,0]],"v":54,"iix":["56ed7cb1f8846c2913daf7ba","56eede74f56b322813215541","56ee7a207193b52e135e2957","56ef0f1a3da9b12313ab729e","56f5828835b13a2813d9bfe3","56ed3464f5ee900f138f3f2b","56f58450c40dde32132ed800","56f5843b35b13a2813d9bfee","56f57fe37da8467c0f6f97fe"],"i":{"b":["DECO","DECO","DECO","DECO","DYNATHING","LIGHT","ENVIRONM","ENVIRONM","ENVIRONM"],"p":[{"clonedFrom":"54af696b58d97dea59c58baa"},{"clonedFrom":"54af696b58d97dea59c58baa"},{"clonedFrom":"54af696b58d97dea59c58baa"},{"clonedFrom":"54af696b58d97dea59c58baa"},{"text":"0-.5: cell 1 show\n0-6: cell 1 down 150\n5.5-6: cell 1 hide\n\n1: cell 2 up 50, left 150\n1-1.5: cell 2 show\n1-7: cell 2 down 125\n6.5-7: cell 2 hide\n\n3: cell 3 down 100, right 275\n3-3.5: cell 3 show\n3-8: cell 3 down 175\n7.5-8: cell 3 hide\n\n4: cell 4 up 100, left 200\n4-4.5: cell 4 show\n4-9: cell 4 down 135\n8.5-9: cell 4 hide\n\n6: cell 5 right 125, up 150\n6-6.5: cell 5 show\n6-11: cell 5 down 160\n10.5-11: cell 5 hide\n\n\n15 restart"},{"rgb":"24,25,39"},{"attr":[19]},{"attr":[39]},{"attr":[51]}],"n":["chronology green thread","chronology thread","chronology thread","chronology thread","chronology environment d","chronology blue light","chronology environment b","chronology environment a","chronology environment c"],"dr":[0,0,0,0,0,0,0,0,0]}}