{"x":-32,"y":-1,"ps":[[19,31,0,0,0,0],[19,30,0,0,0,0],[19,29,0,0,0,0],[19,28,0,0,0,0],[31,30,0,0,0,0],[31,31,0,0,0,0],[31,29,0,0,0,0],[31,28,0,0,0,0],[1,31,0,0,0,0],[1,30,0,0,0,0],[1,29,0,0,0,0],[1,28,0,0,0,0],[27,29,1,0,0,0],[27,30,1,0,0,0],[27,31,1,0,0,0],[9,29,2,0,0,0],[9,30,2,0,0,0],[9,31,2,0,0,0],[2,28,3,0,0,0],[2,29,3,0,0,0],[2,30,3,0,0,0],[2,31,3,0,0,0]],"v":26,"iix":["56ed801e71e65f211342e507","56ed81ee19a4a726130f28be","56f92d987c3d1b251374285d","56f92d80edb9517d0fb3cb0b"],"i":{"b":["DECO","DECO","DECO","DECO"],"p":[{"clonedFrom":"54af696b58d97dea59c58baa"},{"attr":[1],"clonedFrom":"54af696b58d97dea59c58baa"},{"attr":[1],"clonedFrom":"54af696b58d97dea59c58baa"},{"attr":[1],"clonedFrom":"54af696b58d97dea59c58baa"}],"n":["chronology thread","chronology thread","chronology blue thread","chronology green thread"],"dr":[0,0,0,0]}}