{"x":-13,"y":0,"ps":[[28,17,0,0,0,0],[27,17,0,0,0,0],[26,17,0,0,0,0],[25,17,0,0,0,0],[24,17,0,0,0,0],[23,17,0,0,0,0],[22,17,0,0,0,0],[18,17,0,0,0,0],[17,17,0,0,0,0],[16,17,0,0,0,0],[15,17,0,0,0,0],[14,17,0,0,0,0],[13,17,0,0,0,0],[12,17,0,0,0,0],[8,17,0,0,0,0],[7,17,0,0,0,0],[6,17,0,0,0,0],[5,17,0,0,0,0],[3,17,0,0,0,0],[4,17,0,0,0,0],[2,17,0,0,0,0],[31,19,5,0,0,0],[29,17,0,0,0,0],[30,17,0,0,0,0],[19,17,0,0,0,0],[20,17,0,0,0,0],[9,17,0,0,0,0],[10,17,0,0,0,0],[0,17,0,0,0,0],[24,14,7,0,0,0],[24,13,8,0,0,0],[24,12,8,0,0,0],[24,0,8,0,0,0],[24,11,8,0,0,0],[24,10,8,0,0,0],[24,9,8,0,0,0],[24,8,8,0,0,0],[24,7,8,0,0,0],[24,6,8,0,0,0],[24,5,8,0,0,0],[24,4,8,0,0,0],[24,3,8,0,0,0],[24,2,8,0,0,0],[24,1,8,0,0,0],[24,15,9,0,0,0],[21,18,3,0,0,0],[23,7,10,0,0,0],[21,1,3,0,0,0],[20,1,1,0,0,0],[19,1,2,0,0,0],[23,1,10,0,0,0],[22,1,11,0,0,0],[1,18,3,0,0,0],[3,7,10,0,0,0],[1,1,3,0,0,0],[2,1,11,0,0,0],[3,1,10,0,0,0],[0,1,1,0,0,0],[0,18,1,0,0,0],[3,18,10,0,0,0],[2,18,11,0,0,0],[19,18,2,0,0,0],[20,18,1,0,0,0],[22,18,11,0,0,0],[23,18,10,0,0,0],[1,17,6,0,0,0],[11,17,6,0,0,0],[21,17,6,0,0,0],[31,17,4,0,0,0]],"v":325,"iix":["56ed23269fb04104137af2aa","56f5843b35b13a2813d9bfee","56f58450c40dde32132ed800","56ed3464f5ee900f138f3f2b","57a8cfbc29f64c2a135b20ad","56ed2b22d8f2f31a1332b681","57a8cf665dcc083113a7b187","56ef22807193b52e135e325c","56ed81ee19a4a726130f28be","56ed792a29fdfe2113c35cc6","56f5828835b13a2813d9bfe3","56f57fe37da8467c0f6f97fe"],"i":{"b":["SOLID","ENVIRONM","ENVIRONM","LIGHT","SOLID","DYNATHING","SOLID","READABLE","DECO","PASS","DYNATHING","ENVIRONM"],"p":[null,{"attr":[39]},{"attr":[19]},{"rgb":"24,25,39"},null,{"text":"0: cells show, cell 3 font white, text day 400, cell 1 right 13, cell 2 left 13"},null,{"rgb":"213,190,131","rgb2":"45,15,0","attr":[5,2]},{"attr":[1],"clonedFrom":"54af696b58d97dea59c58baa"},null,{"text":"0-.5: cell 1 show\n0-6: cell 1 down 150\n5.5-6: cell 1 hide\n\n1: cell 2 up 50, left 150\n1-1.5: cell 2 show\n1-7: cell 2 down 125\n6.5-7: cell 2 hide\n\n3: cell 3 down 100, right 275\n3-3.5: cell 3 show\n3-8: cell 3 down 175\n7.5-8: cell 3 hide\n\n4: cell 4 up 100, left 200\n4-4.5: cell 4 show\n4-9: cell 4 down 135\n8.5-9: cell 4 hide\n\n6: cell 5 right 125, up 150\n6-6.5: cell 5 show\n6-11: cell 5 down 160\n10.5-11: cell 5 hide\n\n\n15 restart"},{"attr":[51]}],"n":["chronology floor yellow","chronology environment a","chronology environment b","chronology blue light","chronology floor ten days","chronology day 400","chronology floor ten days","chronology wearable","chronology thread","invisible one way","chronology environment d","chronology environment c"],"dr":[0,0,0,0,0,0,0,0,0,0,0,0]}}