{"x":-41,"y":0,"ps":[[31,17,0,0,0,0],[30,17,0,0,0,0],[29,17,0,0,0,0],[28,17,0,0,0,0],[26,17,0,0,0,0],[25,17,0,0,0,0],[15,17,0,0,0,0],[16,17,0,0,0,0],[23,17,0,0,0,0],[22,17,0,0,0,0],[18,17,0,0,0,0],[19,17,0,0,0,0],[20,17,0,0,0,0],[21,17,0,0,0,0],[13,17,0,0,0,0],[12,17,0,0,0,0],[11,17,0,0,0,0],[10,17,0,0,0,0],[9,17,0,0,0,0],[8,17,0,0,0,0],[5,17,0,0,0,0],[3,17,0,0,0,0],[2,17,0,0,0,0],[1,17,0,0,0,0],[0,17,0,0,0,0],[27,19,1,0,0,0],[24,17,0,0,0,0],[6,17,0,0,0,0],[14,17,0,0,0,0],[4,17,0,0,0,0],[10,13,2,0,0,0],[10,14,3,0,0,0],[10,12,4,0,0,0],[10,11,4,0,0,0],[10,6,4,0,0,0],[10,7,4,0,0,0],[10,10,4,0,0,0],[10,9,4,0,0,0],[10,8,4,0,0,0],[10,5,4,0,0,0],[10,4,4,0,0,0],[10,1,4,0,0,0],[10,2,4,0,0,0],[10,3,4,0,0,0],[10,0,4,0,0,0],[14,14,5,0,0,0],[14,13,5,0,0,0],[14,6,5,0,0,0],[14,7,5,0,0,0],[14,12,5,0,0,0],[14,11,5,0,0,0],[14,10,5,0,0,0],[14,9,5,0,0,0],[14,8,5,0,0,0],[14,15,6,0,0,0],[14,5,5,0,0,0],[14,4,5,0,0,0],[14,3,5,0,0,0],[14,2,5,0,0,0],[14,1,5,0,0,0],[14,0,5,0,0,0],[14,16,3,0,0,0],[17,18,7,0,0,0],[16,18,8,0,0,0],[15,18,8,0,0,0],[18,18,9,0,0,0],[19,18,10,0,0,0],[16,7,8,0,0,0],[15,7,8,0,0,0],[18,7,9,0,0,0],[19,7,10,0,0,0],[17,1,7,0,0,0],[16,1,8,0,0,0],[15,1,8,0,0,0],[18,1,9,0,0,0],[19,1,10,0,0,0],[0,7,10,0,0,0],[0,1,10,0,0,0],[7,17,11,0,0,0],[17,17,11,0,0,0],[27,17,12,0,0,0]],"v":529,"iix":["56ed23269fb04104137af2aa","56ed6bbf28af10fa1220fd3d","56ed8f926ee19431138fbcce","56ed792a29fdfe2113c35cc6","56ed81ee19a4a726130f28be","56ed801e71e65f211342e507","56eec955a4b9771f1333ad34","56ed3464f5ee900f138f3f2b","56f58450c40dde32132ed800","56f57fe37da8467c0f6f97fe","56f5828835b13a2813d9bfe3","57a8cf665dcc083113a7b187","57a8cfbc29f64c2a135b20ad"],"i":{"b":["SOLID","DYNATHING","READABLE","PASS","DECO","DECO","READABLE","LIGHT","ENVIRONM","ENVIRONM","DYNATHING","SOLID","SOLID"],"p":[null,{"text":"0: cells show, cell 3 font white, text day 1300, cell 1 right 13, cell 2 left 13"},{"rgb":"213,190,131","rgb2":"45,15,0","attr":[5,2]},null,{"attr":[1],"clonedFrom":"54af696b58d97dea59c58baa"},{"clonedFrom":"54af696b58d97dea59c58baa"},{"rgb":"213,190,131","rgb2":"45,15,0","attr":[5,2]},{"rgb":"24,25,39"},{"attr":[19]},{"attr":[51]},{"text":"0-.5: cell 1 show\n0-6: cell 1 down 150\n5.5-6: cell 1 hide\n\n1: cell 2 up 50, left 150\n1-1.5: cell 2 show\n1-7: cell 2 down 125\n6.5-7: cell 2 hide\n\n3: cell 3 down 100, right 275\n3-3.5: cell 3 show\n3-8: cell 3 down 175\n7.5-8: cell 3 hide\n\n4: cell 4 up 100, left 200\n4-4.5: cell 4 show\n4-9: cell 4 down 135\n8.5-9: cell 4 hide\n\n6: cell 5 right 125, up 150\n6-6.5: cell 5 show\n6-11: cell 5 down 160\n10.5-11: cell 5 hide\n\n\n15 restart"}],"n":["chronology floor yellow","chronology day 1300","chronology the multi type","invisible one way","chronology thread","chronology thread","chronology manyday february 2016","chronology blue light","chronology environment b","chronology environment c","chronology environment d","chronology floor ten days","chronology floor ten days"],"dr":[0,0,0,0,0,0,0,0,0,0,0,0,0]}}