{"x":-49,"y":0,"ps":[[31,17,0,0,0,0],[30,17,0,0,0,0],[29,17,0,0,0,0],[28,17,0,0,0,0],[27,17,0,0,0,0],[26,17,0,0,0,0],[25,17,0,0,0,0],[24,17,0,0,0,0],[23,17,1,0,0,0],[22,17,0,0,0,0],[21,17,0,0,0,0],[20,17,0,0,0,0],[19,17,0,0,0,0],[18,17,0,0,0,0],[17,17,0,0,0,0],[16,17,0,0,0,0],[31,18,2,0,0,0],[15,18,3,0,0,0],[14,18,4,0,0,0],[12,18,2,0,0,0],[11,18,2,0,0,0],[13,18,5,0,0,0],[15,17,0,0,0,0],[14,17,0,0,0,0],[13,17,1,0,0,0],[12,17,0,0,0,0],[11,17,0,0,0,0],[10,17,0,0,0,0],[9,17,0,0,0,0],[8,17,0,0,0,0],[7,17,0,0,0,0],[6,17,0,0,0,0],[5,17,0,0,0,0],[4,17,0,0,0,0],[3,17,1,0,0,0],[2,17,0,0,0,0],[2,14,6,0,0,0],[2,15,7,0,0,0],[2,13,8,0,0,0],[2,12,8,0,0,0],[2,0,8,0,0,0],[2,11,8,0,0,0],[2,10,8,0,0,0],[2,9,8,0,0,0],[2,8,8,0,0,0],[2,7,8,0,0,0],[2,6,8,0,0,0],[2,5,8,0,0,0],[2,4,8,0,0,0],[2,3,8,0,0,0],[2,2,8,0,0,0],[2,1,8,0,0,0],[12,7,2,0,0,0],[11,7,2,0,0,0],[14,7,4,0,0,0],[15,7,3,0,0,0],[13,1,5,0,0,0],[12,1,2,0,0,0],[11,1,2,0,0,0],[14,1,4,0,0,0],[15,1,3,0,0,0],[1,17,0,0,0,0],[0,17,0,0,0,0]],"v":104,"iix":["56ed23269fb04104137af2aa","57a8cf665dcc083113a7b187","56f58450c40dde32132ed800","56f5828835b13a2813d9bfe3","56f57fe37da8467c0f6f97fe","56ed3464f5ee900f138f3f2b","5828395428a9d8021365f15f","56ed792a29fdfe2113c35cc6","5737ab36f32f7a30135f43ed"],"i":{"b":["SOLID","SOLID","ENVIRONM","DYNATHING","ENVIRONM","LIGHT","READABLE","PASS","DECO"],"p":[null,null,{"attr":[19]},{"text":"0-.5: cell 1 show\n0-6: cell 1 down 150\n5.5-6: cell 1 hide\n\n1: cell 2 up 50, left 150\n1-1.5: cell 2 show\n1-7: cell 2 down 125\n6.5-7: cell 2 hide\n\n3: cell 3 down 100, right 275\n3-3.5: cell 3 show\n3-8: cell 3 down 175\n7.5-8: cell 3 hide\n\n4: cell 4 up 100, left 200\n4-4.5: cell 4 show\n4-9: cell 4 down 135\n8.5-9: cell 4 hide\n\n6: cell 5 right 125, up 150\n6-6.5: cell 5 show\n6-11: cell 5 down 160\n10.5-11: cell 5 hide\n\n\n15 restart"},{"attr":[51]},{"rgb":"24,25,39"},{"rgb":"213,190,131","rgb2":"45,15,0","attr":[5,2,3]},null,{"attr":[1],"clonedFrom":"54af696b58d97dea59c58baa"}],"n":["chronology floor yellow","chronology floor ten days","chronology environment b","chronology environment d","chronology environment c","chronology blue light","chronology personal milestone","invisible one way","chronology green thread"],"dr":[0,0,0,0,0,0,0,0,0]}}