{"base":"INTERACT","creator":"533520bf11ef64363f000d5c","id":"564100f3a95524096219a495","name":"synesthesia tuning fork","prop":{"textSize":648,"attr":[1,6],"textData":"NEARS: /THEY FOCUS HERE\nhears a: /a  /waits 0.5\nhears b: /b  /waits 0.5\nhears c: /c  /waits 0.5\nhears D: /d  /waits 0.5\nhears e: /e  /waits 0.5\nhears f: /f  /waits 0.5\nhears g: /g  /WAITS 0.5\nhears h: /h  /WAITS 0.5\nhears i: /i  /WAITS 0.5\nhears j: /j  /WAITS 0.5\nhears k: /k  /WAITS 0.5\nhears l: /l  /WAITS 0.5\nhears m: /m  /WAITS 0.5\nhears n: /n  /WAITS 0.5\nhears o: /o  /WAITS 0.5\nhears p: /p  /WAITS 0.5\nhears q: /q  /WAITS 0.5\nhears r: /r  /WAITS 0.5\nhears s: /s  /WAITS 0.5\nhears t: /t  /WAITS 0.5\nhears u: /u  /WAITS 0.5\nhears v: /v  /WAITS 0.5\nhears w: /w  /WAITS 0.5\nhears x: /x  /WAITS 0.5\nhears y: /y  /WAITS 0.5\nhears z: /z  /WAITS 0.5\n","checksNears":true,"thingRefs":[["5640ff558460f08c58a73a0c","a"],["5640ff797f7da38d3a72355d","b"],["5640ff8c4817ce9158fa4179","c"],["5640ffa1e873c095645ded72","d"],["5640ffab627acdfe61e27dbe","e"],["5640ffba4817ce9158fa417c","f"],["5640ffcc4180678d649e02c2","g"],["5640ffdc4180678d649e02c3","h"],["5640ffe5dbbd50883a6537a6","i"],["5640fff7c08086933a038191","j"],["56410007fce8929264b2231d","k"],["56410014b0f0248e3aac13b0","l"],["56410033fce8929264b2231e","m"],["56410040627acdfe61e27dc1","n"],["5641004c7f7da38d3a723562","o"],["5641005ab0f0248e3aac13b1","p"],["56410064e873c095645ded77","q"],["5641006f7f7da38d3a723563","r"],["5641007b9331f09864b37867","s"],["56410088627acdfe61e27dc5","t"],["5641009b4499060862cc9818","u"],["564100abdbbd50883a6537a9","v"],["564100b54499060862cc981b","w"],["564100be8460f08c58a73a0e","x"],["564100c5a292d803623e3ccb","y"],["564100d19331f09864b3786a","z"]]}}