{"base":"READABLE","creator":"533520bf11ef64363f000d5c","id":"65642234efb994059868cfcf","name":"explanation board","prop":{"textSize":353,"rgb2":"68,0,0","rgb":"201,0,0","attr":[2],"textData":"tuning fork: \n\nThis fork resonates with letters typed out by nearby players. \n\nit listens for the first letter of the typed sentence. \n\nin exchange for a letter, it grants a symbol. \n\nthese symbols correlate to the carvings found around the sanctum. \n\nhowever, the alphabet is not enough to understand the dialect. \n\nit needs to be properly deciphered. "}}