{"base":"DYNATHING","creator":"543b37adb70f844613e3dd8d","id":"59699e01a367927f132e981e","name":"t2bss forest","prop":{"text":"//0s: cells show, cells up 100, cells left 70\n//0.1s: CELLS SHOW, CELL 1 DOWN 166, CELL 1 RIGHT 0, CELL 2 DOWN 166, CELL 2 RIGHT 29, CELL 3 DOWN 166, CELL 3 RIGHT 58, CELL 4 DOWN 195, CELL 4 RIGHT 0, CELL 5 DOWN 195, CELL 5 RIGHT 29, CELL 6 DOWN 195, CELL 6 RIGHT 58, CELL 7 DOWN 195, CELL 7 RIGHT 87, CELL 8 DOWN 224, CELL 8 RIGHT 87\n\n\n\n\n\n0S: CELLS SHOW, CELL 1 DOWN 166, CELL 1 RIGHT 0, CELL 2 DOWN 166, CELL 2 RIGHT 29, CELL 3 DOWN 166, CELL 3 RIGHT 58, CELL 4 DOWN 195, CELL 4 RIGHT 0, CELL 5 DOWN 195, CELL 5 RIGHT 29, CELL 6 DOWN 195, CELL 6 RIGHT 58, CELL 7 DOWN 195, CELL 7 RIGHT 87, CELL 8 DOWN 224, CELL 8 RIGHT 87\n"}}