{"base":"DYNATHING","creator":"543b37adb70f844613e3dd8d","id":"596cff756a0683f10f265bd1","name":"t3fl forest","prop":{"attr":[10],"text":"//0s: cells hide, cells left 50, cells up 50\n\n//0.1S: CELLS SHOW, CELL 1 DOWN 50, CELL 2 DOWN 79, CELL 2 LEFT 15, CELL 3 DOWN 79, CELL 3 RIGHT 14, CELL 4 DOWN 108, CELL 4 LEFT 15, CELL 5 DOWN 108, CELL 5 RIGHT 14, CELL 6 DOWN 137, CELL 6 LEFT 15, CELL 7 DOWN 137, CELL 7 RIGHT 14, CELL 8 DOWN 166, CELL 8 LEFT 15, CELL 9 DOWN 166, CELL 9 RIGHT 14\n\n\n\n\n0s: cells show, cell 1 down 50, cell 2 down 79, cell 2 left 15, cell 3 down 79, cell 3 right 14, cell 4 down 108, cell 4 left 15, cell 5 down 108, cell 5 right 14, cell 6 down 137, cell 6 left 15, cell 7 down 137, cell 7 right 14, cell 8 down 166, cell 8 left 15, cell 9 down 166, cell 9 right 14\n\n"}}