{"base":"DYNATHING","creator":"543b37adb70f844613e3dd8d","id":"596d35cd53c9566d1350f1d7","name":"t1bls forest","prop":{"text":"//0s: cells show, cells up 100, cells left 70\n\n//0.1s: cells show, cell 1 down 166, cell 1 right 5, cell 2 down 166, cell 2 right 34, cell 3 down 166, cell 3 right 63, cell 4 down 195, cell 4 right 5, cell 5 down 195, cell 5 right 34, cell 6 down 195, cell 6 right 63, cell 7 down 195, cell 7 right 92, cell 8 down 224, cell 8 right 92\n\n\n\n\n0S: CELLS SHOW, CELL 1 DOWN 166, CELL 1 RIGHT 5, CELL 2 DOWN 166, CELL 2 RIGHT 34, CELL 3 DOWN 166, CELL 3 RIGHT 63, CELL 4 DOWN 195, CELL 4 RIGHT 5, CELL 5 DOWN 195, CELL 5 RIGHT 34, CELL 6 DOWN 195, CELL 6 RIGHT 63, CELL 7 DOWN 195, CELL 7 RIGHT 92, CELL 8 DOWN 224, CELL 8 RIGHT 92\n"}}