{"base":"DYNATHING","creator":"543b37adb70f844613e3dd8d","id":"596ebd2a18217d5013ce2288","name":"b1bd forest","prop":{"text":"//0S: CELLS HIDE, CELLS LEFT 80\n\n//0.1S: CELLS SHOW, CELL 1 DOWN 50, CELL 1 LEFT 29, CELL 2 DOWN 50, CELL 2 RIGHT 0, CELL 3 DOWN 50, CELL 3 RIGHT 29, CELL 4 DOWN 79, CELL 4 LEFT 29, CELL 5 DOWN 79, CELL 5 RIGHT 0, CELL 6 DOWN 79, CELL 6 RIGHT 29\n\n\n\n\n\n\n\n0s: cells show, cell 1 down 50, cell 1 left 29, cell 2 down 50, cell 2 right 0, cell 3 down 50, cell 3 right 29, cell 4 down 79, cell 4 left 29, cell 5 down 79, cell 5 right 0, cell 6 down 79, cell 6 right 29\n"}}