{"base":"DYNATHING","creator":"543b37adb70f844613e3dd8d","id":"596e5ba1af40129f14899592","name":"t2fd forest","prop":{"attr":[10],"text":"///////\n//0s: cells hide, cells left 50, cells up 50\n\n//0.1S: CELLS SHOW, CELL 1 DOWN 108, CELL 2 DOWN 137, CELL 2 LEFT 15, CELL 3 DOWN 137, CELL 3 RIGHT 14, CELL 4 DOWN 166, CELL 4 LEFT 15, CELL 5 DOWN 166, CELL 5 RIGHT 14\n\n\n0s: CELLS SHOW, CELL 1 DOWN 108, CELL 2 DOWN 137, CELL 2 LEFT 15, CELL 3 DOWN 137, CELL 3 RIGHT 14, CELL 4 DOWN 166, CELL 4 LEFT 15, CELL 5 DOWN 166, CELL 5 RIGHT 14\n\n\n\n"}}