{"base":"DYNATHING","creator":"543b37adb70f844613e3dd8d","id":"596e391d179b5e751327ed21","name":"b1blss","prop":{"text":"//0S: CELLS HIDE, CELLS LEFT 80\n\n//0.1S: CELLS SHOW, CELL 1 DOWN 80, CELL 1 LEFT 29, CELL 2 DOWN 80, CELL 2 RIGHT 0, CELL 3 DOWN 80, CELL 3 RIGHT 29, CELL 4 DOWN 109, CELL 4 LEFT 29, CELL 5 DOWN 109, CELL 5 RIGHT 0, CELL 6 DOWN 109, CELL 6 RIGHT 29, CELL 7 DOWN 80, CELL 7 RIGHT 58, CELL 8 DOWN 109, CELL 8 RIGHT 58\n\n\n\n\n\n\n\n\n\n0s: cells show, cell 1 down 80, cell 1 left 29, cell 2 down 80, cell 2 right 0, cell 3 down 80, cell 3 right 29, cell 4 down 109, cell 4 left 29, cell 5 down 109, cell 5 right 0, cell 6 down 109, cell 6 right 29, cell 7 down 80, cell 7 right 58, CELL 8 DOWN 109, cell 8 right 58\n\n"}}