{"base":"DYNATHING","creator":"543b37adb70f844613e3dd8d","id":"5a77ba2848a70b4113e2f350","name":"g1bdd","prop":{"attr":[1],"text":"0s: cells show, CELL 2 PIVOT 3 29, CELL 3 PIVOT 6 29, CELL 4 PIVOT 10 29, CELL 4 PIVOT 13 29, CELL 5 PIVOT 16 29, CELL 6 PIVOT 19 29, CELL 7 PIVOT 22 29, CELL 7 PIVOT 24 29, CELL 8 PIVOT 27 29, CELL 9 PIVOT 28 29\n\n0.1-0.3s: cell 2 rotate 5, cell 3 rotate -5, cell 4 rotate 5, cell 5 rotate -5, cell 6 rotate 5, cell 6 rotate -5, cell 7 rotate 5, cell 8 rotate -5, cell 9 rotate 5\n\n0.3-1S: CELL 2 ROTATE -10, CELL 3 ROTATE 10, CELL 4 ROTATE -10, CELL 5 ROTATE 10, CELL 6 ROTATE -10, CELL 6 ROTATE 10, CELL 7 ROTATE -10, CELL 8 ROTATE 10, CELL 9 ROTATE -10\n\n1-1.3S: CELL 2 ROTATE 5, CELL 3 ROTATE -5, CELL 4 ROTATE 5, CELL 5 ROTATE -5, CELL 6 ROTATE 5, CELL 6 ROTATE -5, CELL 7 ROTATE 5, CELL 8 ROTATE -5, CELL 9 ROTATE 5\n\n1.3s: restart\n"}}