{"base":"DYNATHING","creator":"543b37adb70f844613e3dd8d","id":"5a7e7e509b2f704813100e67","name":"big foot","prop":{"attr":[4],"text":"every hour\n0S: CELLS SHOW, CELL 2 DOWN 29, CELL 3 DOWN 54, CELL 3 LEFT 10, CELL 4 DOWN 54, CELL 4 LEFT 7, CELL 5 DOWN 29, CELL 6 DOWN 29, CELL 6 LEFT 3, CELL 3 PIVOT 15 0, CELL 4 PIVOT 15 0, CELL 5 PIVOT 15 0, CELL 6 PIVOT 15 0\n\n0-15S: CELLS LEFT 150\n\n0-1S: CELL 3 ROTATE 10, CELL 4 ROTATE -10, CELL 5 ROTATE 15, CELL 6 ROTATE -15, CELL 1 DOWN 3, CELL 2 DOWN 1\n1-3S: CELL 3 ROTATE -20, CELL 4 ROTATE 20, CELL 5 ROTATE -30, CELL 6 ROTATE 30, CELL 1 UP 3, CELL 2 UP 1\n3-5S: CELL 3 ROTATE 20, CELL 4 ROTATE -20, CELL 5 ROTATE 30, CELL 6 ROTATE -30, CELL 1 DOWN 3, CELL 2 DOWN 1\n5-7S: CELL 3 ROTATE -20, CELL 4 ROTATE 20, CELL 5 ROTATE -30, CELL 6 ROTATE 30, CELL 1 UP 3, CELL 2 UP 1\n7-9S: CELL 3 ROTATE 20, CELL 4 ROTATE -20, CELL 5 ROTATE 30, CELL 6 ROTATE -30, CELL 1 DOWN 3, CELL 2 DOWN 1\n9-11S: CELL 3 ROTATE -20, CELL 4 ROTATE 20, CELL 5 ROTATE -30, CELL 6 ROTATE 30, CELL 1 UP 3, CELL 2 UP 1\n11-13S: CELL 3 ROTATE 20, CELL 4 ROTATE -20, CELL 5 ROTATE 30, CELL 6 ROTATE -30, CELL 1 DOWN 3, CELL 2 DOWN 1\n13-15S: CELL 3 ROTATE -20, CELL 4 ROTATE 20, CELL 5 ROTATE -30, CELL 6 ROTATE 30, CELL 1 UP 3, CELL 2 UP 1\n\n\n\n\n"}}