{"base":"DYNATHING","creator":"543b37adb70f844613e3dd8d","id":"5a80c796ae86e3661374760c","name":"dead tree owl","prop":{"attr":[10],"text":"0s: cells show, cell 2 up 29, cell 3 up 58, cell 4 up 87, cell 4 left 4, cell 5 up 80, cell 5 right 15, cell 6 up 107, cell 6 right 24, cell 7 down 20, cell 7 right 6, cell 8 up 58\n\n5s: cell 8 hide\n5.3s: cell 8 show\n\n8S: CELL 8 HIDE\n8.3S: CELL 8 SHOW\n\n\nevery 5 minutes\n0S: CELLS SHOW, CELL 2 UP 29, CELL 3 UP 58, CELL 4 UP 87, CELL 4 LEFT 4, CELL 5 UP 80, CELL 5 RIGHT 15, CELL 6 UP 107, CELL 6 RIGHT 24, CELL 7 DOWN 20, CELL 7 RIGHT 6, CELL 8 UP 58, cell 8 hide\n\n"}}