{"base":"FARBACK","creator":"543b37adb70f844613e3dd8d","id":"5b1f122dbc46920f2c1fe26e","name":"f2d forest d1","prop":{"rgb":"41,6,0","attr":[8,6],"text":"0    0   CELL 1\n0    38  CELL 2\n0    76  CELL 3\n-19  114 CELL 4\n19   114 CELL 5\n-19  152 CELL 6\n19   152 CELL 7\n-19  190 CELL 8\n19   190 CELL 9\n\n\n//50   -100   CELL 1\n//50   -62  CELL 2\n//50   -24  CELL 3\n//31   14   CELL 4\n//69   14   CELL 5\n//31   52   CELL 6\n//69   52   CELL 7\n//31   90   CELL 8\n//69   90   CELL 9\n\n\n"}}