{"base":"DYNATHING","creator":"544a9e2b7d4159ac0356416e","id":"548a36b644db4fc118054605","name":"metroid","prop":{"attr":[9],"text":"0.0:CELL 1 SHOW, CELL 1 UP 35,  \n0-1S:CELL 1 UP 5,  \n0-1S:CELL 1 LEFT 2,  \n1S:CELLS HIDE, Cell 2 show, cell 2 up 40, cell 2 left 2,\n1-2S:CELL 2 DOWN 5, \n1-2S:CELL 2 RIGHT 2, \n2S:Cells hide, cell 1 show, cell 1 down 5, cell 1 right 2,\n2-3S:CELL 1 UP 5,  \n2-3S:CELL 1 RIGHT 2,\n3S:Cells HIDE, cell 2 show, cell 2 right 2, cell 2 up 5.\n3-4S:CELL 2 DOWN 5,  \n3-4S:CELL 2 LEFT 2, \n4S:RESTART\n\n"}}