{"base":"DYNATHING","creator":"544a9e2b7d4159ac0356416e","id":"5585ac41089625111272eabb","name":"skelletheadlowerhalf","prop":{"text":"0.0:cell 1 show, cell 2 show, cell 3 show, cell 4 show, cell 5 show, cell 6 show, cell 7 show, cell 8 show, Cell 1 up 29, cell 2 up 29, cell 2 right 29, cell 3 up 29, cell 3 right 58, cell 6 right 29, cell 7 right 58, cell 4 up 29, cell 4 right 87, cell 8 right 87, cell 1 down 1, cell 2 down 1, cell 3 down 1, cell 4 down 1, cell 5 down 1, cell 6 down 1, cell 7 down 1, cell 8 down 1,"}}