{"base":"DYNATHING","creator":"544a9e2b7d4159ac0356416e","id":"563560f40ec9bfe3548a4ab9","name":"heart","prop":{"attr":[5,3],"text":"0S: cells show, cell 1 up 58, cell 2 up 58, cell 1 left 29, cell 3 left 29, cell 5 left 29, cell 7 hide, cell 8 hide, cell 9 hide, cell 7 left 29, cell 7 up 29, cell 4 up 29, cell 9 left 29, cell 7 up 29, cell 5 down 29, cell 3 up 29, cell 5 up 29, cells right 15\n\n0.35S: cell 3 hide, cell 6 hide, cell 5 hide, cell 7 show, cell 8 show, cell 9 show, cells down 2, play sound\n0.7S: restart","clonedFrom":"56216b3d0a28f2113924bfa5"}}