{"base":"DYNATHING","creator":"544a9e2b7d4159ac0356416e","id":"56ae66221b503a760ff97d97","name":"nature-crystal","prop":{"text":"0S: CELL 1 SHOW, CELL 2 DOWN 26, CELL 3 DOWN 25, CELL 4 DOWN 11, CELL 4 SHOW, CELL 4 OPACITY 0, CELL 5 OPACITY 0\n0-1.5S: CELL 1 DOWN 10,\n1.5-1.7: CELL 1 DOWN 1\n1.7-3.4S: CELL 1 UP 10, CELL 4 OPACITY 1, CELL 4 UP 10\n3.4-3.6S: CELL 1 UP 1, CELL 4 OPACITY 0\n3.6S: CELL 4 DOWN 10\n\n3.6-5.1S: CELL 1 DOWN 10\n5.1-5.3S: CELL 1 DOWN 1\n5.3-7S: CELL 1 UP 10, CELL 4 OPACITY 1, CELL 4 UP 10\n7-7.2S: CELL 1 UP 1, CELL 4 OPACITY 0\n7.2S: CELL 4 DOWN 10\n\n\n0-0.1S: CELL 5 OPACITY 1\n0.1-0.2S: CELL 5 OPACITY 0\n0.2S: CELL 5 DOWN 11\n\n1.7-1.8S: CELL 5 OPACITY 1\n1.8S-1.9S: CELL 5 OPACITY 0\n1.9S: CELL 5 UP 11\n\n3.6-3.7S: CELL 5 OPACITY 1\n3.7-3.8S: CELL 5 OPACITY 0\n3.8S: CELL 5 DOWN 11\n\n5.3-5.4S: CELL 5 OPACITY 1\n5.4-5.5S: CELL 5 OPACITY 0\n5.5S: CELL 5 UP 11\n\n1S: CELL 2 SHOW\n1-1.3S: CELL 2 DOWN 29\n1.3S: CELL 2 HIDE, CELL 2 UP 29\n\n3S: CELL 3 SHOW\n3-3.3S: CELL 3 DOWN 29\n3.3S: CELL 3 HIDE, CELL 3 UP 29\n\n3.5S: CELL 2 SHOW\n3.5-3.8S: CELL 2 DOWN 29\n3.8S: CELL 2 HIDE, CELL 2 UP 29\n\n4.3S: CELL 3 SHOW\n4.3-4.6S: CELL 3 DOWN 29\n4.6S: CELL 3 HIDE, CELL 3 UP 29\n\n\n7.2S: RESTART"}}