{"base":"DYNATHING","creator":"544a9e2b7d4159ac0356416e","id":"56e46aea8c332e2113e8784c","name":"germany","prop":{"text":"0S: CELL 1 SHOW, CELL 2 SHOW, cells down 1\n0.1S: CELL 2 HIDE, CELL 3 SHOW\n0.3S: CELL 3 HIDE, CELL 4 SHOW\n0.5S: CELL 4 HIDE, CELL 5 SHOW\n0.6S: CELL 5 HIDE, CELL 9 SHOW\n\n0.7S: CELL 9 HIDE, CELL 6 SHOW\n0.8S: CELL 6 HIDE, CELL 7 SHOW\n\n1S: cell 7 hide, cell 6 show\n1.2S: cell 6 hide, cell 5 show\n1.3S: cell 5 hide, cell 6 show\n1.4S: cell 6 hide, cell 7 show\n\n1.5S: CELL 7 HIDE, CELL 8 SHOW\n\n\n1.6S: CELL 8 HIDE, CELL 2 SHOW\n\n\n\n\n1.7S: RESTART\n"}}