{"base":"DYNATHING","creator":"544a9e2b7d4159ac0356416e","id":"56f07fa8f5134c3013e7a989","name":"nature-crystal","prop":{"text":"0S: CELL 3 OPACITY 0, cell 2 show, cell 4 show\n0-1.5S: CELL 1 DOWN 5,\n1.5-1.7: CELL 1 DOWN 1\n1.7-3.4S: CELL 1 UP 5\n3.4-3.6S: CELL 1 UP 1\n\n\n3.6-5.1S: CELL 1 DOWN 5\n5.1-5.3S: CELL 1 DOWN 1\n5.3-7S: CELL 1 UP 5\n7-7.2S: CELL 1 UP 1 \n\n\n\n0-0.1S: CELL 3 OPACITY 1\n0.1-0.2S: CELL 3 OPACITY 0\n\n1.7-1.8S: CELL 3 OPACITY 1\n1.8S-1.9S: CELL 3 OPACITY 0\n\n3.6-3.7S: CELL 3 OPACITY 1\n3.7-3.8S: CELL 3 OPACITY 0\n\n5.3-5.4S: CELL 3 OPACITY 1\n5.4-5.5S: CELL 3 OPACITY 0\n\n7.2S: RESTART"}}