{"base":"DYNATHING","creator":"544a9e2b7d4159ac0356416e","id":"570003816312aa7b0f3b0e67","name":"shrunk fire red","prop":{"attr":[5],"text":"0s: cell 1 show, cell 6 show,\n0s-0.6s: cell 7 show\n0-0.075s: cell 1 hide, cell 2 show, CELL 1 ROTATE 4, CELL 3 ROTATE 4\n0.075-0.15s: cell 2 hide, cell 3 show\n0.15-0.225S: CELL 3 HIDE, CELL 4 SHOW, CELL 5 ROTATE 4\n0.225-0.3S: CELL 4 HIDE, CELL 5 SHOW\n0.3: cell 1 flip horizontal, CELL 2 FLIP HORIZONTAL, CELL 3 FLIP HORIZONTAL, CELL 4 FLIP HORIZONTAL, CELL 4 ROTATE 4\n0.3-0.375s: cell 5 hide, cell 2 show,CELL 2 ROTATE -8 \n0.375-0.45s: cell 2 hide, cell 4 show, CELL 2 ROTATE 4,CELL 4 ROTATE -8 \n0.45-0.525s: cell 4 hide, cell 1 show,CELL 1 ROTATE -8,CELL 3 ROTATE -8 \n0.525-0.6s: cell 1 hide, cell 3 show\n0.6: cell 5 flip horizontal, cell 4 flip horizontal, cell 2 flip horizontal, cell 1 flip horizontal\n \n0.6-0.675s: cell 3 hide, cell 1 show,CELL 5 ROTATE -8, CELL 1 ROTATE 4\n0.6s-1.25s: cell 7 hide\n0.675: cell 3 flip horizontal, CELL 3 ROTATE 4\n0.675-0.75s: cell 1 hide, cell 5 show\n0.75-0.825s: cell 5 hide, cell 3 show\n0.825-0.9s: cell 3 hide, cell 2 show, CELL 2 ROTATE 4\n\n0.9s: CELL 1 FLIP HORIZONTAL, CELL 3 FLIP HORIZONTAL, CELL 4 FLIP HORIZONTAL, CELL 5 FLIP HORIZONTAL, \n0.9-0.975s: cell 2 hide, cell 5 show, CELL 5 ROTATE 4\n0.975-1.05s: cell 5 hide, cell 4 show, CELL 4 ROTATE 4\n0.975: cell 2 flip horizontal\n0.05-1.125s: cell 4 hide, cell 1 show\n1.125: restart\n\n\n\n\n","clonedFrom":"54f74fda2ede664c675b39e1","changerId":"55018c6bfe6750b40b58aa6f"}}