{"base":"DYNATHING","creator":"544a9e2b7d4159ac0356416e","id":"5700021890f1ab1a13d22430","name":"shrunk flesh eating plant","prop":{"attr":[1],"text":"0.0:cell 1 show, cell 2 show, cell 3 show, cell 1 up 12, cell 1 left 15, cell 2 up 12, cell 1 z-index 3, cell 2 z-index 1, cell 3 z-index 2, cell 2 left 0, cell 2 pivot 4 22,\n0.1S:cell 1 hide, cell 4 show, cell 4 left 15, cell 4 up 12, play sound,\n0.1-0.2S:cell 4 rotate -10, cell 4 down 10, cell 2 left 3, cell 2 down 10, cell 2 rotate -90\n0.3S: cell 4 hide, cell 1 show, cell 1 down 10, cell 1 rotate -10,\n1S: restart\n","clonedFrom":"548c958e6a6b9add1033bf63","changerId":"55018c6bfe6750b40b58aa6f","soundId":"53ce452240a04aa71084b459"}}