{"iix":["56f8784b8ee78e1b1393bd75","56fff9421874092d13c8d250","56fff8111d90fa23132a9f77","570007f5b623b57e0f86e3e9","570009ede89b6d2d13845e1e"],"ps":[[0,7,0,0,0,0],[4,16,1,0,0,0],[4,8,2,0,0,0],[1,16,3,0,0,0],[6,17,4,0,0,0],[5,17,4,0,0,0],[0,17,4,0,0,0],[1,17,4,0,0,0],[2,17,4,0,0,0],[3,17,4,0,0,0],[4,17,4,0,0,0]],"v":79,"x":5,"y":0,"i":{"b":["LIGHT","DYNATHING","DYNATHING","DYNATHING","SOLID"],"p":[{"rgb":"40,39,23"},{"attr":[5,3,12],"text":"0S: CELL 1 SHOW,CELL 2 SHOW,CELL 3 SHOW,CELL 4 SHOW,CELL 5 SHOW,CELL 6 SHOW,CELL 2 UP 51,CELL 4 UP 26,CELL 3 down 0,CELL 3 LEFT 6,CELL 1 UP 28,CELL 5 UP 0,CELL 5 LEFT 2,CELL 6 UP 27,CELL 2 PIVOT 17 26,CELL 1 PIVOT 14 2,CELL 3 PIVOT 14 2,CELL 5 PIVOT 14 2,CELL 6 PIVOT 14 2,CELL 1 ROTATE 11,CELL 1 RIGHT 0,CELL 7 UP 51, cell 6 right 10, cell 1 left 13, cell 2 down 4, cell 2 z-index 5, cell, cell 1 rotate -20, cell 6 rotate 10, cell 3 z-index 1, CELL 7 DOWN 4\n2-2.2S: CELL 7 SHOW, \n2.3S: CELL 7 HIDE\n10S: RESTART\n\nMOVE\n0S: CELL 1 SHOW,CELL 2 SHOW,CELL 3 SHOW,CELL 4 SHOW,CELL 5 SHOW,CELL 6 SHOW,CELL 2 UP 51,CELL 4 UP 26,CELL 3 DOWN 0,CELL 3 LEFT 6,CELL 1 UP 28,CELL 5 UP 0,CELL 5 LEFT 2,CELL 6 UP 27,CELL 2 PIVOT 17 26,CELL 1 PIVOT 14 2,CELL 3 PIVOT 14 2,CELL 5 PIVOT 14 2,CELL 6 PIVOT 14 2,CELL 1 ROTATE 11,CELL 1 RIGHT 0,CELL 7 UP 51, CELL 6 RIGHT 10, CELL 1 LEFT 13, CELL 2 DOWN 4, CELL 2 Z-INDEX 5, CELL, CELL 1 ROTATE -20, CELL 6 ROTATE 10, CELL 3 Z-INDEX 1,\n0-0.2: CELL 3 ROTATE 30,CELL 5 ROTATE -50,CELL 4 DOWN 3,CELL 2 DOWN 4,CELL 1 DOWN 3,CELL 6 DOWN 3, CELL 6 ROTATE 40,CELL 1 ROTATE -20,CELL 2 LEFT 1\n0.2-0.4: CELL 3 ROTATE -50,CELL 5 ROTATE 70,CELL 4 UP 3,CELL 2 UP 4,CELL 1 UP 3,CELL 6 UP 3,CELL 6 ROTATE -40,CELL 1 ROTATE 20,CELL 2 RIGHT 1\n0.41: RESTART\n\nRISE\n0S: CELL 1 SHOW,CELL 2 SHOW,CELL 3 SHOW,CELL 4 SHOW,CELL 5 SHOW,CELL 6 SHOW,CELL 2 UP 51,CELL 4 UP 26,CELL 3 DOWN 0,CELL 3 LEFT 6,CELL 1 UP 28,CELL 5 UP 0,CELL 5 LEFT 2,CELL 6 UP 27,CELL 2 PIVOT 17 26,CELL 1 PIVOT 14 2,CELL 3 PIVOT 14 2,CELL 5 PIVOT 14 2,CELL 6 PIVOT 14 2,CELL 1 ROTATE 11,CELL 1 RIGHT 0,CELL 7 UP 51, CELL 6 RIGHT 10, CELL 1 LEFT 13, CELL 2 DOWN 4, CELL 2 Z-INDEX 5, CELL, CELL 1 ROTATE -20, CELL 6 ROTATE 10, CELL 3 Z-INDEX 1,\n0-.2: CELL 3 ROTATE 90,CELL 5 ROTATE -90\n\nFALL\n0S: CELL 1 SHOW,CELL 2 SHOW,CELL 3 SHOW,CELL 4 SHOW,CELL 5 SHOW,CELL 6 SHOW,CELL 2 UP 51,CELL 4 UP 26,CELL 3 DOWN 0,CELL 3 LEFT 6,CELL 1 UP 28,CELL 5 UP 0,CELL 5 LEFT 2,CELL 6 UP 27,CELL 2 PIVOT 17 26,CELL 1 PIVOT 14 2,CELL 3 PIVOT 14 2,CELL 5 PIVOT 14 2,CELL 6 PIVOT 14 2,CELL 1 ROTATE 11,CELL 1 RIGHT 0,CELL 7 UP 51, CELL 6 RIGHT 10, CELL 1 LEFT 13, CELL 2 DOWN 4, CELL 2 Z-INDEX 5, CELL, CELL 1 ROTATE -20, CELL 6 ROTATE 10, CELL 3 Z-INDEX 1,\n0-.2: CELL 1 ROTATE 50,CELL 6 ROTATE -50\n\nSIT\n0S: CELL 1 SHOW,CELL 2 SHOW,CELL 3 SHOW,CELL 4 SHOW,CELL 5 SHOW,CELL 6 SHOW,CELL 2 UP 31,CELL 4 UP 11,CELL 3 DOWN 10,CELL 3 LEFT 6,CELL 1 UP 13,CELL 1 LEFT 6,CELL 5 DOWN 12,CELL 5 LEFT 2,CELL 6 UP 9,CELL 2 PIVOT 17 26,CELL 1 PIVOT 14 2,CELL 3 PIVOT 14 2,CELL 5 PIVOT 14 2,CELL 6 PIVOT 14 2,CELL 6 ROTATE -20,CELL 6 right 3,CELL 5 ROTATE 60,CELL 3 ROTATE 60,CELL 7 UP 31, cell 1 left 8,\n2-2.2S: CELL 7 SHOW\n2.3S: CELL 7 HIDE\n10S: RESTART\n\nACTION\n0S: CELL 1 SHOW,CELL 2 SHOW,CELL 3 SHOW,CELL 4 SHOW,CELL 5 SHOW,CELL 6 SHOW,CELL 2 UP 51,CELL 4 UP 26,CELL 3 DOWN 0,CELL 3 LEFT 6,CELL 1 UP 28,CELL 5 UP 0,CELL 5 LEFT 2,CELL 6 UP 27,CELL 2 PIVOT 17 26,CELL 1 PIVOT 14 2,CELL 3 PIVOT 14 2,CELL 5 PIVOT 14 2,CELL 6 PIVOT 14 2,CELL 1 ROTATE 11,CELL 1 RIGHT 0,CELL 7 UP 51, CELL 6 RIGHT 10, CELL 1 LEFT 13, CELL 2 DOWN 4, CELL 2 Z-INDEX 5, CELL, CELL 1 ROTATE -20, CELL 6 ROTATE 10, CELL 3 Z-INDEX 1,\n0-0.1S: CELL 6 ROTATE 20, CELL 1 ROTATE 65, CELL 5 ROTATE -5, cell 1 right 4, cell 9 up 29, cell 9 left 29, cell 5 right 1, cell 5 down 1\n0.5-0.55S: CELL 1 RIGHT 3, CELL 9 SHOW\n0.55-1S: CELL 9 LEFT 500\n1.1-1.2S: CELL 1 LEFT 3\n1.2-1.3S: CELL 1 ROTATE -65, CELL 6 ROTATE -20, CELL 5 ROTATE 5, CELL 5 left 1, CELL 5 up 1, cell 1 left 4,\n1.3S: RESTART","clonedFrom":"56f862f5712a1b2813368fb6","changerId":"55018c6bfe6750b40b58aa6f"},{"attr":[10,3,5],"text":"0s: cells show, cell 1 left 37, cell 1 up 29, cell 2 left 29, cell 4 right 29, cell 5 up 29, cell 5 right 10, cell 6 left 19, cell 6 up 48, cell 7 up 58, cell 8 down 23, cell 7 right 6, cell 8 right 10, cell 9 up 33, cell 9 right 33\n","clonedFrom":"56f2fb4d255bd02913a14724","changerId":"55018c6bfe6750b40b58aa6f"},{"attr":[5,3],"text":"0S: cells show, cell 1 up 36, cell 2 up 39, cell 1 left 29, cell 3 left 29, cell 5 left 29, cell 7 hide, cell 8 hide, cell 9 hide, cell 7 left 29, cell 7 up 29, cell 4 up 10, cell 9 left 29, cell 7 up 9, cell 5 down 00, cell 3 up 9, cells right 15, cell 5 up 2, cell 6 up 2, cell 8 up 2, cell 9 up 2,\n0.35S: cell 3 hide, cell 6 hide, cell 5 hide, cell 7 show, cell 8 show, cell 9 show, cells down 2, play sound\n0.7S: restart","clonedFrom":"563560f40ec9bfe3548a4ab9","changerId":"55018c6bfe6750b40b58aa6f"}],"n":["light","shrunk big samus wip","shrunk gecko","heart","brick"],"dr":[0,0,0,0,0]}}