{"x":-3,"y":0,"ps":[[27,1,0,0,0,0],[28,1,1,0,0,0],[30,1,1,0,0,0],[31,1,1,0,0,0],[29,1,1,0,0,0],[30,17,2,0,0,0],[31,17,2,0,0,0],[30,18,3,0,0,0],[31,18,3,0,0,0],[30,19,4,0,0,0],[31,19,4,0,0,0],[30,20,4,0,0,0],[30,22,4,0,0,0],[31,20,4,0,0,0],[30,21,4,0,0,0],[31,21,4,0,0,0],[31,22,4,0,0,0],[20,11,0,0,0,0],[21,11,1,0,0,0],[22,11,1,0,0,0],[31,11,1,0,0,0],[23,11,1,0,0,0],[24,11,1,0,0,0],[25,11,1,0,0,0],[26,11,1,0,0,0],[27,11,1,0,0,0],[28,11,1,0,0,0],[29,11,1,0,0,0],[30,11,1,0,0,0],[22,10,5,0,0,0],[20,6,6,0,0,0],[21,6,6,0,0,0],[21,4,7,0,0,0],[23,4,7,0,1,0],[23,6,6,0,1,0],[24,6,6,0,1,0],[22,6,6,0,1,0],[28,10,5,0,0,0],[27,6,8,0,0,0],[27,5,9,0,0,0]],"v":54,"iix":["5585e3df67eea304157c7159","5585e3ca065c878616a03952","548a14937356fdc620c0da10","548a12fe45def3d416a431ba","54f60bfb8b93385b54382c2b","56ab790aae239c7a10ae7b47","56ab8794723c977a0f91e068","56ab870fff4e5cfd765afa62","56ab83cc0156b77a0f8e9e59","56ab85fea70f5219139f1014"],"i":{"b":["SOLID","SOLID","SOLID","SOLID","SOLID","DYNATHING","DECOBIG","DECOBIG","DYNATHING","DYNATHING"],"p":[null,null,null,null,null,{"attr":[4],"text":"0.0:CELL 1 SHOW,CELL 1 LEFT 29,CELL 2 SHOW,CELL 3 SHOW,CELL 3 RIGHT 29, cell 4 show, cell 4 up 29, cell 5 show, cell 5 up 58, cell 6 show, cell 6 up 72, cell 6 right 29, cell 7 left 29, cell 7 up 83, cell 7 show, cell 8 show, cell 8 up 87\n"},null,null,{"attr":[4],"text":"0.0:CELL 1 SHOW,CELL 1 LEFT 29, cell 2 show, cell 3 show, cell 3  right 20, cell 1 up 5, cell 2 up 15, cell 3 up 15, cell 2 left 5, cell 4 show, cell 4 right 64, cell 4 up 16, cell 5 show, cell 5 right 64, cell 5 up 6, cell 6 show, cell 6 up 20, cell 6 right 36, cell 8 show, cell 7 show, cell 8 right 40, cell 7 right 11"},{"attr":[4],"text":"0.0:CELL 1 SHOW,CELL 1 LEFT 29, cell 2 show, cell 3 show, cell 3  right 20, cell 1 up 5, cell 2 up 15, cell 3 up 15, cell 2 left 5, cell 4 show, cell 4 right 64, cell 4 up 16, cell 5 show, cell 5 right 64, cell 5 up 6, cell 6 show, cell 6 up 20, cell 6 right 36, cell 8 show, cell 7 show, cell 8 right 40, cell 7 right 11"}],"n":["stone edge","stone mid","wood wall","floor","behindwhite","aloheetree","top2aloheetree","top2aloheetree","top1aloheetree","top1aloheetree"],"dr":[0,0,0,0,0,0,0,0,0,0]}}