{"x":-2,"y":-1,"ps":[[26,28,0,0,0,0],[31,28,1,0,0,0],[18,30,2,0,0,0],[15,30,3,0,0,0],[12,30,4,0,0,0],[9,30,2,0,1,0],[17,24,5,0,0,0],[2,29,6,0,0,0]],"v":21,"iix":["55886f200c7b7c441d0a1f98","55886f5e9b4f89950c977e4a","56e43edc2fb9480c1301eb30","56e43eb403169c1813251e14","56e43e56f621501d137d1d1d","54f60d038b93385b54382c3a","56b510ce3540855672f15373"],"i":{"b":["DYNATHING","DYNATHING","DECOVBIG","DECOVBIG","DECOVBIG","FILLLIGHT","DYNATHING"],"p":[{"text":"0s: cells show, cell 1 left 29, cell 1 up 29, cell 2 up 29, cell 3 right 29, cell 3 up 29, cell 4 left 14, cell 5 right 15, "},{"text":"0s: cells show, cell 1 left 29, cell 1 up 29, cell 2 up 29, cell 3 right 29, cell 3 up 29, cell 4 left 14, cell 5 right 15, "},null,null,null,{"rgb":"66,66,66"},{"text":"0S: Cells show, cell 1 left 29, cell 3 right 29, cell 4 down 28, cell 4 left 10, cell 5 down 57, cell 5 left 10, cell 1 down 5, cell 2 down 5, cell 3 down 5"}],"n":["evil spirit","evil spirit","japanese pagode","japanese pagode mid","japanese pagode mid","grey","shroom"],"dr":[0,0,0,0,0,0,0]}}