{"isCreator":false,"contents":[{"_id":"555af3b2de92a7ee255584cf","itemId":"555a3a80baf36ec042b7d980","flip":0,"rot":0,"z":0,"y":1,"x":133,"pageNo":0},{"_id":"555af3b2de92a7ee255584d0","itemId":"555a3a80baf36ec042b7d980","flip":0,"rot":0,"z":1,"y":0,"x":114,"pageNo":0},{"_id":"555af3b2de92a7ee255584d1","itemId":"555a3a80baf36ec042b7d980","flip":0,"rot":0,"z":2,"y":-1,"x":97,"pageNo":0},{"_id":"555af3b2de92a7ee255584d2","itemId":"555a3a80baf36ec042b7d980","flip":0,"rot":0,"z":3,"y":19,"x":131,"pageNo":0},{"_id":"555af3b2de92a7ee255584d3","itemId":"555a3a80baf36ec042b7d980","flip":0,"rot":0,"z":4,"y":20,"x":114,"pageNo":0},{"_id":"555af3b2de92a7ee255584d4","itemId":"555a3a80baf36ec042b7d980","flip":0,"rot":0,"z":5,"y":15,"x":94,"pageNo":0},{"_id":"555af3b2de92a7ee255584d5","itemId":"555a3a80baf36ec042b7d980","flip":0,"rot":0,"z":6,"y":21,"x":78,"pageNo":0},{"_id":"555af3b2de92a7ee255584d6","itemId":"555a3a80baf36ec042b7d980","flip":0,"rot":0,"z":7,"y":0,"x":77,"pageNo":0},{"_id":"555af3b2de92a7ee255584d7","itemId":"555a3a80baf36ec042b7d980","flip":0,"rot":0,"z":8,"y":2,"x":55,"pageNo":0},{"_id":"555af3b2de92a7ee255584d8","itemId":"555a3a80baf36ec042b7d980","flip":0,"rot":0,"z":9,"y":0,"x":36,"pageNo":0},{"_id":"555af3b2de92a7ee255584d9","itemId":"555a3a80baf36ec042b7d980","flip":0,"rot":0,"z":10,"y":2,"x":19,"pageNo":0},{"_id":"555af3b2de92a7ee255584da","itemId":"555a3a80baf36ec042b7d980","flip":0,"rot":0,"z":11,"y":0,"x":4,"pageNo":0},{"_id":"555af3b2de92a7ee255584db","itemId":"555a3a80baf36ec042b7d980","flip":0,"rot":0,"z":12,"y":20,"x":56,"pageNo":0},{"_id":"555af3b2de92a7ee255584dc","itemId":"555a3a80baf36ec042b7d980","flip":0,"rot":0,"z":13,"y":17,"x":40,"pageNo":0},{"_id":"555af3b2de92a7ee255584dd","itemId":"555a3a80baf36ec042b7d980","flip":0,"rot":0,"z":14,"y":18,"x":19,"pageNo":0},{"_id":"555af3b2de92a7ee255584de","itemId":"555a3a80baf36ec042b7d980","flip":0,"rot":0,"z":15,"y":21,"x":0,"pageNo":0},{"_id":"555af3b2de92a7ee255584df","itemId":"555a967dbaf36ec042b7e1d5","flip":0,"rot":0,"z":16,"y":10,"x":124,"pageNo":0},{"_id":"555af3b2de92a7ee255584e0","itemId":"555a3b08cb9260de53a1dc2a","flip":0,"rot":0,"z":17,"y":10,"x":66,"pageNo":0},{"_id":"555af3b2de92a7ee255584e1","itemId":"555a3b08cb9260de53a1dc2a","flip":0,"rot":0,"z":18,"y":10,"x":50,"pageNo":0},{"_id":"555af3b2de92a7ee255584e2","itemId":"555a3d444fa6b8f42542a9d7","flip":0,"rot":0,"z":19,"y":10,"x":10,"pageNo":0},{"_id":"555af3b2de92a7ee255584e3","itemId":"555a3b08cb9260de53a1dc2a","flip":0,"rot":0,"z":20,"y":10,"x":29,"pageNo":0},{"_id":"555af3b2de92a7ee255584e4","itemId":"555a3d444fa6b8f42542a9d7","flip":0,"rot":2,"z":21,"y":10,"x":86,"pageNo":0},{"_id":"555af3b2de92a7ee255584e5","itemId":"555a98b49d354be05382ab8a","flip":0,"rot":0,"z":22,"y":10,"x":48,"pageNo":0},{"_id":"555af3b2de92a7ee255584e6","itemId":"555a541b3ff9a813080a0475","flip":0,"rot":0,"z":23,"y":48,"x":6,"pageNo":0},{"_id":"555af3b2de92a7ee255584e7","itemId":"555a541b3ff9a813080a0475","flip":0,"rot":0,"z":24,"y":76,"x":10,"pageNo":0},{"_id":"555af3b2de92a7ee255584e8","itemId":"555a541b3ff9a813080a0475","flip":0,"rot":0,"z":25,"y":105,"x":10,"pageNo":0},{"_id":"555af3b2de92a7ee255584e9","itemId":"555a3d444fa6b8f42542a9d7","flip":0,"rot":0,"z":26,"y":47,"x":35,"pageNo":0},{"_id":"555af3b2de92a7ee255584ea","itemId":"555a3b08cb9260de53a1dc2a","flip":0,"rot":0,"z":27,"y":51,"x":59,"pageNo":0},{"_id":"555af3b2de92a7ee255584eb","itemId":"555a3b08cb9260de53a1dc2a","flip":0,"rot":0,"z":28,"y":50,"x":76,"pageNo":0},{"_id":"555af3b2de92a7ee255584ec","itemId":"555a3b08cb9260de53a1dc2a","flip":0,"rot":0,"z":29,"y":48,"x":93,"pageNo":0},{"_id":"555af3b2de92a7ee255584ed","itemId":"555a3d444fa6b8f42542a9d7","flip":0,"rot":2,"z":30,"y":47,"x":119,"pageNo":0},{"_id":"555af3b2de92a7ee255584ee","itemId":"555a3b08cb9260de53a1dc2a","flip":0,"rot":0,"z":31,"y":47,"x":110,"pageNo":0},{"_id":"555af3b2de92a7ee255584ef","itemId":"555a3d444fa6b8f42542a9d7","flip":0,"rot":0,"z":32,"y":78,"x":37,"pageNo":0},{"_id":"555af3b2de92a7ee255584f0","itemId":"555a3d444fa6b8f42542a9d7","flip":0,"rot":0,"z":33,"y":103,"x":37,"pageNo":0},{"_id":"555af3b2de92a7ee255584f1","itemId":"555a3d444fa6b8f42542a9d7","flip":0,"rot":2,"z":34,"y":77,"x":123,"pageNo":0},{"_id":"555af3b2de92a7ee255584f2","itemId":"555a3d444fa6b8f42542a9d7","flip":0,"rot":2,"z":35,"y":104,"x":121,"pageNo":0},{"_id":"555af3b2de92a7ee255584f3","itemId":"555a3b08cb9260de53a1dc2a","flip":0,"rot":0,"z":36,"y":75,"x":104,"pageNo":0},{"_id":"555af3b2de92a7ee255584f4","itemId":"555a3b08cb9260de53a1dc2a","flip":0,"rot":0,"z":37,"y":76,"x":83,"pageNo":0},{"_id":"555af3b2de92a7ee255584f5","itemId":"555a3b08cb9260de53a1dc2a","flip":0,"rot":0,"z":38,"y":75,"x":58,"pageNo":0},{"_id":"555af3b2de92a7ee255584f6","itemId":"555a3b08cb9260de53a1dc2a","flip":0,"rot":0,"z":39,"y":77,"x":75,"pageNo":0},{"_id":"555af3b2de92a7ee255584f7","itemId":"555a3b08cb9260de53a1dc2a","flip":0,"rot":0,"z":40,"y":104,"x":59,"pageNo":0},{"_id":"555af3b2de92a7ee255584f8","itemId":"555a3b08cb9260de53a1dc2a","flip":0,"rot":0,"z":41,"y":105,"x":74,"pageNo":0},{"_id":"555af3b2de92a7ee255584f9","itemId":"555a3b08cb9260de53a1dc2a","flip":0,"rot":0,"z":42,"y":107,"x":95,"pageNo":0},{"_id":"555af3b2de92a7ee255584fa","itemId":"555a3b08cb9260de53a1dc2a","flip":0,"rot":0,"z":43,"y":106,"x":108,"pageNo":0},{"_id":"555af3b2de92a7ee255584fb","itemId":"555a763908de74c2421323ca","flip":0,"rot":0,"z":44,"y":105,"x":6,"pageNo":0},{"_id":"555af3b2de92a7ee255584fc","itemId":"555ac67fbaf36ec042b7e4de","flip":0,"rot":0,"z":45,"y":105,"x":86,"pageNo":0},{"_id":"555af3b2de92a7ee255584fd","itemId":"555adc28cbb647f025e7db7f","flip":0,"rot":0,"z":46,"y":75,"x":8,"pageNo":0},{"_id":"555af3b2de92a7ee255584fe","itemId":"555af3a58b0eee170833ccea","flip":0,"rot":0,"z":47,"y":47,"x":9,"pageNo":0}]}