{"isCreator":false,"contents":[{"_id":"555ad7758b0eee170833cc8c","itemId":"555a3a80baf36ec042b7d980","flip":0,"rot":0,"z":0,"y":-1,"x":1,"pageNo":0},{"_id":"555ad7758b0eee170833cc8d","itemId":"555a3a80baf36ec042b7d980","flip":0,"rot":0,"z":1,"y":17,"x":2,"pageNo":0},{"_id":"555ad7758b0eee170833cc8e","itemId":"555a3a80baf36ec042b7d980","flip":0,"rot":0,"z":2,"y":3,"x":21,"pageNo":0},{"_id":"555ad7758b0eee170833cc8f","itemId":"555a3a80baf36ec042b7d980","flip":0,"rot":0,"z":3,"y":2,"x":41,"pageNo":0},{"_id":"555ad7758b0eee170833cc90","itemId":"555a3a80baf36ec042b7d980","flip":0,"rot":0,"z":4,"y":-1,"x":59,"pageNo":0},{"_id":"555ad7758b0eee170833cc91","itemId":"555a3a80baf36ec042b7d980","flip":0,"rot":0,"z":5,"y":3,"x":80,"pageNo":0},{"_id":"555ad7758b0eee170833cc92","itemId":"555a3a80baf36ec042b7d980","flip":0,"rot":0,"z":6,"y":1,"x":97,"pageNo":0},{"_id":"555ad7758b0eee170833cc93","itemId":"555a3a80baf36ec042b7d980","flip":0,"rot":0,"z":7,"y":1,"x":111,"pageNo":0},{"_id":"555ad7758b0eee170833cc94","itemId":"555a3a80baf36ec042b7d980","flip":0,"rot":0,"z":8,"y":1,"x":131,"pageNo":0},{"_id":"555ad7758b0eee170833cc95","itemId":"555a3a80baf36ec042b7d980","flip":0,"rot":0,"z":9,"y":18,"x":23,"pageNo":0},{"_id":"555ad7758b0eee170833cc96","itemId":"555a3a80baf36ec042b7d980","flip":0,"rot":0,"z":10,"y":23,"x":38,"pageNo":0},{"_id":"555ad7758b0eee170833cc97","itemId":"555a3a80baf36ec042b7d980","flip":0,"rot":0,"z":11,"y":18,"x":57,"pageNo":0},{"_id":"555ad7758b0eee170833cc98","itemId":"555a3a80baf36ec042b7d980","flip":0,"rot":0,"z":12,"y":20,"x":79,"pageNo":0},{"_id":"555ad7758b0eee170833cc99","itemId":"555a3a80baf36ec042b7d980","flip":0,"rot":0,"z":13,"y":15,"x":92,"pageNo":0},{"_id":"555ad7758b0eee170833cc9a","itemId":"555a3a80baf36ec042b7d980","flip":0,"rot":0,"z":14,"y":22,"x":113,"pageNo":0},{"_id":"555ad7758b0eee170833cc9b","itemId":"555a3a80baf36ec042b7d980","flip":0,"rot":0,"z":15,"y":20,"x":134,"pageNo":0},{"_id":"555ad7758b0eee170833cc9c","itemId":"555a5e2f3ff9a813080a061e","flip":0,"rot":0,"z":16,"y":10,"x":124,"pageNo":0},{"_id":"555ad7758b0eee170833cc9d","itemId":"555a3b08cb9260de53a1dc2a","flip":0,"rot":0,"z":17,"y":12,"x":34,"pageNo":0},{"_id":"555ad7758b0eee170833cc9e","itemId":"555a3d444fa6b8f42542a9d7","flip":0,"rot":0,"z":18,"y":10,"x":19,"pageNo":0},{"_id":"555ad7758b0eee170833cc9f","itemId":"555a3d444fa6b8f42542a9d7","flip":0,"rot":2,"z":19,"y":12,"x":79,"pageNo":0},{"_id":"555ad7758b0eee170833cca0","itemId":"555a3b08cb9260de53a1dc2a","flip":0,"rot":0,"z":20,"y":10,"x":60,"pageNo":0},{"_id":"555ad7758b0eee170833cca1","itemId":"555a541b3ff9a813080a0475","flip":0,"rot":0,"z":21,"y":48,"x":10,"pageNo":0},{"_id":"555ad7758b0eee170833cca2","itemId":"555a541b3ff9a813080a0475","flip":0,"rot":0,"z":22,"y":79,"x":8,"pageNo":0},{"_id":"555ad7758b0eee170833cca3","itemId":"555a541b3ff9a813080a0475","flip":0,"rot":0,"z":23,"y":109,"x":9,"pageNo":0},{"_id":"555ad7758b0eee170833cca4","itemId":"555a3d444fa6b8f42542a9d7","flip":0,"rot":0,"z":24,"y":48,"x":38,"pageNo":0},{"_id":"555ad7758b0eee170833cca5","itemId":"555a3b08cb9260de53a1dc2a","flip":0,"rot":0,"z":25,"y":48,"x":59,"pageNo":0},{"_id":"555ad7758b0eee170833cca6","itemId":"555a3b08cb9260de53a1dc2a","flip":0,"rot":0,"z":26,"y":46,"x":73,"pageNo":0},{"_id":"555ad7758b0eee170833cca7","itemId":"555a3b08cb9260de53a1dc2a","flip":0,"rot":0,"z":27,"y":50,"x":98,"pageNo":0},{"_id":"555ad7758b0eee170833cca8","itemId":"555a3d444fa6b8f42542a9d7","flip":0,"rot":2,"z":28,"y":45,"x":125,"pageNo":0},{"_id":"555ad7758b0eee170833cca9","itemId":"555a3b08cb9260de53a1dc2a","flip":0,"rot":0,"z":29,"y":45,"x":109,"pageNo":0},{"_id":"555ad7758b0eee170833ccaa","itemId":"555a3d444fa6b8f42542a9d7","flip":0,"rot":0,"z":30,"y":80,"x":37,"pageNo":0},{"_id":"555ad7758b0eee170833ccab","itemId":"555a3b08cb9260de53a1dc2a","flip":0,"rot":0,"z":31,"y":76,"x":114,"pageNo":0},{"_id":"555ad7758b0eee170833ccac","itemId":"555a3b08cb9260de53a1dc2a","flip":0,"rot":0,"z":32,"y":76,"x":57,"pageNo":0},{"_id":"555ad7758b0eee170833ccad","itemId":"555a3b08cb9260de53a1dc2a","flip":0,"rot":0,"z":33,"y":80,"x":78,"pageNo":0},{"_id":"555ad7758b0eee170833ccae","itemId":"555a3b08cb9260de53a1dc2a","flip":0,"rot":0,"z":34,"y":78,"x":95,"pageNo":0},{"_id":"555ad7758b0eee170833ccaf","itemId":"555a3d444fa6b8f42542a9d7","flip":0,"rot":2,"z":35,"y":76,"x":127,"pageNo":0},{"_id":"555ad7758b0eee170833ccb0","itemId":"555a3d444fa6b8f42542a9d7","flip":0,"rot":0,"z":36,"y":108,"x":40,"pageNo":0},{"_id":"555ad7758b0eee170833ccb1","itemId":"555a3b08cb9260de53a1dc2a","flip":0,"rot":0,"z":37,"y":105,"x":59,"pageNo":0},{"_id":"555ad7758b0eee170833ccb2","itemId":"555a3b08cb9260de53a1dc2a","flip":0,"rot":0,"z":38,"y":106,"x":77,"pageNo":0},{"_id":"555ad7758b0eee170833ccb3","itemId":"555a3b08cb9260de53a1dc2a","flip":0,"rot":0,"z":39,"y":100,"x":94,"pageNo":0},{"_id":"555ad7758b0eee170833ccb4","itemId":"555a3b08cb9260de53a1dc2a","flip":0,"rot":0,"z":40,"y":104,"x":116,"pageNo":0},{"_id":"555ad7758b0eee170833ccb5","itemId":"555a3d444fa6b8f42542a9d7","flip":0,"rot":2,"z":41,"y":104,"x":124,"pageNo":0},{"_id":"555ad7758b0eee170833ccb6","itemId":"555a81e108de74c242132521","flip":0,"rot":0,"z":42,"y":9,"x":47,"pageNo":0},{"_id":"555ad7758b0eee170833ccb7","itemId":"555a82be15ebac0f086ab025","flip":0,"rot":0,"z":43,"y":118,"x":2,"pageNo":0},{"_id":"555ad7758b0eee170833ccb8","itemId":"555a82fa9d354be05382aa92","flip":0,"rot":0,"z":44,"y":105,"x":86,"pageNo":0},{"_id":"555ad7758b0eee170833ccb9","itemId":"555a763908de74c2421323ca","flip":0,"rot":0,"z":45,"y":104,"x":9,"pageNo":0},{"_id":"555ad7758b0eee170833ccba","itemId":"555acd383ff9a813080a1015","flip":0,"rot":0,"z":46,"y":77,"x":9,"pageNo":0},{"_id":"555ad7758b0eee170833ccbb","itemId":"555ad76608de74c242132c4e","flip":0,"rot":0,"z":47,"y":46,"x":8,"pageNo":0}]}