{"isCreator":false,"contents":[{"_id":"555aecc8baf36ec042b7e61e","itemId":"555a3a80baf36ec042b7d980","flip":0,"rot":0,"z":0,"y":-1,"x":134,"pageNo":0},{"_id":"555aecc8baf36ec042b7e61f","itemId":"555a3a80baf36ec042b7d980","flip":0,"rot":0,"z":1,"y":3,"x":116,"pageNo":0},{"_id":"555aecc8baf36ec042b7e620","itemId":"555a3a80baf36ec042b7d980","flip":0,"rot":0,"z":2,"y":19,"x":135,"pageNo":0},{"_id":"555aecc8baf36ec042b7e621","itemId":"555a3a80baf36ec042b7d980","flip":0,"rot":0,"z":3,"y":19,"x":115,"pageNo":0},{"_id":"555aecc8baf36ec042b7e622","itemId":"555a3a80baf36ec042b7d980","flip":0,"rot":0,"z":4,"y":18,"x":94,"pageNo":0},{"_id":"555aecc8baf36ec042b7e623","itemId":"555a3a80baf36ec042b7d980","flip":0,"rot":0,"z":5,"y":3,"x":94,"pageNo":0},{"_id":"555aecc8baf36ec042b7e624","itemId":"555a3a80baf36ec042b7d980","flip":0,"rot":0,"z":6,"y":0,"x":76,"pageNo":0},{"_id":"555aecc8baf36ec042b7e625","itemId":"555a3a80baf36ec042b7d980","flip":0,"rot":0,"z":7,"y":17,"x":75,"pageNo":0},{"_id":"555aecc8baf36ec042b7e626","itemId":"555a3a80baf36ec042b7d980","flip":0,"rot":0,"z":8,"y":16,"x":56,"pageNo":0},{"_id":"555aecc8baf36ec042b7e627","itemId":"555a3a80baf36ec042b7d980","flip":0,"rot":0,"z":9,"y":-1,"x":54,"pageNo":0},{"_id":"555aecc8baf36ec042b7e628","itemId":"555a3a80baf36ec042b7d980","flip":0,"rot":0,"z":10,"y":3,"x":37,"pageNo":0},{"_id":"555aecc8baf36ec042b7e629","itemId":"555a3a80baf36ec042b7d980","flip":0,"rot":0,"z":11,"y":17,"x":36,"pageNo":0},{"_id":"555aecc8baf36ec042b7e62a","itemId":"555a3a80baf36ec042b7d980","flip":0,"rot":0,"z":12,"y":21,"x":17,"pageNo":0},{"_id":"555aecc8baf36ec042b7e62b","itemId":"555a3a80baf36ec042b7d980","flip":0,"rot":0,"z":13,"y":20,"x":0,"pageNo":0},{"_id":"555aecc8baf36ec042b7e62c","itemId":"555a3a80baf36ec042b7d980","flip":0,"rot":0,"z":14,"y":0,"x":21,"pageNo":0},{"_id":"555aecc8baf36ec042b7e62d","itemId":"555a3a80baf36ec042b7d980","flip":0,"rot":0,"z":15,"y":2,"x":3,"pageNo":0},{"_id":"555aecc8baf36ec042b7e62e","itemId":"555a5e2f3ff9a813080a061e","flip":0,"rot":0,"z":16,"y":10,"x":124,"pageNo":0},{"_id":"555aecc8baf36ec042b7e62f","itemId":"555a3d444fa6b8f42542a9d7","flip":0,"rot":0,"z":17,"y":10,"x":10,"pageNo":0},{"_id":"555aecc8baf36ec042b7e630","itemId":"555a3b08cb9260de53a1dc2a","flip":0,"rot":0,"z":18,"y":10,"x":29,"pageNo":0},{"_id":"555aecc8baf36ec042b7e631","itemId":"555a3b08cb9260de53a1dc2a","flip":0,"rot":0,"z":19,"y":10,"x":48,"pageNo":0},{"_id":"555aecc8baf36ec042b7e632","itemId":"555a3b08cb9260de53a1dc2a","flip":0,"rot":0,"z":20,"y":10,"x":67,"pageNo":0},{"_id":"555aecc8baf36ec042b7e633","itemId":"555a3d444fa6b8f42542a9d7","flip":0,"rot":2,"z":21,"y":10,"x":95,"pageNo":0},{"_id":"555aecc8baf36ec042b7e634","itemId":"555a3b08cb9260de53a1dc2a","flip":0,"rot":0,"z":22,"y":11,"x":77,"pageNo":0},{"_id":"555aecc8baf36ec042b7e635","itemId":"555a5fad3ff9a813080a066c","flip":0,"rot":0,"z":23,"y":10,"x":57,"pageNo":0},{"_id":"555aecc8baf36ec042b7e636","itemId":"555a541b3ff9a813080a0475","flip":0,"rot":0,"z":24,"y":46,"x":6,"pageNo":0},{"_id":"555aecc8baf36ec042b7e637","itemId":"555a541b3ff9a813080a0475","flip":0,"rot":0,"z":25,"y":78,"x":7,"pageNo":0},{"_id":"555aecc8baf36ec042b7e638","itemId":"555a541b3ff9a813080a0475","flip":0,"rot":0,"z":26,"y":103,"x":9,"pageNo":0},{"_id":"555aecc8baf36ec042b7e639","itemId":"555a3d444fa6b8f42542a9d7","flip":0,"rot":0,"z":27,"y":46,"x":38,"pageNo":0},{"_id":"555aecc8baf36ec042b7e63a","itemId":"555a3b08cb9260de53a1dc2a","flip":0,"rot":0,"z":28,"y":46,"x":58,"pageNo":0},{"_id":"555aecc8baf36ec042b7e63b","itemId":"555a3b08cb9260de53a1dc2a","flip":0,"rot":0,"z":29,"y":52,"x":76,"pageNo":0},{"_id":"555aecc8baf36ec042b7e63c","itemId":"555a3b08cb9260de53a1dc2a","flip":0,"rot":0,"z":30,"y":49,"x":92,"pageNo":0},{"_id":"555aecc8baf36ec042b7e63d","itemId":"555a3b08cb9260de53a1dc2a","flip":0,"rot":0,"z":31,"y":43,"x":112,"pageNo":0},{"_id":"555aecc8baf36ec042b7e63e","itemId":"555a3d444fa6b8f42542a9d7","flip":0,"rot":2,"z":32,"y":48,"x":123,"pageNo":0},{"_id":"555aecc8baf36ec042b7e63f","itemId":"555a3d444fa6b8f42542a9d7","flip":0,"rot":0,"z":33,"y":76,"x":38,"pageNo":0},{"_id":"555aecc8baf36ec042b7e640","itemId":"555a3b08cb9260de53a1dc2a","flip":0,"rot":0,"z":34,"y":76,"x":60,"pageNo":0},{"_id":"555aecc8baf36ec042b7e641","itemId":"555a3b08cb9260de53a1dc2a","flip":0,"rot":0,"z":35,"y":76,"x":80,"pageNo":0},{"_id":"555aecc8baf36ec042b7e642","itemId":"555a3b08cb9260de53a1dc2a","flip":0,"rot":0,"z":36,"y":76,"x":96,"pageNo":0},{"_id":"555aecc8baf36ec042b7e643","itemId":"555a3b08cb9260de53a1dc2a","flip":0,"rot":0,"z":37,"y":72,"x":116,"pageNo":0},{"_id":"555aecc8baf36ec042b7e644","itemId":"555a3d444fa6b8f42542a9d7","flip":0,"rot":2,"z":38,"y":75,"x":123,"pageNo":0},{"_id":"555aecc8baf36ec042b7e645","itemId":"555a3d444fa6b8f42542a9d7","flip":0,"rot":0,"z":39,"y":105,"x":37,"pageNo":0},{"_id":"555aecc8baf36ec042b7e646","itemId":"555a3b08cb9260de53a1dc2a","flip":0,"rot":0,"z":40,"y":101,"x":58,"pageNo":0},{"_id":"555aecc8baf36ec042b7e647","itemId":"555a3b08cb9260de53a1dc2a","flip":0,"rot":0,"z":41,"y":105,"x":74,"pageNo":0},{"_id":"555aecc8baf36ec042b7e648","itemId":"555a3b08cb9260de53a1dc2a","flip":0,"rot":0,"z":42,"y":102,"x":97,"pageNo":0},{"_id":"555aecc8baf36ec042b7e649","itemId":"555a3b08cb9260de53a1dc2a","flip":0,"rot":0,"z":43,"y":104,"x":110,"pageNo":0},{"_id":"555aecc8baf36ec042b7e64a","itemId":"555a3d444fa6b8f42542a9d7","flip":0,"rot":2,"z":44,"y":106,"x":125,"pageNo":0},{"_id":"555aecc8baf36ec042b7e64b","itemId":"555a80cc150554be42714ea2","flip":0,"rot":0,"z":45,"y":48,"x":86,"pageNo":0},{"_id":"555aecc8baf36ec042b7e64c","itemId":"555a80e2673f80e453bc167b","flip":0,"rot":0,"z":46,"y":75,"x":83,"pageNo":0},{"_id":"555aecc8baf36ec042b7e64d","itemId":"555a8105baf36ec042b7e014","flip":0,"rot":0,"z":47,"y":105,"x":86,"pageNo":0},{"_id":"555aecc8baf36ec042b7e64e","itemId":"555a763908de74c2421323ca","flip":0,"rot":0,"z":48,"y":104,"x":9,"pageNo":0},{"_id":"555aecc8baf36ec042b7e64f","itemId":"555a6e9cbaf36ec042b7de22","flip":0,"rot":0,"z":49,"y":47,"x":10,"pageNo":0},{"_id":"555aecc8baf36ec042b7e650","itemId":"555a6eabde92a7ee25557cbd","flip":0,"rot":0,"z":50,"y":75,"x":8,"pageNo":0},{"_id":"555aecc8baf36ec042b7e651","itemId":"555aecbe121a90e253fd3978","flip":0,"rot":0,"z":51,"y":117,"x":-2,"pageNo":0}]}