{"isCreator":false,"contents":[{"_id":"555ad09e08de74c242132bb8","itemId":"555a3a80baf36ec042b7d980","flip":0,"rot":0,"z":0,"y":3,"x":133,"pageNo":0},{"_id":"555ad09e08de74c242132bb9","itemId":"555a3a80baf36ec042b7d980","flip":0,"rot":0,"z":1,"y":3,"x":116,"pageNo":0},{"_id":"555ad09e08de74c242132bba","itemId":"555a3a80baf36ec042b7d980","flip":0,"rot":0,"z":2,"y":2,"x":97,"pageNo":0},{"_id":"555ad09e08de74c242132bbb","itemId":"555a3a80baf36ec042b7d980","flip":0,"rot":0,"z":3,"y":-2,"x":79,"pageNo":0},{"_id":"555ad09e08de74c242132bbc","itemId":"555a3a80baf36ec042b7d980","flip":0,"rot":0,"z":4,"y":-3,"x":55,"pageNo":0},{"_id":"555ad09e08de74c242132bbd","itemId":"555a3a80baf36ec042b7d980","flip":0,"rot":0,"z":5,"y":1,"x":38,"pageNo":0},{"_id":"555ad09e08de74c242132bbe","itemId":"555a3a80baf36ec042b7d980","flip":0,"rot":0,"z":6,"y":3,"x":19,"pageNo":0},{"_id":"555ad09e08de74c242132bbf","itemId":"555a3a80baf36ec042b7d980","flip":0,"rot":0,"z":7,"y":3,"x":-2,"pageNo":0},{"_id":"555ad09e08de74c242132bc0","itemId":"555a3a80baf36ec042b7d980","flip":0,"rot":0,"z":8,"y":20,"x":3,"pageNo":0},{"_id":"555ad09e08de74c242132bc1","itemId":"555a3a80baf36ec042b7d980","flip":0,"rot":0,"z":9,"y":18,"x":20,"pageNo":0},{"_id":"555ad09e08de74c242132bc2","itemId":"555a3a80baf36ec042b7d980","flip":0,"rot":0,"z":10,"y":18,"x":41,"pageNo":0},{"_id":"555ad09e08de74c242132bc3","itemId":"555a3a80baf36ec042b7d980","flip":0,"rot":0,"z":11,"y":20,"x":57,"pageNo":0},{"_id":"555ad09e08de74c242132bc4","itemId":"555a3a80baf36ec042b7d980","flip":0,"rot":0,"z":12,"y":18,"x":76,"pageNo":0},{"_id":"555ad09e08de74c242132bc5","itemId":"555a3a80baf36ec042b7d980","flip":0,"rot":0,"z":13,"y":22,"x":95,"pageNo":0},{"_id":"555ad09e08de74c242132bc6","itemId":"555a3a80baf36ec042b7d980","flip":0,"rot":0,"z":14,"y":19,"x":114,"pageNo":0},{"_id":"555ad09e08de74c242132bc7","itemId":"555a3a80baf36ec042b7d980","flip":0,"rot":0,"z":15,"y":20,"x":131,"pageNo":0},{"_id":"555ad09e08de74c242132bc8","itemId":"555a3d444fa6b8f42542a9d7","flip":0,"rot":0,"z":16,"y":11,"x":11,"pageNo":0},{"_id":"555ad09e08de74c242132bc9","itemId":"555a3b08cb9260de53a1dc2a","flip":0,"rot":0,"z":17,"y":10,"x":31,"pageNo":0},{"_id":"555ad09e08de74c242132bca","itemId":"555a3b08cb9260de53a1dc2a","flip":0,"rot":0,"z":18,"y":10,"x":49,"pageNo":0},{"_id":"555ad09e08de74c242132bcb","itemId":"555a3b08cb9260de53a1dc2a","flip":0,"rot":0,"z":19,"y":9,"x":67,"pageNo":0},{"_id":"555ad09e08de74c242132bcc","itemId":"555a3b08cb9260de53a1dc2a","flip":0,"rot":0,"z":20,"y":9,"x":83,"pageNo":0},{"_id":"555ad09e08de74c242132bcd","itemId":"555a3d444fa6b8f42542a9d7","flip":0,"rot":2,"z":21,"y":10,"x":95,"pageNo":0},{"_id":"555ad09e08de74c242132bce","itemId":"555a541b3ff9a813080a0475","flip":0,"rot":0,"z":22,"y":48,"x":8,"pageNo":0},{"_id":"555ad09e08de74c242132bcf","itemId":"555a3d444fa6b8f42542a9d7","flip":0,"rot":0,"z":23,"y":48,"x":38,"pageNo":0},{"_id":"555ad09e08de74c242132bd0","itemId":"555a3d444fa6b8f42542a9d7","flip":0,"rot":0,"z":24,"y":76,"x":38,"pageNo":0},{"_id":"555ad09e08de74c242132bd1","itemId":"555a3d444fa6b8f42542a9d7","flip":0,"rot":0,"z":25,"y":105,"x":38,"pageNo":0},{"_id":"555ad09e08de74c242132bd2","itemId":"555a3b08cb9260de53a1dc2a","flip":0,"rot":0,"z":26,"y":45,"x":59,"pageNo":0},{"_id":"555ad09e08de74c242132bd3","itemId":"555a3b08cb9260de53a1dc2a","flip":0,"rot":0,"z":27,"y":47,"x":77,"pageNo":0},{"_id":"555ad09e08de74c242132bd4","itemId":"555a3b08cb9260de53a1dc2a","flip":0,"rot":0,"z":28,"y":48,"x":95,"pageNo":0},{"_id":"555ad09e08de74c242132bd5","itemId":"555a3b08cb9260de53a1dc2a","flip":0,"rot":0,"z":29,"y":47,"x":113,"pageNo":0},{"_id":"555ad09e08de74c242132bd6","itemId":"555a3d444fa6b8f42542a9d7","flip":0,"rot":2,"z":30,"y":48,"x":127,"pageNo":0},{"_id":"555ad09e08de74c242132bd7","itemId":"555a3d444fa6b8f42542a9d7","flip":0,"rot":2,"z":31,"y":74,"x":121,"pageNo":0},{"_id":"555ad09e08de74c242132bd8","itemId":"555a3d444fa6b8f42542a9d7","flip":0,"rot":2,"z":32,"y":103,"x":124,"pageNo":0},{"_id":"555ad09e08de74c242132bd9","itemId":"555a3b08cb9260de53a1dc2a","flip":0,"rot":0,"z":33,"y":74,"x":107,"pageNo":0},{"_id":"555ad09e08de74c242132bda","itemId":"555a3b08cb9260de53a1dc2a","flip":0,"rot":0,"z":34,"y":73,"x":89,"pageNo":0},{"_id":"555ad09e08de74c242132bdb","itemId":"555a3b08cb9260de53a1dc2a","flip":0,"rot":0,"z":35,"y":75,"x":64,"pageNo":0},{"_id":"555ad09e08de74c242132bdc","itemId":"555a3b08cb9260de53a1dc2a","flip":0,"rot":0,"z":36,"y":78,"x":59,"pageNo":0},{"_id":"555ad09e08de74c242132bdd","itemId":"555a3b08cb9260de53a1dc2a","flip":0,"rot":0,"z":37,"y":109,"x":59,"pageNo":0},{"_id":"555ad09e08de74c242132bde","itemId":"555a3b08cb9260de53a1dc2a","flip":0,"rot":0,"z":38,"y":106,"x":78,"pageNo":0},{"_id":"555ad09e08de74c242132bdf","itemId":"555a3b08cb9260de53a1dc2a","flip":0,"rot":0,"z":39,"y":104,"x":93,"pageNo":0},{"_id":"555ad09e08de74c242132be0","itemId":"555a3b08cb9260de53a1dc2a","flip":0,"rot":0,"z":40,"y":106,"x":111,"pageNo":0},{"_id":"555ad09e08de74c242132be1","itemId":"555a541b3ff9a813080a0475","flip":0,"rot":0,"z":41,"y":79,"x":12,"pageNo":0},{"_id":"555ad09e08de74c242132be2","itemId":"555a541b3ff9a813080a0475","flip":0,"rot":0,"z":42,"y":106,"x":10,"pageNo":0},{"_id":"555ad09e08de74c242132be3","itemId":"555a6eabde92a7ee25557cbd","flip":0,"rot":0,"z":43,"y":76,"x":10,"pageNo":0},{"_id":"555ad09e08de74c242132be4","itemId":"555abb4f3ff9a813080a0ec5","flip":0,"rot":0,"z":44,"y":10,"x":124,"pageNo":0},{"_id":"555ad09e08de74c242132be5","itemId":"555abb7fcbb647f025e7dacb","flip":0,"rot":0,"z":45,"y":76,"x":86,"pageNo":0},{"_id":"555ad09e08de74c242132be6","itemId":"555abba0121a90e253fd381b","flip":0,"rot":0,"z":46,"y":48,"x":86,"pageNo":0},{"_id":"555ad09e08de74c242132be7","itemId":"555abbd59ccbe71508868d13","flip":0,"rot":0,"z":47,"y":105,"x":86,"pageNo":0},{"_id":"555ad09e08de74c242132be8","itemId":"555abcabbaf36ec042b7e4c3","flip":0,"rot":0,"z":48,"y":10,"x":48,"pageNo":0},{"_id":"555ad09e08de74c242132be9","itemId":"555a6e9cbaf36ec042b7de22","flip":0,"rot":0,"z":49,"y":46,"x":9,"pageNo":0},{"_id":"555ad09e08de74c242132bea","itemId":"555a763908de74c2421323ca","flip":0,"rot":0,"z":50,"y":107,"x":10,"pageNo":0},{"_id":"555ad09e08de74c242132beb","itemId":"555ad097673f80e453bc1c82","flip":0,"rot":0,"z":51,"y":117,"x":1,"pageNo":0}]}