{"isCreator":false,"contents":[{"_id":"57f0c91320cd173c1365a7d7","itemId":"57ef834200b2d35813b908ff","flip":0,"rot":0,"z":0,"y":19,"x":57,"pageNo":1},{"_id":"57f0c91320cd173c1365a7d8","itemId":"57ef8353411437bd134ddb1a","flip":0,"rot":0,"z":1,"y":0,"x":56,"pageNo":1},{"_id":"57f0c91320cd173c1365a7d9","itemId":"57ef834ce5e1d34413ad4d36","flip":0,"rot":0,"z":2,"y":40,"x":54,"pageNo":1},{"_id":"57f0c91320cd173c1365a7da","itemId":"57ef853b09ea8a5713aeaeea","flip":0,"rot":0,"z":3,"y":57,"x":0,"pageNo":1},{"_id":"57f0c91320cd173c1365a7db","itemId":"57ef8541cf7d7f4513114bcb","flip":0,"rot":0,"z":4,"y":77,"x":2,"pageNo":1},{"_id":"57f0c91320cd173c1365a7dc","itemId":"57ef85ea8bdb8bbe133cb7a9","flip":0,"rot":0,"z":5,"y":57,"x":20,"pageNo":1},{"_id":"57f0c91320cd173c1365a7dd","itemId":"57ef85f4ff44babf1303c46a","flip":0,"rot":0,"z":6,"y":78,"x":17,"pageNo":1},{"_id":"57f0c91320cd173c1365a7de","itemId":"57ef8638411437bd134ddb38","flip":0,"rot":0,"z":7,"y":57,"x":38,"pageNo":1},{"_id":"57f0c91320cd173c1365a7df","itemId":"57ef8a909b40b94a133e6566","flip":0,"rot":0,"z":8,"y":76,"x":38,"pageNo":1},{"_id":"57f0c91320cd173c1365a7e0","itemId":"57ef9e109b40b94a133e65b4","flip":0,"rot":0,"z":9,"y":61,"x":67,"pageNo":1},{"_id":"57f0c91320cd173c1365a7e1","itemId":"57ef9a8c2799c7ae0fd67ff8","flip":0,"rot":0,"z":10,"y":95,"x":114,"pageNo":1},{"_id":"57f0c91320cd173c1365a7e2","itemId":"57ef7b99c621779e0f4f69d2","flip":0,"rot":0,"z":11,"y":38,"x":19,"pageNo":1},{"_id":"57f0c91320cd173c1365a7e3","itemId":"57ef8fb48bdb8bbe133cb7dd","flip":0,"rot":0,"z":12,"y":19,"x":86,"pageNo":1},{"_id":"57f0c91320cd173c1365a7e4","itemId":"57ef8f29e49948b81348c113","flip":0,"rot":0,"z":13,"y":10,"x":114,"pageNo":1},{"_id":"57f0c9b4cf7d7f45131157c4","itemId":"57ee558d64941ab10f27477d","flip":0,"rot":0,"z":0,"y":0,"x":19,"pageNo":0},{"_id":"57f0c9b4cf7d7f45131157c5","itemId":"57ee59f3f2afd42f135f56b9","flip":0,"rot":0,"z":1,"y":0,"x":0,"pageNo":0},{"_id":"57f0c9b4cf7d7f45131157c6","itemId":"57ee55daf2afd42f135f56ad","flip":0,"rot":0,"z":2,"y":0,"x":38,"pageNo":0},{"_id":"57f0c9b4cf7d7f45131157c7","itemId":"57ef6c38566a64e1142df794","flip":0,"rot":0,"z":3,"y":2,"x":74,"pageNo":0},{"_id":"57f0c9b4cf7d7f45131157c8","itemId":"57ef6c3fb72bb1221304b948","flip":0,"rot":0,"z":4,"y":2,"x":97,"pageNo":0},{"_id":"57f0c9b4cf7d7f45131157c9","itemId":"57ef6c3015e368a60f550f19","flip":0,"rot":0,"z":5,"y":0,"x":57,"pageNo":0},{"_id":"57f0c9b4cf7d7f45131157ca","itemId":"57ef6fadc8f0741313064e4d","flip":0,"rot":0,"z":6,"y":0,"x":134,"pageNo":0},{"_id":"57f0c9b4cf7d7f45131157cb","itemId":"57ef6f8943e3c40413d7c06a","flip":0,"rot":0,"z":7,"y":19,"x":0,"pageNo":0},{"_id":"57f0c9b4cf7d7f45131157cc","itemId":"57ee571942af63d214b1d4fe","flip":0,"rot":0,"z":8,"y":76,"x":95,"pageNo":0},{"_id":"57f0c9b4cf7d7f45131157cd","itemId":"57ef70dc3b7d850f13ab34d9","flip":0,"rot":1,"z":9,"y":76,"x":117,"pageNo":0},{"_id":"57f0c9b4cf7d7f45131157ce","itemId":"57ef7091566a64e1142df7bc","flip":0,"rot":0,"z":10,"y":91,"x":92,"pageNo":0},{"_id":"57f0c9b4cf7d7f45131157cf","itemId":"57ef70f44491b6ab0f1d3482","flip":0,"rot":0,"z":11,"y":19,"x":38,"pageNo":0},{"_id":"57f0c9b4cf7d7f45131157d0","itemId":"57ef70afb72bb1221304b966","flip":0,"rot":0,"z":12,"y":19,"x":19,"pageNo":0},{"_id":"57f0c9b4cf7d7f45131157d1","itemId":"57ef76474491b6ab0f1d348f","flip":0,"rot":0,"z":13,"y":61,"x":2,"pageNo":0},{"_id":"57f0c9b4cf7d7f45131157d2","itemId":"57ef7739c621779e0f4f69c7","flip":0,"rot":0,"z":14,"y":57,"x":20,"pageNo":0},{"_id":"57f0c9b4cf7d7f45131157d3","itemId":"57ef9e97d2750bb30f19e699","flip":0,"rot":0,"z":15,"y":77,"x":52,"pageNo":0},{"_id":"57f0c9b4cf7d7f45131157d4","itemId":"57ee5b4174d2353c13d039d2","flip":0,"rot":0,"z":16,"y":95,"x":10,"pageNo":0},{"_id":"57f0c9b4cf7d7f45131157d5","itemId":"57ef6b0ab7cf0caf0f2503f1","flip":0,"rot":0,"z":17,"y":95,"x":48,"pageNo":0},{"_id":"57f0c9b4cf7d7f45131157d6","itemId":"57ef6af41beaccdd142944f7","flip":1,"rot":0,"z":18,"y":91,"x":76,"pageNo":0},{"_id":"57f0c9b4cf7d7f45131157d7","itemId":"57ee5b6ccdb2f6db14cd9f2b","flip":0,"rot":0,"z":19,"y":38,"x":38,"pageNo":0},{"_id":"57f0c9b4cf7d7f45131157d8","itemId":"57ee5add8864fc1c13d39b0b","flip":0,"rot":0,"z":20,"y":41,"x":2,"pageNo":0},{"_id":"57f0c9b4cf7d7f45131157d9","itemId":"57ef8d8d8bdb8bbe133cb7db","flip":0,"rot":0,"z":21,"y":19,"x":57,"pageNo":0},{"_id":"57f0c9b4cf7d7f45131157da","itemId":"57ef6c14738a8f0e1385c2b6","flip":0,"rot":0,"z":22,"y":0,"x":111,"pageNo":0},{"_id":"57f0c9b4cf7d7f45131157db","itemId":"57ee753064b5b734137c092b","flip":0,"rot":0,"z":23,"y":76,"x":76,"pageNo":0},{"_id":"57f0c9b4cf7d7f45131157dc","itemId":"57ee5b611cfdb4251322db26","flip":0,"rot":0,"z":24,"y":38,"x":57,"pageNo":0},{"_id":"57f0c9b4cf7d7f45131157dd","itemId":"57ee7573cdb2f6db14cda072","flip":0,"rot":3,"z":25,"y":38,"x":19,"pageNo":0},{"_id":"57f0c9b4cf7d7f45131157de","itemId":"57ef9d5f0f9c5ab013d8f66a","flip":0,"rot":0,"z":26,"y":19,"x":95,"pageNo":0},{"_id":"57f0c9b4cf7d7f45131157df","itemId":"57ef9afce5e1d34413ad4dbf","flip":0,"rot":0,"z":27,"y":19,"x":76,"pageNo":0}]}