{"isCreator":false,"contents":[{"_id":"5b98a7233b019126a5d5e79d","itemId":"587a0ef1eab0e7dd0fd11d25","flip":0,"rot":0,"z":0,"y":28,"x":94,"pageNo":0},{"_id":"5b98a7233b019126a5d5e79e","itemId":"587a10bb495b139a13746a91","flip":0,"rot":0,"z":1,"y":57,"x":95,"pageNo":0},{"_id":"5b98a7233b019126a5d5e79f","itemId":"587a0f398a783f9b1349e4e5","flip":0,"rot":0,"z":2,"y":29,"x":19,"pageNo":0},{"_id":"5b98a7233b019126a5d5e7a0","itemId":"587a1083ac19808b131a4617","flip":0,"rot":0,"z":3,"y":29,"x":95,"pageNo":0},{"_id":"5b98a7233b019126a5d5e7a1","itemId":"587a0f4bf9267b8e1382f21c","flip":0,"rot":0,"z":4,"y":86,"x":19,"pageNo":0}]}