{"iix":["556975d556ca6104581e1967","5571e717d5f4c32627237afc","5571a9e55af8861a08b09119","5571a921e28e7028271e6e63","5571aa04f564052427595c4c","5571aca47d24d8a56d9268eb","556ec6338bc54ffe68b836ab","5575a36f14771e1208c0e938","557ede3b8265b313156a6663","558ed34ce6c102a34d47efa7"],"ps":[[31,17,0,0,0,0],[25,17,0,0,0,0],[26,17,0,0,0,0],[27,17,0,0,0,0],[28,17,0,0,0,0],[29,17,0,0,0,0],[30,17,0,0,0,0],[25,18,1,0,0,0],[25,23,1,0,0,0],[26,18,1,0,0,0],[27,18,1,0,0,0],[28,18,1,0,0,0],[29,18,1,0,0,0],[30,18,1,0,0,0],[31,18,1,0,0,0],[25,19,1,0,0,0],[26,19,1,0,0,0],[27,19,1,0,0,0],[28,19,1,0,0,0],[29,19,1,0,0,0],[30,19,1,0,0,0],[31,19,1,0,0,0],[25,20,1,0,0,0],[26,20,1,0,0,0],[27,20,1,0,0,0],[28,20,1,0,0,0],[29,20,1,0,0,0],[30,20,1,0,0,0],[31,20,1,0,0,0],[25,21,1,0,0,0],[26,21,1,0,0,0],[27,21,1,0,0,0],[28,21,1,0,0,0],[29,21,1,0,0,0],[30,21,1,0,0,0],[31,21,1,0,0,0],[25,22,1,0,0,0],[26,22,1,0,0,0],[27,22,1,0,0,0],[28,22,1,0,0,0],[29,22,1,0,0,0],[30,22,1,0,0,0],[31,22,1,0,0,0],[26,23,1,0,0,0],[27,23,1,0,0,0],[28,23,1,0,0,0],[29,23,1,0,0,0],[30,23,1,0,0,0],[31,23,1,0,0,0],[31,14,2,1,0,0],[30,13,2,1,0,0],[29,12,2,1,0,0],[28,11,2,1,0,0],[27,11,0,0,0,0],[26,11,0,0,0,0],[25,12,1,0,0,0],[28,12,1,0,0,0],[28,16,1,0,0,0],[25,16,1,0,0,0],[26,12,1,0,0,0],[27,12,1,0,0,0],[25,13,1,0,0,0],[26,13,1,0,0,0],[27,13,1,0,0,0],[28,13,1,0,0,0],[25,14,1,0,0,0],[26,14,1,0,0,0],[27,14,1,0,0,0],[28,14,1,0,0,0],[25,15,1,0,0,0],[26,15,1,0,0,0],[27,15,1,0,0,0],[28,15,1,0,0,0],[26,16,1,0,0,0],[27,16,1,0,0,0],[29,13,1,0,0,0],[29,16,1,0,0,0],[29,14,1,0,0,0],[30,14,1,0,0,0],[31,15,1,0,0,0],[31,16,1,0,0,0],[30,16,1,0,0,0],[29,15,1,0,0,0],[30,15,1,0,0,0],[25,11,1,0,0,0],[25,10,1,0,0,0],[25,9,1,0,0,0],[25,8,1,0,0,0],[25,7,1,0,0,0],[25,6,1,0,0,0],[25,5,1,0,0,0],[25,3,1,0,0,0],[25,2,1,0,0,0],[25,4,1,0,0,0],[31,10,3,0,0,0],[31,11,4,3,0,0],[25,1,1,0,0,0],[27,2,5,0,0,0],[26,9,5,0,0,0],[28,9,5,0,0,0],[28,4,5,0,0,0],[28,5,5,0,0,0],[28,6,5,0,0,0],[28,7,5,0,0,0],[29,9,5,0,0,0],[28,10,5,0,0,0],[30,9,5,0,0,0],[31,9,5,0,0,0],[30,10,6,0,0,0],[29,10,6,0,0,0],[29,11,6,0,0,0],[30,11,6,0,0,0],[31,12,6,0,0,0],[30,12,6,0,0,0],[31,13,6,0,0,0],[26,3,6,0,0,0],[26,4,6,0,0,0],[26,5,6,0,0,0],[26,7,6,0,0,0],[26,8,6,0,0,0],[27,9,6,0,0,0],[27,6,6,0,0,0],[27,5,6,0,0,0],[27,7,6,0,0,0],[27,8,6,0,0,0],[26,6,6,0,0,0],[28,3,5,0,0,0],[28,8,6,0,0,0],[28,2,6,0,0,0],[29,2,6,0,0,0],[29,8,6,0,0,0],[30,2,6,0,0,0],[31,2,6,0,0,0],[30,3,6,0,0,0],[30,4,6,0,0,0],[29,5,6,0,0,0],[30,5,6,0,0,0],[31,5,6,0,0,0],[29,6,6,0,0,0],[31,6,6,0,0,0],[29,7,6,0,0,0],[31,7,6,0,0,0],[30,8,6,0,0,0],[31,8,6,0,0,0],[25,0,1,0,0,0],[26,2,6,0,0,0],[26,1,6,0,0,0],[26,0,6,0,0,0],[27,1,6,0,0,0],[27,0,6,0,0,0],[31,0,6,0,0,0],[30,0,6,0,0,0],[28,0,6,0,0,0],[29,0,6,0,0,0],[28,1,6,0,0,0],[29,1,6,0,0,0],[30,1,6,0,0,0],[31,1,6,0,0,0],[31,4,0,0,0,0],[29,4,0,0,0,0],[27,4,0,0,0,0],[27,3,7,0,0,0],[29,3,7,0,0,0],[31,3,7,0,0,0],[26,10,5,0,0,0],[27,10,5,0,0,0],[30,7,0,0,0,0],[30,6,8,0,0,0],[24,7,9,0,0,0]],"v":296,"x":-1,"y":0,"i":{"b":["SOLID","SOLID","SLOPE","SLOPE","SLOPE","DECO","DECOBG","READABLE","DYNATHING","INTERACT"],"p":[null,null,null,null,null,null,null,{"rgb":"0,0,0","rgb2":"63,63,63","attr":[2]},{"attr":[5,12,3,2],"text":"0S: CELLS SHOW, CELL 1 UP 54, Z-INDEX 3, CELL 2 RIGHT 10, UP 25, Z-INDEX 3, CELL 3 RIGHT 10, UP 7, CELL 4 UP 30, Z-INDEX 2, CELL 5 UP 3, RIGHT 2, Z-INDEX 5, cell 7 up 55, right 35, CELL 8 UP 55, RIGHT 35, cell 9 up 90, rotate -45\n0-1.8: CELLS UP 5, cell 6 rotate 1000000, cell 7 rotate 1000000, cell 7 rotate -1000000, cell 9 up 10\n1.8-2.6: CELLS DOWN 5, cell 9 down 10\n2.6: RESTART\n\nMOVE\n0S: CELLS SHOW, CELL 1 UP 54, Z-INDEX 3, CELL 2 RIGHT 10, UP 30, Z-INDEX 3, CELL 3 RIGHT 10, UP 7, CELL 4 UP 30, Z-INDEX 2, CELL 5 UP 10, RIGHT 3, Z-INDEX 5,CELL 7 UP 38, RIGHT 25, CELL 8 UP 38, RIGHT 25, cell 9 up 85\n0-0.3: CELL 7 UP 38, RIGHT 25, ROTATE 1000000, CELL 8 UP 38, RIGHT 25, ROTATE -1000000, CELL 9 down 5\n0.3-0.6: CELL 1 LEFT 5, CELL 2 ROTATE -50, UP 10, CELL 3 ROTATE -30, UP 20, RIGHT 16, CELL 4 ROTATE -40, UP 3, CELL 5 ROTATE -40, RIGHT 15, UP 4, CELL 6 ROTATE 1000000, RIGHT 20, UP 10, CELL 9 UP 5\no.6-0.9: CELL 7 UP 38, RIGHT 25, ROTATE -1000000, CELL 8 UP 38, RIGHT 25, ROTATE 1000000, CELL 9 down 5\n\naction\n0S: CELLS SHOW, CELL 1 UP 54, Z-INDEX 3, CELL 2 RIGHT 10, UP 25, Z-INDEX 3, CELL 3 RIGHT 10, UP 7, CELL 4 UP 30, Z-INDEX 2, CELL 5 UP 3, RIGHT 2, Z-INDEX 5, CELL 9 UP 90, rotate -45\n0-0: CELLS UP 5, 6.50 play sound\n0.0-1.0: CELLS DOWN 5\n1.0-1.5: cell 6 rotate 1000000, cell 6 up 75, CELL 7 ROTATE 1000000, CELL 7 UP 75, LEFT 25, CELL 8 ROTATE 1000000, CELL 8 UP 75, right 25, cell 1 up 5, cell 2 up 5, cell 3 up 5, cell 4 up 5, cell 5 up 5\n1.5-2.5: cell 6 rotate 1000000, cell 6 down 75, CELL 7 ROTATE 1000000, CELL 7 DOWN 75, left 25, CELL 8 ROTATE 1000000, CELL 8 DOWN 75, right 25, cell 1 down 5, cell 2 down 5, cell 3 down 5, cell 4 down 5, cell 5 down 5\n2.5-3.5: cell 6 rotate 1000000, cell 6 up 10000, CELL 7 ROTATE 1000000, CELL 7 LEFT 10000, CELL 8 ROTATE 1000000, CELL 8 right 10000, cell 1 up 5, cell 2 up 5, cell 3 up 5, cell 4 up 5, cell 5 up 5\n3.5-4.5: CELL 7 UP 38, RIGHT 25, ROTATE 1000000, CELL 8 UP 38, RIGHT 25, ROTATE -1000000, CELL 9 DOWN 5, CELL 9 DOWN 75, cell 1 down 5, cell 2 down 5, cell 3 down 5, cell 4 down 5, cell 5 down 5\n4.5-5.5: CELL 1 LEFT 5, CELL 2 ROTATE -50, UP 10, CELL 3 ROTATE -30, UP 20, RIGHT 16, CELL 4 ROTATE -40, UP 3, CELL 5 ROTATE -40, RIGHT 10, UP 4, CELL 6 ROTATE 1000000, RIGHT 20, UP 10, CELL 9 UP 5, CELL 9 ROTATE 90, cell 1 up 5, cell 2 up 5, cell 3 up 5, cell 4 up 5, cell 5 up 5\n5.5-6.50: CELL 7 UP 38, RIGHT 25, ROTATE -1000000, CELL 8 UP 38, RIGHT 25, ROTATE 1000000, CELL 9 DOWN 5, CELL 9 LEFT 10000, cell 1 down 5, cell 2 down 5, cell 3 down 5, cell 4 down 5, cell 5 down 5, play sound\n6.50: restart","soundId":"53ce3f2140a04aa71084b44d"},{"reactsTo":["someone_arrives"],"attr":[5,6,1],"textSize":89}],"n":["floor","castle dirt","stairs","stairs","sides","castle block","castle block","sign","shadow demon","sound3"],"dr":[0,0,1,0,3,0,0,0,0,0]}}