{"ece":false,"wsh":"ws14x5.ws.manyland.com","wsp":80,"ifa":false,"ieh":false,"sub":true,"adr":{"angle":0,"speed":0},"apr":"INDIVIDUALS","spe":false,"acl":{"x":15,"y":15},"aad":{"areaName":"piss","title":"piss's final ad","allCount":1,"stablerAreaName":"piss","stablerTitle":"piss's final ad"},"aid":"556ebbebd7835e8367c4b98f","gid":"55657bcebdd3248b656e90aa","iid":"566e6c94783ee4921e4a778c","arn":"shadow castle","aun":"theshadowwithin","agn":"the shadow within","ard":"The Shadows walked through the lonely woods, blades full of blood. The cloaked figures are the only hope for humanity, Embrace The Shadow Within!","axx":false,"aul":false,"mpv":3}