{"base":"DYNATHING","creator":"533520bf11ef64363f000d5c","id":"55aa6c94b8aeec216168cd3e","name":"abyss effect","prop":{"attr":[10],"text":"0s: cell 1 show, cell 1 down 38, cell 1 left 28, cell 2 show, cell 2 down 38, cell 3 show, cell 3 down 38, cell 3 right 28, CELL 4 DOWN 38, CELL 4 LEFT 28, CELL 5 DOWN 38, CELL 6 DOWN 38, CELL 6 RIGHT 28\n\n0-3s: cell 1 hide, cell 2 hide, cell 3 hide, cell 4 show, cell 5 show, cell 6 show\n3-6s:cell 4 hide, cell 5 hide, cell 6 hide, cell 1 show, cell 2 show, cell 3 show\n6s:restart"}}