{"base":"READABLE","creator":"533520bf11ef64363f000d5c","id":"54697e4c92ce62b459f2df46","name":"sign","prop":{"textSize":935,"textData":"Greetings! and welcome to captain king brown's snow fort.\n\nthis fort serves as the grounds for some seasonal gladitorial combat.\n\n--------------------------------------------------------------\nobjective: using the snowballs provided, knock any opposing players to the bottom of the fort. Last player standing wins.\n--------------------------------------------------------------\n\nRules: \n1) the game must strictly be played with only snowballs, any other emitter, wearable, mountable or equipment brought from elsewhere is considered cheating.\n\n2) once knocked to the bottom of the fort, you are disqualified from the game. climbing the sides and re-entering the game from the top of the fort is prohibited, however you are free to spectate from the central spectator's area. \n\n[to access the spectator's area, push space on one of the doors flanking the central exit.]\n\n3) have fun, be respectful and be Polite.\n\n--Captain king brown--","attr":[2],"rgb":"158,170,185","rgb2":"255,255,255"}}