{"base":"READABLE","creator":"5003d713a0b60c386b0000a1","id":"54c61dcd3df419f155769ee6","name":"writable etiquette","prop":{"textSize":1960,"rgb2":"69,69,69","rgb":"255,255,255","textData":"Writable etiquette\n===================================\n\nThe etiquette and terms for Writable forums follow the etiquette and terms – for instance, to always be respectful. In addition:\n\n- Please use self-descriptive titles. For instance, the title \"Suggestion: Feedable Pets\" would be used instead of just \"Suggestion\".\n\n- It is against the etiquette to post issues specifically related to an account, or one person, on general writables (or really, any other public place). Account-related issues need to be either discussed in person, or if that's not possible, discussed in private with support. This helps the privacy of all involved.\n\n- Please do not share any personal details of others on the board, including their location, their activities, their hobbies, profession, what they do or don't do, what they told you in chat etc. Please do not represent or quote others, but allow them to speak for themselves. Please do not post photos of others. Please do not share what you found out about others on the web or elsewhere. Again, privacy is important.\n\n- Complaints about other Manyzens should be written in Flag reports, but not writables.\n\n- Please do not bump your own threads (e.g. adding a follow-up to them if they didn't yet yield a reply).\n\n- If a thread was closed, please do not reopen it under a new title (you can contact support if you want to know more about the reasons).\n\n- Please do not post very personal information about yourself, like your home address, email address, or phone number on a Writable.\n\n- Threads posted should be appropriate for the topic of the board, and comments posted should be appropriate for the subject of the thread posted in. On boards with high posting frequency and a bigger audience, please keep comment and thread relevancy high, the message clear, and posting quantity and frequency in proportion.\n\nA big thanks to everyone who participates in writables!\n\nmore info: http://manyland.com/info#etiquette"}}