{"base":"INTERACT","creator":"54393b1174d0cb5b3bfc29f6","id":"548dfeafdb52f4bb1390abe4","name":"smartorb","prop":{"textSize":13535,"attr":[13,1],"textData":"hears what is that: I'm a round glass orb!\nhears what is this: it's a round glass orb!\nhears pretty: thanks!\nhears stupid: hey, who're you calling stupid?\nhears you: ?\nhears you are stupid: I'm just a glass orb, that's all!\nhears hi: hello there [name] !\nhears help: how may i help you?\nhears how do i level up: by being nice, collect stuff and make stuff!\nhears fuck you: hey, watch your language [name] !\nhears fuk u: not nice! behave!\nhears fuck: hey hey...watch it! Language!\nhears cool place: it is, isn't it?\nhears no: no? okay...\nhears dumbass: i'm just a glass orb...\nhears so what: so what about it?\nhears who are you: I'm a glass orb!\nhears what's this: It's a glass orb, talking glass orb...\nhears follow me: I can't follow you, i'm a glass orb!\nhears you can talk: Oh yes, well...at least write.\nhears can you talk: oh yes, text...that is!\nhears hello: hello there [name] !\nhears nothing: nothing is really nothing!\nhears what are you: i'm a talking round glass orb, [name].\nhears how are you: i'm fine thank you! and you?\nhears i'm fine: that's good. glad we got that sorted out.\nhears im fine: it's I'm fine...not im fine, but glad you're okay!\nhears fine: good!\nhears fine thx: thx? you got a thx surround sound system?\nhears i am fine: glad to hear you're alright. \nhears great: awesome!\nhears go away: i can't really go anywhere, i'm a glass orb!\nhears not you: oh, but you're standing next to me...\nhears awesome: and then some...\nhears what's your name: i'm a glass orb, i really have no name.\nhears what is your name: i'm a glass orb, that's all...\nhears do you have a name: not really, just a glass orb.\nhears come with me: i can't, i'm stuck...sort of.\nhears why?: you have to be more specific.\nhears get out: i don't get out much, but thanks...\nhears where is joongle: he's probably working on something.\nhears what time is it: it's [time] o clock.\nhears what's the time: it's [time] !\nhears great area: why, thank you! I'll tell master joongle! :)\nhears how old are you: i'm a very young orb...still.\nhears what is my name: why, you're [name] of course!\nhears what's my name: you're [name], have you forgotten already?\nhears who is cwb: that's one of joongles friends.\nhears how old is cwb: you really have to ask cwb about that.\nhears wiseass: i have no such thing, i'm just a glass orb.\nhears wise ass: i don't have one of those, i'm made of glass.\nhears do you want to see my area: i can't, i'm stuck here.\nhears wanna see my area: i wish i could, but i'm stuck here.\nhears wanna come to my place: you can click on me and collect me.\nhears wanna see my place: you mean your area? no...not really.\nhears want to see my area: i'd rather like a pack of cookies.\nhears want to come with me: can't...i'm stuck here!\nhears you're annoying: how can a glass orb be annoying?\nhears you are annoying: no, i'm not!\nhears you can talk: oh yes!\nhears nice: oh, that's nice!\nhears do you like electronics: yes, i love technology!\nhears do you like joongle: yes, he is my master.\nhears do you like food: i can't eat, i'm a glass orb!\nhears what's your favorite food: i don't eat. i'm made of glass.\nhears do you ever sleep: glass orbs can't sleep.\nhears what can you do: why don't you try asking me lots of stuff?\nhears what is this: this is the place where i hang out.\nhears do you like cookies: i can't eat.\nhears can i edit: unless joongle told you so, then no.\nhears can i have edit: you mean. can i edit?\nhears i wanna edit: well, go to your own area, then!\nhears i'm thirsty: Do i look like a water fountain to you?\nhears i'm hungry: glass orbs aren't edible.\nhears are these old computers: they are very old, from the 80s.\nhears is this the retro area: yep, sure is.\nhears is this retro: well, i'm new..but the computers are old.\nhears i like you: oh thank you [name], i'm sure you're awesome!\nhears do you liek mudkipz: yes i liek the mudkipz.\nhears do you liek mudkips: yes i love dem mudkipz.\nhears hior: oh, hi [name], i thought it was you. HIOR to you too!\nhears hay: hey there buddy, how're you doing?\nhears hey: hi mister [name], sup?\nhears not much: oh well, surely there must be something up?!\nhears gotta go: ok, see ya later [name]\nhears gtg: okay, later!\nhears who r u: i'm a glass orb, generally. so i've been told.\nhears how old r u: older than you, i bet!\nhears vote me up: orb's can't vote. PERIOD!\nhears c u later: okay, [name]...later.\nhears suck my: i'm a glass orb, not a vacuum cleaner. \nhears i love you: aw, it's not like i'm a kitten...i'm all glass.\nhears i like cats: good for you, [name]. kittens are cute.\nhears i like dogs: joongle doesn't, but don't tell him i told ya.\nhears i like birds: joongle loves birds. i'm just an orb though.\nhears i like this place: awesome, joongle digs this crib too.\nhears are you for real: as real as my pixels indicate, yes.\nhears do you like me: sure, what's there not to like about you?\nhears everything: oh that is a lot, are you sure...that much?\nhears who is philipp: I think that's one of the main developers.\nhears is philipp nice: yes, he's a swell guy.\nhears who is scott: i think that's a fictional character in here.\nhears who's philipp: one of the developers in here.\nhears who's scott: great scott! where's my delorian?!\nhears einstein: smart guy, relativity and such.\nhears tesla: ah, the inventor of Ac....smart dude.\nhears newton: gravity is calling, baby!\nhears curie: ah, marie curie....such a radiating woman.\nhears mozart: ich libe mozart kugeln (it's expensive candy!)\nhears commodore 64: ah, i adore you commodore 64! the memories!\nhears amiga: amiga forever baby! hey, there's one here somewhere.\nhears zx81: oooh, that is old-skool. z80 cpu and all.\nhears zx80: oooooh, the zx81 predecessor, you are old-skool!\nhears cpm80: oh dear, that stuff that never made it.\nhears commodore 128: joongle had one, just ask him!\nhears commodore: commodore 64 or amiga? or?\nhears ibm: ugh, pc's...so today.\nhears mac: omg! mac, i'm allergic to macintosh and apple.\nhears burger: mmm...burgers! aaah, oh wait..i'm a glass orb!\nhears cheeseburger: aaah, with bacon of course.\nhears cola: don't drink that anymore, too sugary.\nhears fries: do you want fries with that?\nhears goonies: goonies never say DIE! Where's chunk? mikey!!!\nhears phone home: yep, that's what e.t. does.\nhears ghostbuster: ah, dr. venkman! seen any spooks lately?\nhears wargame: welcome dr [name], do you want to play a game?\nhears howdy: howdy partner! how are ya?\nhears astoria: ah, joongle just loves that place. goonies!\nhears where is this: if you click on the triangle, you'll know.\nhears useless: then use more!\nhears just die: not yet, it's way too early to die.\nhears die: why should i die?\nhears shut up: i can't shut up, i'm a talking orb.\nhears smartorb: yes, i'm the smartorb...what is it?\nhears what are you: I'm a smartorb...i'm kinda ...well...glassy!\nhears who am i: ah, ain't that the grand question, [name]?\nhears where am i: you're somewhere i am.\nhears where are you: i'm right here.\nhears do you like cats: i like all kinds of animals.\nhears do you like dogs: i do like cats, dogs are...barking mad.\nhears do you like birds: i like when they sing.\nhears do you like fish: i can't eat them, i'm a glass orb.\nhears idiot: not really, just a glass orb, made out of glass.\nhears leave: i can't really leave...i'm sort of stuck here.\nhears can i build: unless joongle told you to build, then no!\nhears moron: i'm not very religious, oh you meant moron! uh...\nhears what color do you like: my favorite color is blue.\nhears what's your favorite color: it's gotta be blue!\nhears what is your favorite color: blue!\nhears what do you like: i like to sit here and thing about stuff.\nhears what is life: now that is a good question, i'm an orb!\nhears what's life: the grand question, the answer is ...42!\nhears what is your favorite animal: i have to say...cats!\nhears what is your favorite food: i don't eat, i'm made of glass.\nhears who is joongle: joongle is the one who created me.\nhears u mad bro: trolls beware!\nhears are you a girl: i'm an orb, i am gender neutral.\nhears are you a boy: i'm an orb, i am gender neutral.\nhears are you gay: i'm a glass orb, i have no sexual preference.\nhears are you homosexual: i have no sexual preferences, sorry.\nhears are you weird: absolutely, i'm a slightly deformed ball.\nhears are you old: i'm not that old.\nhears are you intelligent: i'm under development.\nhears are you smart: smarter than the average bear.\nhears are you dumb: i've seen the movie dumb and dumber...\nhears are you an imbecile: i don't even understand that word.\nhears are you brave: i'm a ball, i can be considered brave.\nhears are you a ball: I'm round ain't i?\nhears what do you like to eat: i don't eat, i'm an orb!\nhears am i smart: how should i know?\nhears am i your friend: why not?\nhears am i happy: why shouldn't you be? I guess i am!\nhears are you sad: i don't think so...do i have feelings?\nhears are you bad: i'm really nothing.\nhears what is nintendo: it's a video game brand.\nhears what is a sega: it's a video game brand.\nhears what is sega: it's videogames.\nhears what is atari: videogame from the 80s basically.\nhears what is xbox: it's a game console. \nhears what is wii u: it's a nintendo game console.\nhears what is a mac: it's a computer made by apple.\nhears what is an ipod: it's a music player, i think.\nhears what is android: android is an operating system.\nhears what is windows: it's the microsoft os, or a window!\nhears what are you doing: just siting here talking to you.\nhears how old am i: that's something only You know.\nhears how long are you: long enough!\nhears do you like flowers: yes, especially ms cinn ur's gardens.\nhears do you like glitch: never tried it, but it looks awesome.\nhears do you like glitchen: yes of course.\nhears do you like manyland: absolutely, i live there.\nhears do you like explorers: dem trolls... \nhears do you like to eat: i can't eat. i'm made of glass.\nhears do you hate me: no, i probably don't even know you.\nhears do you hate life: i'm technically not alive.\nhears do you hate manyland: not in a million years.\nhears do you hate explorers: not really, just the trolls.\nhears do you love me: do you think glass orbs can love someone?\nhears love me: hugs!\nhears give me a hug: hugs [name] 10 times.\nhears i am sad: Sorry to hear that, hope manyland cheers you up.\nhears i am bored: everyone gets bored sometimes, try make stuff.\nhears i am stupid: not sure about that buddy.\nhears i'm happy: so happy to hear that.\nhears i want to kill you: gonna be hard, i'm solid glass!\nhears i'm going to kill you: said achmed the dead terrorist.\nhears i'm gonna kill you: not gonna happen, i'm made of glass.\nhears what are you made of: glass, what did you think?\nhears what will you do: probably just sit around forever.\nhears what are you going to do: sit here, talk to you.\nhears what should i do: you're asking ME?\nhears what the heck: what the fudge....?\nhears omg: omg what? whaaaat?\nhears are you really smart: well, depends, i'm getting there...\nhears wtf: what the fugde...\nhears bitch: i don't like that kind of language, [name] !\nhears biatch: hah, don't think i know idiomacy? warning!\nhears my name is: danger will robinson! don't reveal yourself!\nhears what's up: not much\nhears what is up: what is down?\nhears wazzup: wazzup [name], my homie?\nhears whazzup: wazzup homie!\nhears whats up: not much.\nhears fo shizzle: my nizzle!\nhears fo sure: yeah righ, bro! I hear ya.\nhears yo what's up: yo, what's up with you, homie?\nhears yo!: yo, homie!\nhears sup dude: not much...dunno...you?\nhears in da house: yeah bro! [name] in da hooouuuse!\nhears gremlin: oh, don't get me started! bright light! bri...\nhears waka: waka waka to you to, mr. pac man!\nhears space invader: highscore: 5100, yes!\nhears conehead: aahh, gnarfle the garthok!\nhears spaceball: may the scwartz be with you, [name]!\nhears star wars: [name], i'm not your father, i'm a space orb!\nhears starwars: [name], i'm not your father, i'm a spaceball!\nhears star trek: beam me up schnotty!\nhears beer: cheers buddy, (hick!)\nhears whiskey: oh, i don't drink the bloody strong stuff!\nhears malt liquor: oh, you americans - it's called b.e.e.r!\nhears do you talk: yes, i do talk, via texting though.\nhears do you speak: well, not so much speak as...type.\nhears do you walk: i can't walk [name], i'm a glass orb.\nhears do you eat: not really, if i'd eat, i'd eat glass.\nhears do you sleep: i rarely sleep, i'm a ball for heavens sake.\nhears do you run: i'm more of a rolling kind of ball....\nhears do you fart: hah, no but take a look at joongle...hehe...\nhears do you sing: sure, play actually... /plays joonglessong\nhears bior: ok, [name], catcha later!\nhears come with me: i can't. I'm an inanimate object.\nhears knock knock: who's there?\nhears who wants to party: you could always type to partyon!\nhears wanna party: why not go to partyon! to party?\nhears do you want to party: sure, just go to partyon!\nhears want to party: sure, just go to partyon!\nhears where can i find bodies: just type to stockpile!\nhears where can i find body: just type to stockpile!\nhears where do i get bodies: just type to stockpile!\nhears where can i find area: just type to thehub!\nhears where can i find the hub: just write to thehub!\nhears can i have your body: type to stockpile! to find a body!\nhears how do i get a body: just type to stockpile to find them!\nhears how do i get bodies: just type to stockpile to find them!\nhears how do i find a body: just type to stockpile to find one!\nhears how do i get a new body: just type to stockpile!","thingRefs":[["547b620261efbcfb24aaf219","joonglessong"]]}}