{"base":"INTERACT","creator":"54393b1174d0cb5b3bfc29f6","id":"54b97aeb8a7ca2c22a77fa4c","name":"prison","prop":{"textSize":400,"attr":[5,6,1],"textData":"someone says prison: /PLACES AUDIO-FREE 15s prison1 -0 -4,-1 -4,-2 -4,-3 -4,1 -4,2 -4,3 -4,prison1 -0 1,-1 1,-2 1,-3 1,1 1,2 1,3 1,prison1 -4 -4,prison1 4 -4,prison1 4 -3,4 -2,4 -1, 4 -0,prison1 4 1,-4 1,prison1 -4 -0,-4 -1,-4 -2,-4 -3,prison2 -3 -0,-2 -0,-1 -0,-0 -0,1 -0,2 -0,3 -0,-3 -1,-2 -1,-1 -1,-0 -1,1 -1,2 -1,3 -1,-3 -2,-2 -2,-1 -2,-0 -2,1 -2,2 -2,3 -2,-3 -3,-2 -3,-1 -3,-0 -3,1 -3,2 -3,3 -3\n","reactsTo":["someone_says"],"thingRefs":[["54b977b88f5e37027a3129cd","prison1"],["54b9783a7d6397a929540d89","prison2"]]}}