{"base":"INTERACT","creator":"54393b1174d0cb5b3bfc29f6","id":"58f37c9863acfa9c13e1e966","name":"soundbush","prop":{"textSize":2440,"attr":[1,5,6],"textData":"someone says drunk: /plays glitchy cauldron\nsomeone says evil: /plays evil laugh\nsomeone says eerie: /plays romantic\nsomeone says party: /plays night club\nsomeone says dinner: /plays dinner party\nsomeone says storm: /plays wind\nsomeone says money: /plays getting coins 2\nsomeone says bird: /plays chick\nsomeone says bath: /plays shower water sprinkling\nsomeone says popcorn: /places 5s popcorn 2 -19 -10,-18 -18,-14 -12,-10 -15,-5 -8, /plays popcorn\nsomeone says feces: /places 5s species 2 -19 -10,-18 -18,-14 -12,-10 -15,-5 -8\nsomeone says pinball: /plays pinball machine playing\nsomeone says honest: /plays holy chorus\nsomeone says holy: /plays holy chorus\nsomeone says noes: /plays voice shock\nsomeone says crap: /plays voice shock\nsomeone says spooky: /plays female pain scream 2\nsomeone says idea: /plays metal gong\nsomeone says glitchen: /plays man laugh\nsomeone says hoot: /plays owl\nsomeone says baby: /plays baby laugh\nsomeone says tickle: /plays baby laugh\nsomeone says heya: /plays voice heyah\nsomeone says whistle: /plays attention seeking whistle\nsomeone says toys: /plays glitchy musicblock dr1\nsomeone says industry: /plays futuristic background noise\nsomeone says omg: /places 2s bigo -6 -5\nsomeone says WOW: /places 2s WOW -3 2\nSOMEONE SAYS \"MAKE AMERICA GREAT AGAIN\": /places 2s MAGA -6 -5\nSOMEONE SAYS \"MAGA\": /places 2s MAGA -1 -3\n\nsomeone says zap chair 01: /places 2s lyn1 -6 2,-6 1,-6 0,-6 -1,-6 -2,-6 -3,-6 -4,-6 -5,-6 -6,-6 -7,-6 -8,-6 -9,-6 -10,death1 -6 3,-7 3\nsomeone says zap chair 2: /places 2s lyn1 -10 2,-10 1,-10 0,-10 -1,-10 -2,-10 -3,-10 -4,-10 -5,-10 -6,-10 -7,-10 -8,-10 -9,-10 -10,death1 -10 3,-11 3\nsomeone says zap chair 3: /places 2s lyn1 -14 2,-14 1,-14 0,-14 -1,-14 -2,-14 -3,-14 -4,-14 -5,-14 -6,-14 -7,-14 -8,-14 -9,-14 -14,death1 -14 3,-15 3\nsomeone says zap chair 4: /places 2s lyn1 -18 2,-18 1,-18 0,-18 -1,-18 -2,-18 -3,-18 -4,-18 -5,-18 -6,-18 -7,-18 -8,-18 -9,-18 -18,death1 -18 3,-19 3\nsomeone says zap chair 9: /places 2s lyn1 -9 0,-9 -1,-9 -2,-9 -3,-9 -4,-9 -5,-9 -6,-9 -7,-9 -8,-9 -9,death1 -8 1,-9 1\nsomeone says zap chair 10: /places 2s lyn1 -5 0,-5 -1,-5 -2,-5 -3,-5 -4,-5 -5,-5 -6,-5 -7,-5 -8,-5 -9,death1 -5 1,-4 1\nsomeone says zap chair 11: /places 2s lyn1 -2 -2,-2 -3,-2 -4,-2 -5,-2 -6,-2 -7,-2 -8,-2 -9,-2 -10,-2 -11,death1 -2 -1,-3 -1\nsomeone says zap chair 12: /places 2s lyn1 -10 -2,-10 -3,-10 -4,-10 -5,-10 -6,-10 -7,-10 -8,-10 -9,-10 -10,-10 -11,death1 -9 -1,-10 -1\n\n\n\n\n\n","reactsTo":["someone_says"],"thingRefs":[["5433fd8a68a1488745136a35","glitchy cauldron"],["546e3c9312e070e56037cba0","evil laugh"],["53c82a800b2cd0a3114dc5bc","romantic"],["53c84ce5cef9c586448efeaf","night club"],["53c84b049d65e3be6dce051b","dinner party"],["53c7c2587953f3385bc5aa7d","wind"],["53c82357482e90543a3f53ee","getting coins 2"],["53c7bc8e7953f3385bc5aa6f","chick"],["53c8d2b1a8423a234e8de609","shower water sprinkling"],["53c8d2a3a8423a234e8de608","popcorn"],["53c8d281f8ca590e7898d243","pinball machine playing"],["53c8239a7953f3385bc5ab5c","holy chorus"],["53ce38190ecc0c630ccc053f","voice shock"],["5415b17d1e1e9dd51db607c4","female pain scream 2"],["54b55c95068d48aa0d4cce78","metal gong"],["53f5d02059e4417408fd06fd","man laugh"],["545936ef00890d3f31f82385","owl"],["54b84a224f55fa1527aea7f2","popcorn 2"],["53ce3a1311a6b0e4054cbe6c","baby laugh"],["53ce365211a6b0e4054cbe61","attention seeking whistle"],["53ce465f62cf163c3409de2e","glitchy musicblock dr1"],["53ce3dda62cf163c3409de20","futuristic background noise"],["53ce36a040a04aa71084b440","voice heyah"],["54de613b24b6bbeb53651dd8","death1"],["54de62763827a1397656b462","lyn1"],["54df6ef98ccf3337769519a2","species"],["54f91d0fd4db6bcf28d173f0","bigo"],["58f37b053607ec8b1373bced","maga"],["58f37c07046c399d134edfda","wow"]]}}