{"base":"CHANGER","creator":"54392ed9da48c0bb624c0490","id":"55142d337587080b0cc2276a","name":"copy palette","prop":{"textSize":491,"attr":[1],"textData":"function change(creation) {\n  if (creation.type == enumType.dynamic && creation.text) {\n    if(creation.text.length > 50)\n      import_color(creation);\n    else\n      export_color(creation);\n  } else {\n    creation = {};\n    creation.feedback = 'This changer requires a dynamic';\n  }\n  return creation;\n}\n\nfunction export_color(creation) {\n  creation.text = JSON.stringify(creation.colors);\n}\n\nfunction import_color(creation) {\n  creation.colors = JSON.parse(creation.text.toLowerCase());\n}\n","clonedFrom":"55018c6bfe6750b40b58aa6f"}}