{"base":"DYNATHING","creator":"544549cc0af9afc5132fb5b6","id":"555abcabbaf36ec042b7e4c3","name":"nosy","prop":{"attr":[2,11],"text":"0: cells show, down 5, text W\n0.1: CELLS SHOW, TEXT WH\n0.2: CELLS SHOW, TEXT WHA\n0.3: CELLS SHOW, TEXT WHAT\n0.4: CELLS SHOW, TEXT WHAT \n0.5: CELLS SHOW, TEXT WHAT A\n0.6: CELLS SHOW, TEXT WHAT A n\n0.7: CELLS SHOW, TEXT WHAT A NA\n0.8: CELLS SHOW, TEXT WHAT A NAS\n0.9: CELLS SHOW, TEXT WHAT A NAST\n1: CELLS SHOW, TEXT WHAT A NASTY\n1.1: CELLS SHOW, TEXT WHAT A NASTY \n1.2: CELLS SHOW, TEXT WHAT A NASTY A\n1.3: CELLS SHOW, TEXT WHAT A NASTY AF\n1.4: CELLS SHOW, TEXT WHAT A NASTY AFF\n1.5: CELLS SHOW, TEXT WHAT A NASTY AFFA\n1.6: CELLS SHOW, TEXT WHAT A NASTY AFFAI\n1.7: CELLS SHOW, TEXT WHAT A NASTY AFFAIR\n1.8: CELLS SHOW, TEXT WHAT A NASTY AFFAIR!"}}