{"base":"INTERACT","creator":"544549cc0af9afc5132fb5b6","id":"555ad76608de74c242132c4e","name":"dialog_1","prop":{"textSize":153,"attr":[5],"textData":"someone arrives and they possess love letter: /waits 0.05 /love letter\ntouches and they possess love letter: /shows wifeloveletter /they possess bottle 1","reactsTo":["someone_arrives"],"thingRefs":[["555a6a419ccbe7150886885a","love letter"],["555a7d09de92a7ee25557df6","bottle"],["555a7c9315ebac0f086aaf4e","wifeloveletter"],["555a9d02382631f2255ffe37","bottle 1"]]}}