{"base":"DYNATHING","creator":"544549cc0af9afc5132fb5b6","id":"555a98b49d354be05382ab8a","name":"eviltwin","prop":{"attr":[2,11],"text":"0: cells show, down 5, text W\n0.1: CELLS SHOW, TEXT WH\n0.2: CELLS SHOW, TEXT WHA\n0.3: CELLS SHOW, TEXT WHAT\n0.4: CELLS SHOW, TEXT WHAT \n0.5: CELLS SHOW, TEXT WHAT D\n0.6: CELLS SHOW, TEXT WHAT DO\n0.7: CELLS SHOW, TEXT WHAT DO \n0.8: CELLS SHOW, TEXT WHAT DO Y\n0.9: CELLS SHOW, TEXT WHAT DO YO\n1: CELLS SHOW, TEXT WHAT DO YOU\n1.1: CELLS SHOW, TEXT WHAT DO YOU \n1.2: CELLS SHOW, TEXT WHAT DO YOU W\n1.3: CELLS SHOW, TEXT WHAT DO YOU WA\n1.4: CELLS SHOW, TEXT WHAT DO YOU WAN\n1.5: CELLS SHOW, TEXT WHAT DO YOU WANT\n1.6: CELLS SHOW, TEXT WHAT DO YOU WANT?\n"}}