{"base":"INTERACT","creator":"544549cc0af9afc5132fb5b6","id":"555ad72e4fa6b8f42542b540","name":"greta wilson","prop":{"textSize":289,"textData":"TOUCHES AND THEY DON'T HOLD *: /SHOWS wife\nTOUCHES DETECTIVE'S NOTEBOOK: /SHOWS greta wilson's testimony /THEY are GRETA WILSON'S TESTIMONY\nTOUCHES MAGNIFYING: /SHOWS wifeMAGNIFYING\nTOUCHES love letter: /SHOWS wifeloveletter /they possess bottle 1\ntouches fancy perfume: /shows wifeperfume","thingRefs":[["555a7a59673f80e453bc15c7","wife"],["555a623acbb647f025e7d58f","greta wilson's testimony"],["555a7d09de92a7ee25557df6","bottle"],["555a8030673f80e453bc1641","wifemagnifying"],["555a9d02382631f2255ffe37","bottle 1"],["555ac0993ff9a813080a0f6d","wifeperfume"],["555a7c9315ebac0f086aaf4e","wifeloveletter"]],"clonedFrom":"55543f75568c0b1608405f07"}}