{"base":"READABLE","creator":"544549cc0af9afc5132fb5b6","id":"555a7c9315ebac0f086aaf4e","name":"wifeloveletter","prop":{"textSize":311,"rgb2":"228,228,228","rgb":"35,35,35","textData":"O-OH! THIS...\n...YES. IT IS TRUE. I KNOW IT WAS UNFAITHFUL OF ME, BUT MISS larissa moore...SHE REMINDED ME WHAT LOVE IS MEANT TO BE LIKE. I WAS PLANNING TO DIVORCE MY HUSBAND...BUT I SUPPOSE IT DOESN'T MATTER NOW.\n...PLEASE, TAKE THIS. I WAS GOING TO SHARE IT WITH HER, BUT SOMETHING ABOUT IT SEEMED...STRANGE. "}}