{"base":"INTERACT","creator":"544549cc0af9afc5132fb5b6","id":"555ad081baf36ec042b7e574","name":"nathan turner","prop":{"textSize":206,"attr":[8,17,5],"textData":"someone holder-selects something else: /SHOWS evilp2\nSOMEONE HOLDER-SELECTS testimony: /SHOWS eric turner'S TESTIMONY /THEY are eric TURNER'S TESTIMONY\nSOMEONE HOLDER-SELECTS inspect: /SHOWS evilMAGNIFYING\n","reactsTo":["someone_holder-selects"],"thingRefs":[["555a9969cbb647f025e7d993","evilmagnifying"],["555a98c215ebac0f086ab287","evilp2"],["555ac8ce382631f2255ffe92","eric turner"],["555a603f4fa6b8f42542ad55","eric turner's testimony"]],"clonedFrom":"55543fc60d4464da36ce06b2"}}