{"base":"DYNATHING","creator":"544549cc0af9afc5132fb5b6","id":"555a97df4fa6b8f42542b26c","name":"eviltwin","prop":{"attr":[2,11],"text":"0: cells show, down 5, text H\n0.1: CELLS SHOW, TEXT HR\n0.2: CELLS SHOW, TEXT HRM\n0.3: CELLS SHOW, TEXT HRMP\n0.4: CELLS SHOW, TEXT HRMPH\n0.5: CELLS SHOW, TEXT HRMPH.\n0.6: CELLS SHOW, TEXT HRMPH. \n0.7: CELLS SHOW, TEXT HRMPH. W\n0.8: CELLS SHOW, TEXT HRMPH. WH\n0.9: CELLS SHOW, TEXT HRMPH. WHA\n1: CELLS SHOW, TEXT HRMPH. WHAT\n1.1: CELLS SHOW, TEXT HRMPH. WHAT \n1.2: CELLS SHOW, TEXT HRMPH. WHAT A\n1.3: CELLS SHOW, TEXT HRMPH. WHAT A \n1.4: CELLS SHOW, TEXT HRMPH. WHAT A B\n1.5: CELLS SHOW, TEXT HRMPH. WHAT A BO\n1.6: CELLS SHOW, TEXT HRMPH. WHAT A BOT\n1.7: CELLS SHOW, TEXT HRMPH. WHAT A BOTH\n1.8: CELLS SHOW, TEXT HRMPH. WHAT A BOTHE\n1.9: CELLS SHOW, TEXT HRMPH. WHAT A BOTHER\n2: CELLS SHOW, TEXT HRMPH. WHAT A BOTHER."}}