{"base":"INTERACT","creator":"544549cc0af9afc5132fb5b6","id":"555af3a58b0eee170833ccea","name":"dialog_1","prop":{"textSize":147,"attr":[5],"textData":"someone arrives and they possess gold ring: /waits 0.05 /gold ring\ntouches and they possess gold ring: /shows evilgoldring 1 /they possess snapshot","reactsTo":["someone_arrives"],"thingRefs":[["555a97694fa6b8f42542b25b","evilgoldring"],["555a9be9cbb647f025e7d9a1","gold ring"],["555af34308de74c242132ca1","evilgoldring 1"],["555af2268b0eee170833cce4","snapshot"]]}}