{"base":"READABLE","creator":"53a3ea4e60f9675d509665a6","id":"555ac0b0de92a7ee255583e6","name":"detective talk","prop":{"textSize":1274,"rgb2":"0,0,0","rgb":"255,255,255","textData":"well, here we are, rookie. The big time. Your record as a regular cop is something to be proud of, so i'll let you have this case all to yourself. Besides, i had a big breakfast and need a nap.\n\nThis case seems pretty run-of-the mill... for a homicide. Only difference is, there's a lot of suspects involved. Talk to them, get to know them a bit... One of them's your murderer, but it's important to talk to every suspect so you don't get the wrong guy. In fact, you should watch what people say to you...the murderer might try to throw you off the trail with some fake evidence.\n\nYou can use this **notebook** to write down the suspects' statements. Keep it updated so you can make sure everyone's stories line up. I'll also give you this **magnifying glass.** use it on things around the house to look for clues.\n\nBut be careful. The Things you might find aren't always what they seem, and the suspects might not tell the truth the first time around. Sometimes they'll need a little prompting to get the whole story, so be sure to keep track of those clues. IF YOU FIND ANYTHING YOU THINK MIGHT BE some good evidence, SHOW IT AROUND TO PEOPLE. IT MIGHT BE JUST WHAT THEY NEED TO JOG THEIR MEMORY...HELP YOU CRACK THE CASE.\n\nGood luck, detective. We're all counting on you."}}