{"base":"READABLE","creator":"5334957d82ce8b473e00047f","id":"555a603f4fa6b8f42542ad55","name":"eric turner's testimony","prop":{"textSize":352,"rgb2":"35,35,35","rgb":"228,228,228","attr":[3],"textData":"**eric turner**\nexemplary twin or evil thug?\n\nI WAS IN THE PORTRAIT HALL WHEN THE OLD CHAP KICKED IT. NORMALLY I'D VISIT THE LIBRARY, BUT TONIGHT I DIDN'T FEEL THE MOOD AND DIDN'T SET FOOT IN THERE ALL EVENING.\n\nIF YOU ASK ME, MY MONEY'S ON THE BUTLER. IT CAN'T BE EASY WORKING FOR THAT TYRANT ALL THESE YEARS. PLUS I SAW HIM SKULKING INTO THE LIBRARY."}}