{"base":"READABLE","creator":"5334957d82ce8b473e00047f","id":"555a6007150554be42714c00","name":"nathan turner's testimony","prop":{"textSize":440,"rgb2":"35,35,35","rgb":"228,228,228","attr":[3],"textData":"**nathan turner**\nnosy twin or nasty traitor?\n\nI SWEAR I DIDN'T DO IT! I BARELY KNEW THE OLD MAN! i didn't like him much though. he was always calling me irresponsible and childish and rude. \n\nI WAS IN THE BILLIARDS ROOM WHEN...UGH, IT HAPPENED. IT'S THE ONLY PLACE TO HAVE ANY FUN HERE.\n\nI SAW MY UNCLE'S \"FRIEND\" larissa moore HEAD UP TO THE TOWER AT ONE POINT. YOU WON'T CATCH ME ON THOSE STAIRS! THIS PLACE IS SO OLD IT'S FALLING APART!"}}