{"base":"INTERACT","creator":"544549cc0af9afc5132fb5b6","id":"555af3cd9d354be05382ad63","name":"eric turner","prop":{"textSize":293,"textData":"TOUCHES AND THEY DON'T HOLD *: /SHOWS evil nephew\nTOUCHES DETECTIVE'S NOTEBOOK: /SHOWS eric turner'S TESTIMONY /THEY are eric TURNER'S TESTIMONY\nTOUCHES MAGNIFYING: /SHOWS evilMAGNIFYING\nTOUCHES silver ring: /SHOWS evilsilverring\nTOUCHES gold ring: /SHOWS evilgoldring 1 /they possess snapshot","thingRefs":[["555a9969cbb647f025e7d993","evilmagnifying"],["555a97694fa6b8f42542b25b","evilgoldring"],["555a9757121a90e253fd361f","evilsilverring"],["555a95fb9d354be05382ab78","evil nephew"],["555a603f4fa6b8f42542ad55","eric turner's testimony"],["555af34308de74c242132ca1","evilgoldring 1"],["555af2268b0eee170833cce4","snapshot"]],"clonedFrom":"555ac84b121a90e253fd38ca"}}