{"base":"INTERACT","creator":"544549cc0af9afc5132fb5b6","id":"555add72b4a89511083ab6b4","name":"detective kayan","prop":{"textSize":195,"attr":[8],"textData":"touches and they aren't rookie: /shows detective talk  /they possess detective's notebook 1  /they possess magnifying glass  /they are rookie\n\ntouches and they are rookie: /shows detective talk 2","thingRefs":[["555a54db08de74c242131ffb","detective's notebook"],["555a9059cbb647f025e7d8c5","magnifying glass"],["555aac22de92a7ee2555822b","detective talk 2"],["555ac0b0de92a7ee255583e6","detective talk"],["555ad3f8150554be427153d0","detective's notebook 1"]],"clonedFrom":"555ac0b8de92a7ee255583e7"}}