{"base":"DYNATHING","creator":"544549cc0af9afc5132fb5b6","id":"555a5fad3ff9a813080a066c","name":"gentlewife","prop":{"attr":[2,11],"text":"0: cells show, down 5, text i\n0.1: CELLS SHOW, TEXT IT\n0.2: CELLS SHOW, TEXT IT'\n0.3: CELLS SHOW, TEXT IT'S\n0.4: CELLS SHOW, TEXT IT'S \n0.5: CELLS SHOW, TEXT IT'S S\n0.6: CELLS SHOW, TEXT IT'S SO\n0.7: CELLS SHOW, TEXT IT'S SO \n0.8: CELLS SHOW, TEXT IT'S SO T\n0.9: CELLS SHOW, TEXT IT'S SO TE\n1: CELLS SHOW, TEXT IT'S SO TER\n1.1: CELLS SHOW, TEXT IT'S SO TERR\n1.2: CELLS SHOW, TEXT IT'S SO TERRI\n1.3: CELLS SHOW, TEXT IT'S SO TERRIB\n1.4: CELLS SHOW, TEXT IT'S SO TERRIBL\n1.5: CELLS SHOW, TEXT IT'S SO TERRIBLE\n1.6: CELLS SHOW, TEXT IT'S SO TERRIBLE.\n1.7: CELLS SHOW, TEXT IT'S SO TERRIBLE..\n1.8: CELLS SHOW, TEXT IT'S SO TERRIBLE..."}}