{"base":"READABLE","creator":"5334957d82ce8b473e00047f","id":"555acf8a3ff9a813080a1018","name":"lars butterfield's testimony","prop":{"textSize":544,"rgb2":"35,35,35","rgb":"228,228,228","attr":[3],"textData":"**lars butterfield**\nloyal butler or loathsome blight?\n\n\"I WAS TIDYING UP IN THE DINING ROOM AFTER DINNER WHEN A LOUD NOISE ISSUED FROM THE STUDY. martin verres had seemed sickly after supper and headed for there, so i assumed he had fainted and caused the commotion.\nI UNLOCKED THE STUDY WITH MY KEY AND FOUND...THE MASTER LYING ON THE FLOOR. not fainted, but.. dead. \nI TELEPHONED THE AUTHORITIES FROM THE KITCHEN PHONE. IT WAS THEN THAT I FOUND CHEF HAD SOMEHOW BEEN LOCKED IN THE COOLER. she let out quite the hearty wail when i freed her.\""}}