{"base":"DYNATHING","creator":"544549cc0af9afc5132fb5b6","id":"555abda39ccbe71508868d25","name":"nosy","prop":{"attr":[2,11],"text":"0: cells show, down 5, text W\n0.1: CELLS SHOW, TEXT WH\n0.2: CELLS SHOW, TEXT WHA\n0.3: CELLS SHOW, TEXT WHAT\n0.4: CELLS SHOW, TEXT WHAT \n0.5: CELLS SHOW, TEXT WHAT A\n0.6: CELLS SHOW, TEXT WHAT Ab\n0.7: CELLS SHOW, TEXT WHAT Abo\n0.8: CELLS SHOW, TEXT WHAT Abou\n0.9: CELLS SHOW, TEXT WHAT ABOUt\n1: CELLS SHOW, TEXT WHAT ABOUt \n1.1: CELLS SHOW, TEXT WHAT ABOUt i\n1.2: CELLS SHOW, TEXT WHAT ABOUt it\n1.3: CELLS SHOW, TEXT WHAT about it?\n"}}