{"base":"INTERACT","creator":"544549cc0af9afc5132fb5b6","id":"555ad097673f80e453bc1c82","name":"nosey nephew","prop":{"textSize":209,"attr":[8,5,17],"textData":"someone holder-selects something else: /SHOWS nosey2\nsomeone holder-selects testimony: /SHOWS nathan turner's testimony /THEY are NATHAN TURNER'S TESTIMONY\nsomeone holder-selects inspect: /SHOWS nosyMAGNIFYING","reactsTo":["someone_holder-selects"],"thingRefs":[["555aae4d08de74c242132a07","nosymagnifying"],["555a6007150554be42714c00","nathan turner's testimony"],["555aa5ea150554be427150eb","nosey"],["555abcf5de92a7ee25558399","nosey2"]],"clonedFrom":"55543ff60d4464da36ce06b4"}}