{"base":"READABLE","creator":"5334957d82ce8b473e00047f","id":"555a623acbb647f025e7d58f","name":"greta wilson's testimony","prop":{"textSize":467,"rgb2":"35,35,35","rgb":"228,228,228","attr":[3],"textData":"**Greta Wilson**\ngentle wife or gruesome wackjob?\n\n\"I WAS RESTING IN THE LOUNGE WITH MISS moore WHEN WE HEARD THE SOUND...IT WAS SUCH A TERRIBLE CRASH.\n\nWE RUSHED TO SEE WHAT WAS HAPPENING AND FOUND...OH, MY POOR HUSBAND. HE WAS...A FLAWED MAN, BUT NO ONE DESERVES SUCH CRUELTY. i did love him, in spite of his surliness and, erm, amorous ways.\n\nI'M CERTAIN IT WAS NOT MISS moore. SHE WAS WITH ME FOR MUCH OF THE EVENING. AND SHE COULDN'T BE CAPABLE OF SUCH A THING!\""}}