{"base":"READABLE","creator":"53a3ea4e60f9675d509665a6","id":"555aac22de92a7ee2555822b","name":"detective talk 2","prop":{"textSize":411,"rgb2":"0,0,0","rgb":"255,255,255","textData":"Have you cracked the case yet, rookie?\n\nWhen you think you've solved it, click this link https://goo.gl/mUitKw .\n\nInclude your manyland **username**, **who** you think committed the murder, what **weapon** was used, and any **evidence** you have to support your findings. don't be too hasty— only the correct answers are eligible for a prize. Make sure you have **solid proof** of your murderer.\n\nMake me proud!"}}