{"base":"INTERACT","creator":"544549cc0af9afc5132fb5b6","id":"555aecbe121a90e253fd3978","name":"gretawilson","prop":{"textSize":207,"attr":[17,5],"textData":"someone holder-selects something else: /shows wifep2\nsomeone holder-selects inspect: /shows wifemagnifying\nsomeone holder-selects testimony: /shows GRETA WILSON's testimony /they are GRETA WILSON's testimony","reactsTo":["someone_holder-selects"],"thingRefs":[["555a623acbb647f025e7d58f","greta wilson's testimony"],["555a7e48cb9260de53a1de3d","wifep2"],["555a8030673f80e453bc1641","wifemagnifying"]]}}