{"base":"INTERACT","creator":"544549cc0af9afc5132fb5b6","id":"555b87e26603461508f076fa","name":"eric turner's testimony","prop":{"textSize":234,"attr":[8,5],"textData":"SOMEONE ARRIVES AND THEY POSSESS ERIC TURNER'S TESTIMONY -OR- SOMEONE ARRIVES AND THEY ARE ERIC TURNER'S TESTIMONY: /WAITS 0.05S   /ERIC TURNER'S TESTIMONY\nTOUCHES AND THEY ARE ERIC TURNER'S TESTIMONY: /SHOWS ERIC TURNER'S TESTIMONY 1","reactsTo":["someone_arrives"],"thingRefs":[["555acf13cbb647f025e7db29","eric turner's testimony"],["555a603f4fa6b8f42542ad55","eric turner's testimony 1"]],"clonedFrom":"555a603f4fa6b8f42542ad55"}}