{"base":"INTERACT","creator":"544549cc0af9afc5132fb5b6","id":"555b87a3150554be427157dc","name":"nathan turner","prop":{"textSize":294,"textData":"TOUCHES AND THEY DON'T HOLD *: /SHOWS nosey\nTOUCHES DETECTIVE'S NOTEBOOK: /SHOWS nathan turner's testimony /THEY are NATHAN TURNER'S TESTIMONY\nTOUCHES MAGNIFYING: /SHOWS nosyMAGNIFYING\nTOUCHES silver ring: /SHOWS nosysilverring 2 /they possess rat poison\nTOUCHES Gold RING: /SHOWS NOSYgoldRING ","thingRefs":[["555aae68de92a7ee25558287","nosygoldring"],["555aae594fa6b8f42542b3a5","nosysilverring"],["555aae4d08de74c242132a07","nosymagnifying"],["555a6007150554be42714c00","nathan turner's testimony"],["555aa5ea150554be427150eb","nosey"],["555576f4c601ef5347166cb9","rat poison"],["555b8771b4a89511083ab95e","nosysilverring 2"]],"clonedFrom":"55543ff60d4464da36ce06b4"}}