{"base":"INTERACT","creator":"544549cc0af9afc5132fb5b6","id":"555b869b150554be427157a6","name":"larissa moore's testimony","prop":{"textSize":240,"attr":[5],"textData":"someone arrives and they possess larissa moore's testimony -or- SOMEONE ARRIVES AND THEY are LARISSA MOORE'S TESTIMONY: /WAITS 0.05S  /larissa moore's testimony\ntouches and they are larissa moore's testimony: shows LARISSA MOORE'S TESTIMONY","reactsTo":["someone_arrives"],"thingRefs":[["555acb4cde92a7ee2555842d","larissa moore's testimony"]],"clonedFrom":"555a5f5ede92a7ee25557ad2"}}