{"base":"INTERACT","creator":"544549cc0af9afc5132fb5b6","id":"555b8669673f80e453bc2110","name":"lars butterfield's testimony","prop":{"textSize":258,"attr":[5],"textData":"SOMEONE ARRIVES AND THEY POSSESS LARS BUTTERFIELD'S TESTIMONY -OR- SOMEONE ARRIVES AND THEY ARE LARS BUTTERFIELD'S TESTIMONY: /WAITS 0.05S  /LARS BUTTERFIELD'S TESTIMONY\nTOUCHES AND THEY ARE LARS BUTTERFIELD'S TESTIMONY: /SHOWS LARS BUTTERFIELD'S TESTIMONY 1","reactsTo":["someone_arrives"],"thingRefs":[["555acfc215ebac0f086ab5ea","lars butterfield's testimony"],["555acf8a3ff9a813080a1018","lars butterfield's testimony 1"]],"clonedFrom":"555acf8a3ff9a813080a1018"}}