{"base":"INTERACT","creator":"544549cc0af9afc5132fb5b6","id":"555b86566603461508f076c1","name":"nathan turner's testimony","prop":{"textSize":241,"attr":[8,5],"textData":"SOMEONE ARRIVES AND THEY POSSESS NATHAN TURNER'S TESTIMONY -OR- SOMEONE ARRIVES AND THEY ARE NATHAN TURNER'S TESTIMONY: /WAITS 0.05S  /NATHAN TURNER'S TESTIMONY\nTOUCHES AND THEY ARE NATHAN TURNER'S TESTIMONY: /SHOWS NATHAN TURNER'S TESTIMONY","reactsTo":["someone_arrives"],"thingRefs":[["555ad0cd4fa6b8f42542b521","nathan turner's testimony"]],"clonedFrom":"555a6007150554be42714c00"}}