{"base":"INTERACT","creator":"544549cc0af9afc5132fb5b6","id":"555b86aac3a7301308006070","name":"greta wilson's testimony","prop":{"textSize":238,"attr":[5],"textData":"SOMEONE ARRIVES AND THEY POSSESS GRETA WILSON'S TESTIMONY -OR- SOMEONE ARRIVES AND THEY ARE GRETA WILSON'S TESTIMONY: /WAITS 0.05S  /GRETA WILSON'S TESTIMONY\nTOUCHES AND THEY ARE GRETA WILSON'S TESTIMONY: /shows GRETA WILSON'S TESTIMONY 1","reactsTo":["someone_arrives"],"thingRefs":[["555acdc3150554be42715308","greta wilson's testimony"],["555a623acbb647f025e7d58f","greta wilson's testimony 1"]],"clonedFrom":"555a623acbb647f025e7d58f"}}