{"base":"INTERACT","creator":"544549cc0af9afc5132fb5b6","id":"555b878b121a90e253fd3f0f","name":"dialog_1","prop":{"textSize":157,"attr":[5],"textData":"someone arrives and they possess silver ring: /waits 0.05 /silver ring\ntouches and they possess silver ring: /shows nosysilverring 1 /they possess rat poison","reactsTo":["someone_arrives"],"thingRefs":[["555a9bf0de92a7ee25558114","silver ring"],["555ac822673f80e453bc1bef","nosysilverring"],["555576f4c601ef5347166cb9","rat poison"],["555b8771b4a89511083ab95e","nosysilverring 1"]]}}