{"base":"INTERACT","creator":"544549cc0af9afc5132fb5b6","id":"555b86358b0eee170833d1af","name":"chef's testimony","prop":{"textSize":198,"attr":[5],"textData":"SOMEONE ARRIVES AND THEY POSSESS CHEF'S TESTIMONY -OR- SOMEONE ARRIVES AND THEY ARE CHEF'S TESTIMONY: /waits 0.05s  /CHEF'S TESTIMONY\nTOUCHES AND THEY ARE CHEF'S TESTIMONY: /SHOWS CHEF'S TESTIMONY 1","reactsTo":["someone_arrives"],"thingRefs":[["555ad134121a90e253fd3925","chef's testimony"],["555a891a4fa6b8f42542b16d","chef's testimony 1"]],"clonedFrom":"555a891a4fa6b8f42542b16d"}}