{"base":"DYNATHING","creator":"555af036baf36ec042b7e657","id":"56cea5cbc190d700140da3f8","name":"rune","prop":{"text":"0: cells show, bright, cell 6 up 29, left 15, pivot 28 28, cell 7 up 29, right 15, pivot 0 28, cell 8 left 15, pivot 28 0, cell 9 right 15, pivot 0 0, cell 1 up 15, cell 2 up 45, left 35, CELL 3 UP 45, right 35, CELL 4 down 16, left 35, CELL 5 DOWN 16, right 35\n0.0-5.0: cell 6 rotate -160, CELL 7 ROTATE -160, CELL 8 ROTATE -160, CELL 9 ROTATE -160\n5.0-10.0: CELL 6 ROTATE -160, CELL 7 ROTATE -160, CELL 8 ROTATE -160, CELL 9 ROTATE -160\n0.0-2.5: cell 1 opacity 0.5\n2.5-5.0: cell 1 opacity 1\n5.0-7.5: cell 1 opacity 0.5\n7.5-10.0: cell 1 opacty 1\n10.0: restart"}}