{"base":"DYNATHING","creator":"555af036baf36ec042b7e657","id":"57f0f6393af9494d131927b0","name":"blood sigil","prop":{"text":"0:cell 1 show,cell 2 right 29,cell 3 left 29,cell 4 up 29,cell 5 down 29,cell 6 pivot 28 28,left 14,up 14,cell 7 pivot 28 0,left 14,down 14,cell 8 pivot 0 0,right 14,down 14,cell 9 up 14,right 14,pivot 0 28, cell 6 SHOW,bright, cell 7 SHOW,bright, cell 8 SHOW,bright, cell 9 SHOW,bright\n0-15: cell 6 rotate 360, cell 7 rotate 360, cell 8 rotate 360, cell 9 rotate 360\n\n0-5: cell 2 show, cell 3 show, cell 4 show, cell 5 show\n10-15: cell 2 hide, cell 3 hide, cell 4 hide, cell 5 hide\n\n15: restart\n","clonedFrom":"569e293966c952320ea05764","soundId":"5416a1446ad1bfec03f3ac67"}}