{"base":"DYNATHING","creator":"555af036baf36ec042b7e657","id":"57f1023d1d82f92213c737df","name":"azrael","prop":{"text":"0: Cells show,cell 1 z-index 2, cell 2 up 29, z-index 3, cell 3 up 7, left 5, z-index 1, cell 4 hide, cell 5 up 8, right 13, cell 6 right 7, cell 7 up 22, right 13, cell 8 up 17, left 14\n0-3: Cell 8 up 3\n3-6: Cell 8 down 3\n6: restart\n\nmove\n0: CELLS SHOW,CELL 1 Z-INDEX 2, CELL 2 UP 29, Z-INDEX 3, CELL 3 UP 7, LEFT 5, Z-INDEX 1, CELL 4 HIDE, CELL 5 UP 8, RIGHT 13, CELL 6 RIGHT 7, CELL 7 UP 22, RIGHT 13, CELL 8 UP 17, LEFT 14\n0.25: CELL 4 SHOW, CELL 1 HIDE\n0.5: CELL 1 SHOW, CELL 4 HIDE\n0-0.25: CELL 8 UP 1, CELL 5 LEFT 1, CELL 6 LEFT 1, CELL 7 LEFT 1\n0.25-0.5: CELL 8 DOWN 1, CELL 5 RIGHT 1, CELL 6 RIGHT 1, CELL 7 RIGHT 1\n0.5: RESTART","clonedFrom":"569e2a7ed618cdd111e861e8"}}