{"base":"INTERACT","creator":"555af036baf36ec042b7e657","id":"57f2512ea766f8b10fc1f87a","name":"ruins castle door low 1 int down","prop":{"textSize":282,"attr":[6,1,5],"textData":"VIEWED: /COUNTDOWN INVISIBLE 1\nSOMEONE FINISHES COUNTDOWN: /SHOWS down  /WAITS 2.5S /CLEARS COUNTDOWN\nAPPROACHES AND THEY MOVE RIGHT -OR- APPROACHES AND THEY MOVE LEFT -OR- APPROACHES AND THEY MOVE UP -OR- APPROACHES AND THEY MOVE DOWN: /CLEARS COUNTDOWN\n\ntouches: /transports 87 45","checksNears":true,"reactsTo":["someone_finishes_countdown"],"thingRefs":[["57f24febef25dcae0fbbca11","down"]]}}