{"base":"INTERACT","creator":"555af036baf36ec042b7e657","id":"57f251a8c1768e691392bf3b","name":"ruins castle door low 1 int up","prop":{"textSize":281,"attr":[6,1,5],"textData":"VIEWED: /COUNTDOWN INVISIBLE 1\nSOMEONE FINISHES COUNTDOWN: /SHOWS up  /WAITS 2.5S /CLEARS COUNTDOWN\nAPPROACHES AND THEY MOVE RIGHT -OR- APPROACHES AND THEY MOVE LEFT -OR- APPROACHES AND THEY MOVE UP -OR- APPROACHES AND THEY MOVE DOWN: /CLEARS COUNTDOWN\n\ntouches: /transports 274 52","checksNears":true,"reactsTo":["someone_finishes_countdown"],"thingRefs":[["57f2515cb161d2a90f111ed6","up"]]}}