{"base":"DYNATHING","creator":"555af036baf36ec042b7e657","id":"57f4c0cc729d52cc1394a445","name":"ruins wall torch","prop":{"text":"0: cell 1 show, cell 2 show, bright, cell 3 bright, cell 4 bright, cell 5 bright, cell 6 show, up 5, opacity 0.4\n0-0.25: cell 2 hide, cell 3 show, cell 6 opacity 0.5\n0.25-0.50: cell 3 hide, cell 4 show, CELL 6 OPACITY 0.4\n0.50-0.75: cell 4 hide, cell 5 show, CELL 6 OPACITY 0.3\n0.75-1: cell 5 hide, cell 3 show, flip horizontal, CELL 6 OPACITY 0.5\n1-1.25: cell 3 hide, cell 2 show, flip horizontal, CELL 6 OPACITY 0.6\n1.25: restart","clonedFrom":"569e2a38539b9c3c0eb0e9c2"}}