{"base":"INTERACT","creator":"555af036baf36ec042b7e657","id":"57f4977a3cca0c2513d9927b","name":"azrael","prop":{"textSize":312,"attr":[9,1,5],"textData":"VIEWED: /COUNTDOWN INVISIBLE 1\nSOMEONE FINISHES COUNTDOWN: /SHOWS INSTRUCTION1  /WAITS 2.5S /CLEARS COUNTDOWN\nAPPROACHES AND THEY MOVE RIGHT -OR- APPROACHES AND THEY MOVE LEFT -OR- APPROACHES AND THEY MOVE UP -OR- APPROACHES AND THEY MOVE DOWN: /CLEARS COUNTDOWN\n\ntouches and they possess contract of ruins: test","checksNears":true,"reactsTo":["someone_finishes_countdown"],"thingRefs":[["566e551394c830ac7bb351eb","instruction1"]],"clonedFrom":"57ebb1c21e1881f5133c68b9"}}