{"base":"INTERACT","creator":"555af036baf36ec042b7e657","id":"587a2fcc0261f47d139b06bf","name":"dirge","prop":{"textSize":1224,"attr":[9,1,8,5],"textData":"VIEWED: /COUNTDOWN INVISIBLE 1\nSOMEONE FINISHES COUNTDOWN: /SHOWS INSTRUCTION1  /WAITS 2.5S /CLEARS COUNTDOWN\nAPPROACHES AND THEY MOVE RIGHT -OR- APPROACHES AND THEY MOVE LEFT -OR- APPROACHES AND THEY MOVE UP -OR- APPROACHES AND THEY MOVE DOWN: /CLEARS COUNTDOWN\n\n\ntouches and they possess contract of ruins: welcome to the ruins of shadow [name],  /waits 2.5s  in this place you will be informed about the current state of our world,  /waits 3.5s  and what have caused it turn into this wretched world,  /waits 2.5s  but worry naught  /waits 1.5s  as one of the adventurers that aims  /waits 1.5s  for the peace of this world  /waits 1.5s  and the end of this chaos  /waits 1.5s  we are here to help.  /waits 2.5s  but remember  /waits 1.5s  we are only here to help  /waits 1.5s  for what we could give for you.  /waits 2.5s  so.  /waits 1.5s  while you are here you are also requested to gather the ways  /WAITS 2.5S  and story of the other race and inhabitants  /waits 3.5s   for it will help you to survive outside this place  /WAITS 2.5S  and to the events the would happen in the future.  /waits 4.5s  where we cant reach out our help for you  /waits 2.5s   and once you do, /waits 1.5s  i will allow you to go back. ","checksNears":true,"reactsTo":["someone_finishes_countdown"],"thingRefs":[["566e551394c830ac7bb351eb","instruction1"],["57ecf2037cc1f9ba0f3a94ee","contract of ruins"]],"clonedFrom":"57ecf4afecc4666713f2bea2"}}