{"base":"INTERACT","creator":"555af036baf36ec042b7e657","id":"587a220f108c905213732d3b","name":"test","prop":{"textSize":281,"attr":[9,1,5,8],"textData":"VIEWED: /COUNTDOWN INVISIBLE 1\nSOMEONE FINISHES COUNTDOWN: /SHOWS INSTRUCTION1  /WAITS 2.5S /CLEARS COUNTDOWN\nAPPROACHES AND THEY MOVE RIGHT -OR- APPROACHES AND THEY MOVE LEFT -OR- APPROACHES AND THEY MOVE UP -OR- APPROACHES AND THEY MOVE DOWN: /CLEARS COUNTDOWN\n\ntouches: your fat","checksNears":true,"reactsTo":["someone_finishes_countdown"],"clonedFrom":"57ecdce797aba5a50f07c4f1"}}