{"base":"READABLE","creator":"555af036baf36ec042b7e657","id":"587a1c76768d489013c6394d","name":"asdwaestygfsdg","prop":{"textSize":858,"rgb2":"44,2,2","rgb":"162,167,171","textData":"thebossplanthatisfullofweaboonessandimaginationoverdrive\n-boss is placed on top of this castle\n-only accessible once the quest down below the 2 floors is done ( quest/story intro and le other tutorial )\n-boss is big. ( il just mek it a simple floating skull '-' cuz.. its lot more easy rather than making a huge monster with arms and leg... lol\n-boss can shoot lazers \\-\\ ( like what lileepia did in parkour thing)\n-can be damaged any time in cant defend.. cuz that gonna be hard '-'\n-once defeated player gits a possession that triggers another interacting that ... delete the other interacting for the boss to spawn.. like it changes the interacting that has the code and stuff for the boss to attack spawn etc. ( like u put a mover and then theres the body below it and the posesseion removes the mover and the body over and over so it wont spawn lol. )\n "}}