{"base":"INTERACT","creator":"544549cc0af9afc5132fb5b6","id":"587a1083ac19808b131a4617","name":"example_button","prop":{"textSize":297,"attr":[8,1,6,5],"textData":"//\"SOMEONE ARRIVES\" = \"WHEN SOMEONE OPENS THE HOLDER\"\n//SO WE DO NOTHING IF THEY DON'T HAVE THE STATE\n//OTHERWISE WE USE A DYNAMIC WITH \"REPLACE\" ATTRIBUTE\n//TO SHOW ACTUAL BUTTON AND DO STUFF\n\nSOMEONE ARRIVES AND THEY ARE GUDSQUARE: /GUDSQUARE-DYN\nTOUCHES AND THEY ARE GUDSQUARE: /GIVES GUDSQUARE","reactsTo":["someone_arrives"],"thingRefs":[["587a10641aa16985136e734d","gudsquare"],["587a0eb3525f142613d93a13","gudsquare-dyn"]]}}