{"x":-5,"y":0,"ps":[[24,17,0,0,0,0],[25,17,0,0,0,0],[31,17,0,0,0,0],[30,17,0,0,0,0],[29,17,0,0,0,0],[28,17,0,0,0,0],[27,17,0,0,0,0],[26,17,0,0,0,0],[23,17,0,0,0,0],[22,17,0,0,0,0],[12,17,0,0,0,0],[13,17,0,0,0,0],[21,17,0,0,0,0],[20,17,0,0,0,0],[19,17,0,0,0,0],[18,17,0,0,0,0],[17,17,0,0,0,0],[16,17,0,0,0,0],[15,17,0,0,0,0],[14,17,0,0,0,0],[11,17,0,0,0,0],[10,17,0,0,0,0],[0,17,0,0,0,0],[1,17,0,0,0,0],[9,17,0,0,0,0],[8,17,0,0,0,0],[7,17,0,0,0,0],[6,17,0,0,0,0],[5,17,0,0,0,0],[4,17,0,0,0,0],[3,17,0,0,0,0],[2,17,0,0,0,0],[18,13,1,0,0,0],[22,6,2,0,0,0],[24,6,2,0,0,0],[26,6,2,0,0,0],[26,7,3,0,0,0],[24,7,3,0,0,0],[22,7,3,0,0,0],[20,6,2,0,0,0],[18,6,2,0,0,0],[16,6,2,0,0,0],[14,6,2,0,0,0],[12,6,2,0,0,0],[10,6,2,0,0,0],[20,7,3,0,0,0],[18,7,3,0,0,0],[16,7,3,0,0,0],[14,7,3,0,0,0],[12,7,3,0,0,0],[10,7,3,0,0,0],[28,6,4,0,0,0],[19,6,5,0,0,0],[30,12,7,0,0,0],[26,14,7,0,0,0],[24,9,7,0,0,0],[28,16,7,0,0,0],[22,19,7,0,0,0],[30,16,6,0,0,0],[29,16,6,0,0,0],[13,7,5,0,0,0],[16,11,8,0,0,0],[11,14,8,0,0,0],[19,15,8,0,0,0],[22,8,7,0,0,0],[20,16,9,0,0,0],[17,16,9,0,0,0],[16,16,9,0,0,0],[21,21,9,0,0,0],[25,21,9,0,0,0],[17,13,9,0,0,0],[26,13,6,0,0,0],[31,14,6,0,0,0],[14,16,8,0,0,0],[13,14,10,0,0,0],[13,13,10,0,0,0],[13,12,10,0,0,0],[13,11,10,0,0,0],[15,4,5,0,0,0],[19,13,10,0,0,0],[19,12,10,0,0,0],[19,11,10,0,0,0],[19,10,10,0,0,0],[18,4,11,0,0,0],[12,3,11,0,0,0],[28,13,10,0,0,0],[28,12,10,0,0,0],[28,11,10,0,0,0],[28,10,10,0,0,0],[27,2,11,0,0,0],[1,12,12,0,0,0],[3,9,12,0,0,0],[4,10,12,0,0,0],[5,10,12,0,0,0],[8,6,2,0,0,0],[8,7,3,0,0,0],[3,6,2,0,0,0],[3,7,3,0,0,0],[7,11,13,0,0,0],[9,6,14,0,0,0],[1,2,15,0,0,0],[4,7,16,0,0,0],[22,14,10,0,0,0],[22,13,10,0,0,0],[22,12,10,0,0,0],[22,11,10,0,0,0]],"v":205,"iix":["59642114fcd3cee9439c802c","5b1f097d6a7c830f3abeaaa1","5b1f0a5fafff9b0f665b9aff","596d316d5d5cddf00f593db0","5b1f0c699e2dbf0efa48c3c5","5b1f0c7a7294a00f33c9c8e9","5b1f0df81a06f40f0606a744","5b1f0ccfafff9b0f665b9b08","5b1f0cdccd496b0f2b43d465","5b1f101f1a06f40f0606a74b","5966e9508429036c47c7c341","5b1f122dbc46920f2c1fe26e","5b1f0ce6be7e5e0f257b659a","5b1f143f4557d20f289d5b9a","5b1f145b841ba20f272b177e","5b1f1e786d5b2d0f5b0174a1","5b1f1ec4cd496b0f2b43d4c8"],"i":{"b":["SOLID","FILLLIGHT","LIGHT","ENVIRONM","DYNATHING","DYNATHING","DYNATHING","DYNATHING","DYNATHING","DYNATHING","CLIMB","FARBACK","DYNATHING","DYNATHING","DYNATHING","DYNATHING","DYNATHING"],"p":[null,{"rgb":"0,0,0"},{"rgb":"0,0,0","attr":[2]},{"attr":[39]},{"text":"\/\/0s: cells show, cell 1 down 50, cell 2 down 79, cell 2 left 15, cell 3 down 79, cell 3 right 14, cell 4 down 108, cell 4 left 15, cell 5 down 108, cell 5 right 14, cell 6 down 137, cell 6 left 15, cell 7 down 137, cell 7 right 14, cell 8 down 166, cell 8 left 15, cell 9 down 166, cell 9 right 14\n\n\n0S: CELLS SHOW, CELL 1 DOWN 50, CELL 3 DOWN 79, CELL 3 LEFT 15, CELL 2 DOWN 79, CELL 2 RIGHT 14, CELL 5 DOWN 108, CELL 5 LEFT 15, CELL 4 DOWN 108, CELL 4 RIGHT 14, CELL 7 DOWN 137, CELL 7 LEFT 15, CELL 6 DOWN 137, CELL 6 RIGHT 14, CELL 9 DOWN 166, CELL 9 LEFT 15, CELL 8 DOWN 166, CELL 8 RIGHT 14\n\n"},{"text":"\/\/0s: cells show, cell 1 down 50, cell 2 down 79, cell 2 left 15, cell 3 down 79, cell 3 right 14, cell 4 down 108, cell 4 left 15, cell 5 down 108, cell 5 right 14, cell 6 down 137, cell 6 left 15, cell 7 down 137, cell 7 right 14, cell 8 down 166, cell 8 left 15, cell 9 down 166, cell 9 right 14\n\n\n0S: CELLS SHOW, CELL 1 DOWN 50, CELL 3 DOWN 79, CELL 3 LEFT 15, CELL 2 DOWN 79, CELL 2 RIGHT 14, CELL 5 DOWN 108, CELL 5 LEFT 15, CELL 4 DOWN 108, CELL 4 RIGHT 14, CELL 7 DOWN 137, CELL 7 LEFT 15, CELL 6 DOWN 137, CELL 6 RIGHT 14, CELL 9 DOWN 166, CELL 9 LEFT 15, CELL 8 DOWN 166, CELL 8 RIGHT 14\n\n"},{"attr":[1],"text":"0s: cells show, CELL 2 PIVOT 3 29, CELL 3 PIVOT 6 29, CELL 4 PIVOT 10 29, CELL 4 PIVOT 13 29, CELL 5 PIVOT 16 29, CELL 6 PIVOT 19 29, CELL 7 PIVOT 22 29, CELL 7 PIVOT 24 29, CELL 8 PIVOT 27 29, CELL 9 PIVOT 28 29\n\n0.1-0.3s: cell 2 rotate 5, cell 3 rotate -5, cell 4 rotate 5, cell 5 rotate -5, cell 6 rotate 5, cell 6 rotate -5, cell 7 rotate 5, cell 8 rotate -5, cell 9 rotate 5\n\n0.3-1S: CELL 2 ROTATE -10, CELL 3 ROTATE 10, CELL 4 ROTATE -10, CELL 5 ROTATE 10, CELL 6 ROTATE -10, CELL 6 ROTATE 10, CELL 7 ROTATE -10, CELL 8 ROTATE 10, CELL 9 ROTATE -10\n\n1-1.3S: CELL 2 ROTATE 5, CELL 3 ROTATE -5, CELL 4 ROTATE 5, CELL 5 ROTATE -5, CELL 6 ROTATE 5, CELL 6 ROTATE -5, CELL 7 ROTATE 5, CELL 8 ROTATE -5, CELL 9 ROTATE 5\n\n1.3s: restart\n"},{"attr":[10],"text":"\/\/0s: cells show, cell 1 down 50, cell 2 down 79, cell 2 left 15, cell 3 down 79, cell 3 right 14, cell 4 down 108, cell 4 left 15, cell 5 down 108, cell 5 right 14, cell 6 down 137, cell 6 left 15, cell 7 down 137, cell 7 right 14, cell 8 down 166, cell 8 left 15, cell 9 down 166, cell 9 right 14\n\n\n0S: CELLS SHOW, CELL 1 DOWN 50, CELL 3 DOWN 79, CELL 3 LEFT 15, CELL 2 DOWN 79, CELL 2 RIGHT 14, CELL 5 DOWN 108, CELL 5 LEFT 15, CELL 4 DOWN 108, CELL 4 RIGHT 14, CELL 7 DOWN 137, CELL 7 LEFT 15, CELL 6 DOWN 137, CELL 6 RIGHT 14, CELL 9 DOWN 166, CELL 9 LEFT 15, CELL 8 DOWN 166, CELL 8 RIGHT 14\n\n"},{"attr":[10],"text":"\/\/0s: cells show, cell 1 down 50, cell 2 down 79, cell 2 left 15, cell 3 down 79, cell 3 right 14, cell 4 down 108, cell 4 left 15, cell 5 down 108, cell 5 right 14, cell 6 down 137, cell 6 left 15, cell 7 down 137, cell 7 right 14, cell 8 down 166, cell 8 left 15, cell 9 down 166, cell 9 right 14\n\n\n0S: CELLS SHOW, CELL 1 DOWN 50, CELL 3 DOWN 79, CELL 3 LEFT 15, CELL 2 DOWN 79, CELL 2 RIGHT 14, CELL 5 DOWN 108, CELL 5 LEFT 15, CELL 4 DOWN 108, CELL 4 RIGHT 14, CELL 7 DOWN 137, CELL 7 LEFT 15, CELL 6 DOWN 137, CELL 6 RIGHT 14, CELL 9 DOWN 166, CELL 9 LEFT 15, CELL 8 DOWN 166, CELL 8 RIGHT 14\n\n"},{"attr":[1],"text":"0s: cells show, CELL 2 PIVOT 3 29, CELL 3 PIVOT 6 29, CELL 4 PIVOT 10 29, CELL 4 PIVOT 13 29, CELL 5 PIVOT 16 29, CELL 6 PIVOT 19 29, CELL 7 PIVOT 22 29, CELL 7 PIVOT 24 29, CELL 8 PIVOT 27 29, CELL 9 PIVOT 28 29\n\n0.1-0.3s: cell 2 rotate 5, cell 3 rotate -5, cell 4 rotate 5, cell 5 rotate -5, cell 6 rotate 5, cell 6 rotate -5, cell 7 rotate 5, cell 8 rotate -5, cell 9 rotate 5\n\n0.3-1S: CELL 2 ROTATE -10, CELL 3 ROTATE 10, CELL 4 ROTATE -10, CELL 5 ROTATE 10, CELL 6 ROTATE -10, CELL 6 ROTATE 10, CELL 7 ROTATE -10, CELL 8 ROTATE 10, CELL 9 ROTATE -10\n\n1-1.3S: CELL 2 ROTATE 5, CELL 3 ROTATE -5, CELL 4 ROTATE 5, CELL 5 ROTATE -5, CELL 6 ROTATE 5, CELL 6 ROTATE -5, CELL 7 ROTATE 5, CELL 8 ROTATE -5, CELL 9 ROTATE 5\n\n1.3s: restart\n"},null,{"rgb":"41,6,0","attr":[8,6],"text":"0    0   CELL 1\n0    38  CELL 2\n0    76  CELL 3\n-19  114 CELL 4\n19   114 CELL 5\n-19  152 CELL 6\n19   152 CELL 7\n-19  190 CELL 8\n19   190 CELL 9\n\n\n\/\/50   -100   CELL 1\n\/\/50   -62  CELL 2\n\/\/50   -24  CELL 3\n\/\/31   14   CELL 4\n\/\/69   14   CELL 5\n\/\/31   52   CELL 6\n\/\/69   52   CELL 7\n\/\/31   90   CELL 8\n\/\/69   90   CELL 9\n\n\n"},{"attr":[10],"text":"\/\/0s: cells show, cell 1 down 50, cell 2 down 79, cell 2 left 15, cell 3 down 79, cell 3 right 14, cell 4 down 108, cell 4 left 15, cell 5 down 108, cell 5 right 14, cell 6 down 137, cell 6 left 15, cell 7 down 137, cell 7 right 14, cell 8 down 166, cell 8 left 15, cell 9 down 166, cell 9 right 14\n\n\n0S: CELLS SHOW, CELL 1 DOWN 50, CELL 3 DOWN 79, CELL 3 LEFT 15, CELL 2 DOWN 79, CELL 2 RIGHT 14, CELL 5 DOWN 108, CELL 5 LEFT 15, CELL 4 DOWN 108, CELL 4 RIGHT 14, CELL 7 DOWN 137, CELL 7 LEFT 15, CELL 6 DOWN 137, CELL 6 RIGHT 14, CELL 9 DOWN 166, CELL 9 LEFT 15, CELL 8 DOWN 166, CELL 8 RIGHT 14\n\n"},{"attr":[10],"text":"\/\/0s: cells show, cell 1 down 50, cell 2 down 79, cell 2 left 15, cell 3 down 79, cell 3 right 14, cell 4 down 108, cell 4 left 15, cell 5 down 108, cell 5 right 14, cell 6 down 137, cell 6 left 15, cell 7 down 137, cell 7 right 14, cell 8 down 166, cell 8 left 15, cell 9 down 166, cell 9 right 14\n\n\n0S: CELLS SHOW, CELL 1 DOWN 50, CELL 3 DOWN 79, CELL 3 LEFT 15, CELL 2 DOWN 79, CELL 2 RIGHT 14, CELL 5 DOWN 108, CELL 5 LEFT 15, CELL 4 DOWN 108, CELL 4 RIGHT 14, CELL 7 DOWN 137, CELL 7 LEFT 15, CELL 6 DOWN 137, CELL 6 RIGHT 14, CELL 9 DOWN 166, CELL 9 LEFT 15, CELL 8 DOWN 166, CELL 8 RIGHT 14\n\n"},{"text":"\/\/0s: cells show, cell 1 down 50, cell 2 down 79, cell 2 left 15, cell 3 down 79, cell 3 right 14, cell 4 down 108, cell 4 left 15, cell 5 down 108, cell 5 right 14, cell 6 down 137, cell 6 left 15, cell 7 down 137, cell 7 right 14, cell 8 down 166, cell 8 left 15, cell 9 down 166, cell 9 right 14\n\n\n0S: CELLS SHOW, CELL 1 DOWN 50, CELL 3 DOWN 79, CELL 3 LEFT 15, CELL 2 DOWN 79, CELL 2 RIGHT 14, CELL 5 DOWN 108, CELL 5 LEFT 15, CELL 4 DOWN 108, CELL 4 RIGHT 14, CELL 7 DOWN 137, CELL 7 LEFT 15, CELL 6 DOWN 137, CELL 6 RIGHT 14, CELL 9 DOWN 166, CELL 9 LEFT 15, CELL 8 DOWN 166, CELL 8 RIGHT 14\n\n"},{"attr":[4],"text":"every minute\n0: cells show, cell 1 pivot 5 23, cell 2 pivot 5 23\n0-10: cells left 210, cells down 210, cell 1 rotate 1080, cell 2 rotate -1080 \/\/, cells hide\n9-10: cells hide\n\n"},{"text":"\/\/0s: cells show, cell 1 down 50, cell 2 down 79, cell 2 left 15, cell 3 down 79, cell 3 right 14, cell 4 down 108, cell 4 left 15, cell 5 down 108, cell 5 right 14, cell 6 down 137, cell 6 left 15, cell 7 down 137, cell 7 right 14, cell 8 down 166, cell 8 left 15, cell 9 down 166, cell 9 right 14\n\n\n0S: CELLS SHOW, CELL 1 DOWN 50, CELL 3 DOWN 79, CELL 3 LEFT 15, CELL 2 DOWN 79, CELL 2 RIGHT 14, CELL 5 DOWN 108, CELL 5 LEFT 15, CELL 4 DOWN 108, CELL 4 RIGHT 14, CELL 7 DOWN 137, CELL 7 LEFT 15, CELL 6 DOWN 137, CELL 6 RIGHT 14, CELL 9 DOWN 166, CELL 9 LEFT 15, CELL 8 DOWN 166, CELL 8 RIGHT 14\n\n"}],"n":["clear solid","ground night","sky night","stars forest","t3bd d1","t3bd d2","g1bdd d1","t3fd d1","t3fd d2","g1bdd d2","clear climb","f2d forest d1","t3fd d3","t3fd d22","t3bd d22","meteorite 1","t3bd d3"],"dr":[0,0,0,0,0,0,0,0,0,0,0,0,0,0,0,0,0]}}