{"x":-7,"y":0,"ps":[[31,17,0,0,0,0],[25,1,1,0,0,0],[27,6,2,0,0,0],[27,7,3,0,0,0],[30,17,0,0,0,0],[29,17,0,0,0,0],[20,17,0,0,0,0],[21,17,0,0,0,0],[28,17,0,0,0,0],[27,17,0,0,0,0],[26,17,0,0,0,0],[25,17,0,0,0,0],[24,17,0,0,0,0],[23,17,0,0,0,0],[22,17,0,0,0,0],[19,17,0,0,0,0],[18,17,0,0,0,0],[17,17,0,0,0,0],[16,17,0,0,0,0],[15,17,0,0,0,0],[14,17,0,0,0,0],[14,16,0,0,0,0],[14,15,0,0,0,0],[14,10,0,0,0,0],[14,11,0,0,0,0],[14,14,0,0,0,0],[14,13,0,0,0,0],[14,12,0,0,0,0],[15,6,2,0,0,0],[15,7,3,0,0,0],[8,6,2,0,0,0],[8,7,3,0,0,0],[28,3,4,0,0,0],[18,6,2,0,0,0],[18,7,3,0,0,0],[17,7,5,0,0,0],[25,13,6,0,0,0],[23,4,7,0,0,0],[19,7,8,0,0,0],[22,14,10,0,0,0],[21,15,10,0,0,0],[28,14,10,0,0,0],[29,15,10,0,0,0],[31,16,11,0,0,0],[21,18,11,0,0,0],[9,9,13,0,0,0],[25,15,14,0,0,0],[25,14,15,0,0,0],[25,16,16,0,0,0],[23,19,17,0,0,0],[30,19,18,0,0,0],[22,12,9,0,0,0],[28,12,12,0,0,0],[30,15,19,0,0,0],[26,15,20,0,0,0]],"v":227,"iix":["59642114fcd3cee9439c802c","5b1f11d09122890f54ab1422","5b1f0a5fafff9b0f665b9aff","596d316d5d5cddf00f593db0","5b1f2b6f4557d20f289d5c5f","5b1f1ec4cd496b0f2b43d4c8","5b1f30513e9eb90f1c329f3b","5b1f384f2be7650f403255dc","5b1f365a9e2dbf0efa48c4a3","5b21dae8bd02bd0f56c3d570","5b1f3cd7be7e5e0f257b670a","5b1f3e9fbc46920f2c1fe3d3","5b21db0c7454c4616d2304c8","5b1f4e4796ca9c0f390f47ab","5b1f54ed9e2dbf0efa48c4f8","5b1f59caf3e09e0efb4fc4c3","5b1f61416a7c830f3abeace8","5b1f77e7bc46920f2c1fe5a1","5b1f7802d549e30f5dc68c95","5b21dbd2bead0262576be725","60179bf4b41a425a7699abc2"],"i":{"b":["SOLID","FARBACK","LIGHT","ENVIRONM","DYNATHING","DYNATHING","DYNATHING","DYNATHING","DYNATHING","DYNATHING","CLIMB","DYNATHING","DYNATHING","DYNATHING","DYNATHING","DYNATHING","DYNATHING","DECOBIG","DECOBIG","DYNATHING","INTERACT"],"p":[null,{"rgb":"0,0,0","attr":[8,6],"text":"0    0   CELL 1\n0    38  CELL 2\n0    76  CELL 3\n-19  114 CELL 4\n19   114 CELL 5\n-19  152 CELL 6\n19   152 CELL 7\n-19  190 CELL 8\n19   190 CELL 9\n\n\n\/\/50   -100   CELL 1\n\/\/50   -62  CELL 2\n\/\/50   -24  CELL 3\n\/\/31   14   CELL 4\n\/\/69   14   CELL 5\n\/\/31   52   CELL 6\n\/\/69   52   CELL 7\n\/\/31   90   CELL 8\n\/\/69   90   CELL 9\n\n\n"},{"rgb":"0,0,0","attr":[2]},{"attr":[39]},{"attr":[4],"text":"every 3 minutes\n0: cells show, cell 1 pivot 5 23, cell 2 pivot 5 23\n0-15: cells left 210, cells down 210, cell 1 rotate 1080, cell 2 rotate -1080 \/\/, cells hide\n14-15: cells hide\n"},{"text":"\/\/0s: cells show, cell 1 down 50, cell 2 down 79, cell 2 left 15, cell 3 down 79, cell 3 right 14, cell 4 down 108, cell 4 left 15, cell 5 down 108, cell 5 right 14, cell 6 down 137, cell 6 left 15, cell 7 down 137, cell 7 right 14, cell 8 down 166, cell 8 left 15, cell 9 down 166, cell 9 right 14\n\n\n0S: CELLS SHOW, CELL 1 DOWN 50, CELL 3 DOWN 79, CELL 3 LEFT 15, CELL 2 DOWN 79, CELL 2 RIGHT 14, CELL 5 DOWN 108, CELL 5 LEFT 15, CELL 4 DOWN 108, CELL 4 RIGHT 14, CELL 7 DOWN 137, CELL 7 LEFT 15, CELL 6 DOWN 137, CELL 6 RIGHT 14, CELL 9 DOWN 166, CELL 9 LEFT 15, CELL 8 DOWN 166, CELL 8 RIGHT 14\n\n"},{"text":"0: cell 1 show, cell 3 show, cell 5 show,   cells down 38, cell 5 up 10, cell 6 up 10, cell 7 up 10\n\n0-.3: cell 2 show, cell 4 show, cell 6 show, cell 7 show\n.3-.6: cell 2 hide, cell 4 hide, cell 6 hide\n\n.6-.9: CELL 2 SHOW, CELL 4 SHOW, CELL 6 SHOW, cell 7 hide\n.9-1.2: CELL 2 HIDE, CELL 4 HIDE, CELL 6 HIDE\n\n1.2: restart\n\n"},{"text":"\/\/0s: cells show, cell 1 down 50, cell 2 down 79, cell 2 left 15, cell 3 down 79, cell 3 right 14, cell 4 down 108, cell 4 left 15, cell 5 down 108, cell 5 right 14, cell 6 down 137, cell 6 left 15, cell 7 down 137, cell 7 right 14, cell 8 down 166, cell 8 left 15, cell 9 down 166, cell 9 right 14\n\n\n0S: CELLS SHOW, CELL 1 DOWN 50, CELL 3 DOWN 79, CELL 3 LEFT 15, CELL 2 DOWN 79, CELL 2 RIGHT 14, CELL 5 DOWN 108, CELL 5 LEFT 15, CELL 4 DOWN 108, CELL 4 RIGHT 14, CELL 7 DOWN 137, CELL 7 LEFT 15, CELL 6 DOWN 137, CELL 6 RIGHT 14, CELL 9 DOWN 166, CELL 9 LEFT 15, CELL 8 DOWN 166, CELL 8 RIGHT 14\n\n"},{"text":"\/\/0s: cells show, cell 1 down 50, cell 2 down 79, cell 2 left 15, cell 3 down 79, cell 3 right 14, cell 4 down 108, cell 4 left 15, cell 5 down 108, cell 5 right 14, cell 6 down 137, cell 6 left 15, cell 7 down 137, cell 7 right 14, cell 8 down 166, cell 8 left 15, cell 9 down 166, cell 9 right 14\n\n\n0S: CELLS SHOW, CELL 1 DOWN 50, CELL 3 DOWN 79, CELL 3 LEFT 15, CELL 2 DOWN 79, CELL 2 RIGHT 14, CELL 5 DOWN 108, CELL 5 LEFT 15, CELL 4 DOWN 108, CELL 4 RIGHT 14, CELL 7 DOWN 137, CELL 7 LEFT 15, CELL 6 DOWN 137, CELL 6 RIGHT 14, CELL 9 DOWN 166, CELL 9 LEFT 15, CELL 8 DOWN 166, CELL 8 RIGHT 14\n\n"},{"text":"0: cells show, cell 2 down 50, cell 1 down 70, cell 1 left 20\n"},null,{"attr":[1],"text":"0s: cells show, CELL 2 PIVOT 3 29, CELL 3 PIVOT 6 29, CELL 4 PIVOT 10 29, CELL 4 PIVOT 13 29, CELL 5 PIVOT 16 29, CELL 6 PIVOT 19 29, CELL 7 PIVOT 22 29, CELL 7 PIVOT 24 29, CELL 8 PIVOT 27 29, CELL 9 PIVOT 28 29\n\n0.1-0.3s: cell 2 rotate 5, cell 3 rotate -5, cell 4 rotate 5, cell 5 rotate -5, cell 6 rotate 5, cell 6 rotate -5, cell 7 rotate 5, cell 8 rotate -5, cell 9 rotate 5\n\n0.3-1S: CELL 2 ROTATE -10, CELL 3 ROTATE 10, CELL 4 ROTATE -10, CELL 5 ROTATE 10, CELL 6 ROTATE -10, CELL 6 ROTATE 10, CELL 7 ROTATE -10, CELL 8 ROTATE 10, CELL 9 ROTATE -10\n\n1-1.3S: CELL 2 ROTATE 5, CELL 3 ROTATE -5, CELL 4 ROTATE 5, CELL 5 ROTATE -5, CELL 6 ROTATE 5, CELL 6 ROTATE -5, CELL 7 ROTATE 5, CELL 8 ROTATE -5, CELL 9 ROTATE 5\n\n1.3s: restart\n"},{"text":"0: cells show, cell 2 down 50, cell 1 down 70, cell 1 right 20\n"},{"attr":[4],"text":"every 5 minutes\n10: cells show, cell 1 left 20\n10-11: cell 1 show\n10-15: cell 1 right 500\n14-15: cell 1 hide\n\n\n"},{"text":"0: cell 1 left 29, cell 3 right 29, cell 4 left 29, cell 4 down 29, cell 5 down 29, cell 6 right 29, cell 6 down 29\n\n\n0-.3: cells show\n.3-.6: cells hide\n.6: restart\n\n"},{"text":"0: cell 1 left 29, cell 1 down 19, cell 2 down 19, cell 3 right 29, cell 3 down 19, cell 4 left 29, cell 4 down 48, cell 5 down 48, cell 6 right 29, cell 6 down 48\n\n\n0-.4: cells show\n.4-.8: cells hide\n.8: restart\n\n"},{"text":"0: cell 1 left 29, cell 1 up 19, cell 2 up 19, cell 3 right 29, cell 3 up 19, cell 4 left 29, cell 4 down 10, cell 5 down 10, cell 6 right 29, cell 6 down 10\n\n\n0-.5: cells show\n.5-1: cells hide\n1: restart\n\n"},null,null,{"attr":[1],"text":"0s: cells show, CELL 2 PIVOT 3 29, CELL 3 PIVOT 6 29, CELL 4 PIVOT 10 29, CELL 4 PIVOT 13 29, CELL 5 PIVOT 16 29, CELL 6 PIVOT 19 29, CELL 7 PIVOT 22 29, CELL 7 PIVOT 24 29, CELL 8 PIVOT 27 29, CELL 9 PIVOT 28 29\n\n0.1-0.3s: cell 2 rotate 5, cell 3 rotate -5, cell 4 rotate 5, cell 5 rotate -5, cell 6 rotate 5, cell 6 rotate -5, cell 7 rotate 5, cell 8 rotate -5, cell 9 rotate 5\n\n0.3-1S: CELL 2 ROTATE -10, CELL 3 ROTATE 10, CELL 4 ROTATE -10, CELL 5 ROTATE 10, CELL 6 ROTATE -10, CELL 6 ROTATE 10, CELL 7 ROTATE -10, CELL 8 ROTATE 10, CELL 9 ROTATE -10\n\n1-1.3S: CELL 2 ROTATE 5, CELL 3 ROTATE -5, CELL 4 ROTATE 5, CELL 5 ROTATE -5, CELL 6 ROTATE 5, CELL 6 ROTATE -5, CELL 7 ROTATE 5, CELL 8 ROTATE -5, CELL 9 ROTATE 5\n\n1.3s: restart\n"},{"attr":[1,6],"textSize":51}],"n":["clear solid","f2d forest d3","sky night","stars forest","meteorite 3","t3bd d3","campfire","t4b fire2","t4b fire","log left","clear chair","g1b fire","log right","asteroid","campfire light r","campfire light y","campfire light o","rocks1n fire","rocks2n fire","g1b fire","vip related - pls don't delete"],"dr":[0,0,0,0,0,0,0,0,0,0,0,0,0,0,0,0,0,0,0,0,0]}}