{"wsh":"ws14x3.ws.manyland.com","wsp":80,"ifa":false,"ieh":false,"sub":false,"acl":{"x":15,"y":15},"aid":"583a837c9e8d00e20ff58dfa","gid":"583a837c9e8d00e20ff58dfa","arn":"tea pot","agn":"tea pot","aun":"teapot","ard":"welcome to cafe teapot","iid":"58579289b74421e00f0345b7","adr":{"angle":0,"speed":0},"apr":"INDIVIDUALS","axx":false,"aul":false,"spe":false,"ece":false,"mpv":45108,"aad":{"areaName":"piss","title":"piss's final ad","allCount":1,"stablerAreaName":"piss","stablerTitle":"piss's final ad"}}