{"base":"INTERACT","creator":"5003d713a0b60c386b0000a1","id":"541b0744891fcf586078910a","name":"treasure chest","prop":{"textSize":449,"thingRefs":[["53c7cec0482e90543a3f5344","hitting metal"],["5416ab4e2b8a9a5a2b812ade","open treasure chest"],["5416ac386ad1bfec03f3ac71","hitting treasure chest"],["5416b9dc7f173bff41aae595","collectible coin"],["5416bb2fa9a0a2340fa1f443","gem"]],"textData":"touches sword or hammer or axe -and- isn't harmed: /is harmed /HITTING TREASURE CHEST /plays hitting metal\n\nTOUCHES SWORD OR HAMMER OR AXE -AND- is HARMED and isn't looted: /is looted /ISN'T HARMED /OPEN TREASURE CHEST /plays hitting metal /throws 260 5 collectible coin, 272 30 collectible coin, 280 5 collectible coin, 265 5 gem\n\nTOUCHES SWORD OR HAMMER OR AXE -AND- IS HARMED AND IS LOOTED: /ISN'T HARMED /OPEN TREASURE CHEST /plays hitting metal","attr":[1,6,13,8]}}