{"base":"INTERACT","creator":"544122602d4423a55ec3be95","id":"54510d20a4003bc82a956b69","name":"musical triforce","prop":{"textSize":2066,"textData":"playing zelda's lullaby  https://soundcloud.com/ocarinatunes/zreo-zeldas-lullaby\nplaying saria's song  https://soundcloud.com/ocarinatunes/zreo-lost-woods-sarias-song\nplaying song of healing  https://soundcloud.com/ocarinatunes/zreo-song-of-healing\nplaying calling the four giants  https://soundcloud.com/ocarinatunes/zreo-calling-the-four-giants\nplaying requiem of spirits  https://soundcloud.com/ocarinatunes/zreo-requiem-of-spirit\nplaying breman song  https://soundcloud.com/ocarinatunes/zreo-breman-mask\nplaying deku palace  https://soundcloud.com/party-cat/deku-nuts-palace-zreo\nplaying serenade of water  https://soundcloud.com/ocarinatunes/zreo-serenade-of-water\nplaying minuet of forest  https://soundcloud.com/ocarinatunes/zreo-minuet-of-forest\nplaying bolero of fire  https://soundcloud.com/ocarinatunes/zreo-bolero-of-fire\nplaying song of time  https://soundcloud.com/ocarinatunes/zreo-song-of-time\nplaying linebeck theme  https://soundcloud.com/potionxshop/phantom-hourglass-linebeck-theme-zreo\n\n\nhears zelda's lullaby or zelda lullaby : https://soundcloud.com/ocarinatunes/zreo-zeldas-lullaby\nhears saria's song or saria song : https://soundcloud.com/ocarinatunes/zreo-lost-woods-sarias-song\nhears song of healing : https://soundcloud.com/ocarinatunes/zreo-song-of-healing\nhears calling the four giants or four giants : https://soundcloud.com/ocarinatunes/zreo-calling-the-four-giants\nhears requiem of spirit or spirit requiem : https://soundcloud.com/ocarinatunes/zreo-requiem-of-spirit\nhears breman song : https://soundcloud.com/ocarinatunes/zreo-breman-mask\nhears deku palace : https://soundcloud.com/party-cat/deku-nuts-palace-zreo\nhears serenade of water : https://soundcloud.com/ocarinatunes/zreo-serenade-of-water\nhears minuet of forest : HTTPS://SOUNDCLOUD.COM/OCARINATUNES/ZREO-MINUET-OF-FOREST\nhears bolero of fire : HTTPS://SOUNDCLOUD.COM/OCARINATUNES/ZREO-BOLERO-OF-FIRE\nhears song of time : HTTPS://SOUNDCLOUD.COM/OCARINATUNES/ZREO-SONG-OF-TIME\nhears linebeck theme : HTTPS://SOUNDCLOUD.COM/POTIONXSHOP/PHANTOM-HOURGLASS-LINEBECK-THEME-ZREO","attr":[1,6]}}