{"base":"INTERACT","creator":"544a9e2b7d4159ac0356416e","id":"5471318b6eccc1050f8f877f","name":"froggy","prop":{"textSize":398,"attr":[8,1,2,5],"textData":"REACHES: *Ribbit* /plays Lever Pulled\n\nHears Chocolate: BOOM! /EXPLODE /PLAYS EXPLOSION /PLACES AUDIO-FREE 15S EXPLOSION DUST -1 0, EXPLOSION DUST -1 -1, EXPLOSION DUST 0 -1, EXPLOSION DUST 1 -1, EXPLOSION DUST 1 0, EXPLOSION DUST 0 -1, EXPLOSION DUST 0 0, EXPLOSION DUST -1 1, EXPLOSION DUST 0 1, EXPLOSION DUST 1 1, EXPLOSION DUST -2 0, EXPLOSION DUST 2 0, EXPLOSION DUST 0 -2, EXPLOSION DUST 0 2","checksNears":true,"thingRefs":[["53c8d25a08f2b1c67b0f1eef","lever pulled"],["544e8fab6592dfbf64f9527e","explosion dust"],["53c84cc125d9d1116a72ca9b","explosion"]]}}