{"base":"DYNATHING","creator":"544a9e2b7d4159ac0356416e","id":"548ca44ca355031211ef2dc5","name":"flesh eating plant2","prop":{"attr":[1],"text":"0.0:cell 1 show, cell 2 show, cell 3 show, cell 1 up 19, cell 1 left 15, cell 2 up 19, cell 1 z-index 3, cell 2 z-index 1, cell 3 z-index 2,\n0.1S:cell 1 hide, cell 4 show, cell 4 left 15, cell 4 up 19, play sound,\n0.1-0.2S:cell 4 rotate -10, cell 4 down 20, cell 2 left 13, cell 2 down 10, cell 2 rotate -90\n0.3S: cell 4 hide, cell 1 show, cell 1 down 20, cell 1 rotate -10,\n1S: restart\n","soundId":"5415ae0bb9b889531db4ae45"}}