{"base":"DYNATHING","creator":"524389354b5ac3d87c000047","id":"54e55093a8ad75b7027d0b1a","name":"snow","prop":{"text":"0s: cell 1 left 20, cell 2 right 20, cell 3 left 40, CELL 4 LEFT 10, CELL 5 RIGHT 40, CELL 6 LEFT 30, CELL 7 LEFT 30, CELL 8 RIGHT 20, CELL 7 SHOW, CELL 8 SHOW, CELL 9 SHOW, CELL 7 ROTATE 36, CELL 8 ROTATE 66, CELL 9 ROTATE -66, CELL 7 DOWN 66, CELL 8 DOWN 80, CELL 9 DOWN 100, CELL 7 OPACITY 0.33, CELL 8 OPACITY 0.33, CELL 9 OPACITY 0.33\n\n0-0.5s: cell 1 show, cell 2 show, cell 3 show, cell 7 rotate 18, cell 8 rotate 33, cell 9 rotate -33, cell 7 opacity 0, cell 8 opacity 0, cell 9 opacity 0, cell 7 down 33, cell 8 down 40, cell 9 down 50\n\n0-3s:cell 1 rotate 90, cell 2 rotate -180, cell 3 rotate 135, cell 1 down 180, cell 2 down 175, cell 3 down 190\n\n1-1.5s: cell 4 show, cell 5 show, cell 6 show\n1-4s: cell 4 rotate 180, cell 5 rotate -45, cell 6 rotate 90, cell 4 down 160, cell 5 down 150, cell 6 down 180\n\n1.5-3s: cell 1 hide, cell 2 hide, cell 3 hide\n\n\n2s:cell 7 up 99, cell 8 up 120, cell 9 up 150\n2-2.5s: cell 7 show, cell 8 show, cell 9 show\n\n2-4s: cell 7 rotate 36, cell 8 rotate 66, cell 9 rotate -66, cell 7 down 66, cell 8 down 80, cell 9 down 100\n\n2.5-4s: cell 4 hide, cell 5 hide, cell 6 hide\n\n3.5-4s: cell 7 opacity 0.33, cell 8 opacity 0.33, cell 9 opacity 0.33\n\n\n4s: restart"}}