{"base":"DYNATHING","creator":"544a9e2b7d4159ac0356416e","id":"5633b4102bdd77a5200f4068","name":"wind2","prop":{"text":"0S: cell 1 show, cells opacity 0\n0.1-1.7: CELLS RIGHT 87,\n0.1-1: CELL 1 OPACITY 1,\n1-1.7: Cell 1 opacity 0,\n1S: cell 1 hide, cell 2 show,\n1.1S: cell 2 hide, cell 3 show,\n1.2S: cell 3 hide, cell 4 show,\n1.3S: cell 4 hide, cell 5 show,\n1.4S: cell 5 hide, cell 6 show,\n1.5S: cell 6 hide, cell 7 show,\n1.6: cell 7 hide, cell 8 show, cell 8 opacity 0.75,\n1.7S: cell 8 hide, cell 9 show, cell 9 opacity 0.5\n1.7-1.8S: Cell 9 opacity 0,\n3S: restart"}}