{"base":"DYNATHING","creator":"544a9e2b7d4159ac0356416e","id":"56ae3b90b44c42610477d77a","name":"blood-crystal","prop":{"text":"0S: cell 1 show, cell 2 down 26, cell 3 down 25, cell 4 down 11, cell 4 show, cell 4 opacity 0, cell 5 opacity 0\n0-1.5S: cell 1 down 10,\n1.5-1.7: cell 1 down 1\n1.7-3.4S: cell 1 up 10, cell 4 opacity 1, cell 4 up 10\n3.4-3.6S: Cell 1 up 1, CELL 4 OPACITY 0\n3.6S: CELL 4 DOWN 10\n\n0-0.1S: Cell 5 opacity 1\n0.1-0.2S: cell 5 opacity 0\n\n3.6-5.1S: CELL 1 DOWN 10\n5.1-5.3S: CELL 1 DOWN 1\n5.3-7S: CELL 1 UP 10, CELL 4 OPACITY 1, CELL 4 UP 10\n7-7.2S: CELL 1 UP 1, CELL 4 OPACITY 0\n7.25S: CELL 4 DOWN 10\n\n5.3: cell 5 down 11\n5.3-5.4S: CELL 5 OPACITY 1\n5.4-5.5S: CELL 5 OPACITY 0\n5.5S: cell 5 up 11\n\n1S: cell 2 show\n1-1.3S: Cell 2 down 29\n1.3S: cell 2 hide, cell 2 up 29\n\n3S: Cell 3 show\n3-3.3S: cell 3 down 29\n3.3S: Cell 3 hide, cell 3 up 29\n\n3.5S: CELL 2 SHOW\n3.5-3.8S: CELL 2 DOWN 29\n3.8S: CELL 2 HIDE, CELL 2 UP 29\n\n4.3S: CELL 3 SHOW\n4.3-4.6S: CELL 3 DOWN 29\n4.6S: CELL 3 HIDE, cell 3 up 29\n\n\n7.2S: restart"}}