{"base":"DYNATHING","creator":"544a9e2b7d4159ac0356416e","id":"5700490a06ba161413c149eb","name":"grinder","prop":{"attr":[10],"text":"0S: cells show, cell 1 left 32, cell 2 left 32, cell 2 up 86, cell 4 up 86, cell 5 up 72, cell 1 up 57, cell 3 up 57, cell 6 up 72, cell 7 up 72, cell 8 up 72, CELL 5 LEFT 18, CELL 6 LEFT 18, CELL 7 LEFT 18, CELL 8 LEFT 18, cell 1 z-index 8, cell 2 z-index 8, cell 3 z-index 7, cell 4 z-index 6, cell 5 Z-INDEX 1, cell 6 Z-INDEX 2, cell 7 Z-INDEX 3, cell 8 Z-INDEX 4, cell 3 left 3, cell 4 left 3,\n0-0.5: cell 5 rotate 90, CELL 6 ROTATE 90, CELL 7 ROTATE 90, CELL 8 ROTATE 90,\n0.5-1: CELL 5 ROTATE 90, CELL 6 ROTATE 90, CELL 7 ROTATE 90, CELL 8 ROTATE 90,\n1-1.5: CELL 5 ROTATE 90, CELL 6 ROTATE 90, CELL 7 ROTATE 90, CELL 8 ROTATE 90,\n1.5-2: CELL 5 ROTATE 90, CELL 6 ROTATE 90, CELL 7 ROTATE 90, CELL 8 ROTATE 90,\n2S: restart"}}