{"base":"DYNATHING","creator":"544a9e2b7d4159ac0356416e","id":"57054262fee0dc1613286479","name":"watreeeeee","prop":{"attr":[10],"text":"0S: cell 1 show, cells down 62\n0-3S: cells left 8, \n0-1.5S: cells up 2 \n1.5S: cell 1 hide, cell 2 show\n2S: cell 2 hide, cell 1 show\n1.5-3S: cells down 4\n3-9S: cells right 16\n3S: cell 1 hide, cell 2 show,\n3-6: cells up 4,\n7S: cell 2 hide, cell 1 show\n6-9: cells down 4,\n8S: cell 1 hide, cell 2 show\n9-12S: cells up 2,\n9-12S: cells left 8\n10S: cell 2 hide, cell 1 show\n11: cell 1 hide, cell 2 show\n12S: restart"}}