{"ece":false,"wsh":"ws11x6.ws.manyland.com","wsp":80,"ifa":false,"ieh":false,"sub":true,"adr":{"angle":270,"speed":1},"apr":"INDIVIDUALS","spe":false,"acl":{"x":15,"y":15},"aad":{"areaName":"piss","title":"piss's final ad","allCount":1,"stablerAreaName":"piss","stablerTitle":"piss's final ad"},"aid":"550062e9980316e02f0ceaf5","gid":"53ebd011d31b8354235a2d8f","iid":"585ca5535da0818513b48eac","arn":"the oracle","aun":"kingbrownssanctum","agn":"king brown's sanctum","ard":"","axx":false,"aul":false,"mpv":10}