{"ece":false,"wsh":"ws14x1.ws.manyland.com","wsp":80,"ifa":false,"ieh":false,"sub":true,"adr":{"angle":0,"speed":0},"apr":"INDIVIDUALS","spe":false,"acl":{"x":15,"y":15},"aad":{"areaName":"piss","title":"piss's final ad","allCount":1,"stablerAreaName":"piss","stablerTitle":"piss's final ad"},"aid":"543a04f37e81f3007a1a3e29","gid":"53ebd011d31b8354235a2d8f","iid":"585ca5535da0818513b48eac","arn":"brown cinema vault","aun":"kingbrownssanctum","agn":"king brown's sanctum","ard":"","axx":false,"aul":false,"mpv":1}