{"iix":["53ebeea6f06a31de1b467776","541b03cf44aff03338610fce","541b042944aff03338610fcf","5419aa09929bd2d80f1f59fc","541b106ea793325636ffa9d1"],"ps":[[3,7,0,0,0,0],[3,8,0,0,0,0],[0,7,0,0,0,0],[1,7,0,0,0,0],[2,7,0,0,0,0],[1,8,0,0,0,0],[1,6,1,0,0,0],[2,6,1,0,0,0],[3,6,1,0,0,0],[0,9,1,0,0,0],[1,9,1,0,0,0],[2,9,1,0,0,0],[3,9,1,0,0,0],[0,6,1,0,0,0],[4,7,2,0,0,0],[4,8,2,0,0,0],[4,9,2,0,0,0],[4,6,2,0,0,0],[2,8,3,0,0,0],[0,8,4,0,0,0]],"v":28,"x":6,"y":-1,"i":{"b":["DECOBG","SOLID","SOLID","INTERACT","GATHER"],"p":[null,null,null,{"attr":[5,8,1],"textSize":22},{"attr":[6],"soundId":"53c7bab6482e90543a3f5307"}],"n":["wood back","solid","solid","to elsewhere exit rocks","gem"],"dr":[0,0,0,0,0]}}