{"base":"INTERACT","creator":"5003d713a0b60c386b0000a1","id":"53f37e7fafc8524c5797ff8d","name":"train logic","prop":{"textSize":422,"thingRefs":[["53f3705a937fb02a73ffec2a","train ambience"]],"reactsTo":["someone_arrives"],"textData":"**TO EXIT AT NEWPOLIS, SAY EXIT.**\nHEARS EXIT: /TO NEWPOLIS\n\nsomeone arrives and they hold sunny beach ticket: /shows train ambience /removes holdable /waits 10  **arriving at sunny beach station**  **please exit to your right**  /to sunny beach\n\nSOMEONE ARRIVES AND THEY HOLD newpolis TICKET: /SHOWS TRAIN AMBIENCE /REMOVES HOLDABLE /WAITS 10  **ARRIVING AT newpolis STATION**  **PLEASE EXIT TO YOUR RIGHT**  /TO newpolis","attr":[5,1,6]}}