{"x":-2,"y":-1,"ps":[[2,30,0,0,0,0],[10,31,0,0,0,0],[21,26,0,0,0,0],[19,26,0,0,0,0]],"v":9,"iix":["5d62d29255f89c31d8f65f8a"],"i":{"b":["DYNATHING"],"p":[{"text":"0s: cell 1 up 200, cell 1 rotate 15, cell 2 rotate 15, cell 3 rotate 15, cell 4 rotate 15, cell 5 rotate 15, cell 6 rotate 15, cell 7 rotate 15, cell 8 rotate 15, cell 9 rotate 15\n0s-.2s: cell 1 show\n0S-1S: CELL 1 DOWN 300, cell 1 left 50\n0.1s: cell 2 up 180\n0.1s-0.3s: cell 2 show\n0.1s-1.1s: cell 2 down 300, cell 2 left 50\n0.2s: cell 3 up 210, cell 3 right 40\n0.2s-0.4s: cell 3 show\n0.2s-1.2s: cell 3 down 300, cell 3 left 50\n0.35s: cell 4 left 60, cell 4 up 205\n0.35s-0.55s: cell 4 show\n0.35s-1.4s: cell 4 down 300, cell 4 left 50\n0.48s: cell 5 right 80, cell 5 up 190\n0.48s-0.68s: cell 5 show\n0.48s-1.5s: cell 5 down 300, cell 5 left 50\n0.6s: cell 6 up 200, cell 6 right 20\n0.6s-0.8s: cell 6 show\n0.6s-1.58s: cell 6 down 300, cell 6 left 50\n0.7s: cell 7 up 190, cell 7 left 35\n0.7s-0.9s: cell 7 show\n0.7s-1.71s: cell 7 down 300, cell 7 left 50\n0.8s: cell 8 up 205, cell 8 left 15\n0.8s-1.0s: cell 8 show\n0.8s-1.9s: cell 8 down 300, cell 8 left 50\n0.9s: cell 9 up 200, cell 9 right 30\n0.9s-1.1s: cell 9 show\n0.9s-2s: cell 9 down 300, cell 9 left 50\n\n1s: cell 1 hide\n1.1s: cell 2 hide\n1.2s: cell 3 hide\n1.4s: cell 4 hide\n1.5s: cell 5 hide\n1.58s: cell 6 hide\n1.71s: cell 7 hide\n1.9s: cell 8 hide\n2s: cell 9 hide\n2.01s: restart"}],"n":["raining blood"],"dr":[0]}}