{"base":"DYNATHING","creator":"544584839108cc8a2e036087","id":"54bc4943f033e1361e2da918","name":"dynathunder, nana nana na na","prop":{"text":"0: cell 2 down 28, cell 3 down 56, cell 6 down 28, cell 4 left 30, cell 5 right 30, cell 6 right 30\n0.0: CELLS DOWN 11\n\n0.00-0.05: cell 1 show, cell 2 show, cell 3 show\n0.05-0.10: cell 1 hide, cell 2 hide, cell 3 hide\n\n0.20-0.25: CELL 1 SHOW, CELL 2 SHOW, CELL 3 SHOW\n0.25-0.30: CELL 1 HIDE, CELL 2 HIDE, CELL 3 HIDE\n\n0.50-0.55: cell 4 show\n0.55-0.60: cell 4 hide\n\n1.00-1.05: cell 5 show, cell 6 show\n1.05-1.10: cell 5 hide, cell 6 hide\n\n1.10-1.15: cell 4 show\n1.15-1.20: cell 4 hide\n\n4.00-4.05: CELL 1 SHOW, CELL 2 SHOW, CELL 3 SHOW\n4.05-4.20: CELL 1 HIDE, CELL 2 HIDE, CELL 3 HIDE\n\n4.25-4.30: CELL 5 SHOW, CELL 6 SHOW\n4.30-4.50: CELL 5 HIDE, CELL 6 HIDE\n\n4.50-4.55: CELL 1 SHOW, CELL 2 SHOW, CELL 3 SHOW\n4.55-5.00: CELL 1 HIDE, CELL 2 HIDE, CELL 3 HIDE\n\n6.00-6.05: CELL 4 SHOW\n6.05-6.10: CELL 4 HIDE\n\n8.00: restart\n"}}