{"base":"DYNATHING","creator":"555af036baf36ec042b7e657","id":"560f986b28f78104267c6c99","name":"falling leaves","prop":{"text":"0: CELLS UP 87, CELL 4 RIGHT 116, CELL 1 RIGHT 87, CELL 6 RIGHT 44, CELL 2 LEFT 58, CELL 7 LEFT 87, CELL 5 LEFT 116, CELL 1 UP 50, CELL 2 DOWN 30, CELL 4 UP 20, CELL 7 UP 30\n\n0-1: CELL 1 OPACITY 1, CELL 3 OPACITY 1, CELL 5 OPACITY 1, CELL 7 OPACITY 1\n0-15: CELLS DOWN 150, CELL 1 ROTATE -360, CELL 2 ROTATE -360, CELL 3 ROTATE 360, CELL 4 ROTATE -360, CELL 5 ROTATE 360, CELL 6 ROTATE 360, CELL 7 ROTATE 360\n\n3-4: CELL 4 OPACITY 1, CELL 6 OPACITY 1,\n\n6-7: CELL 2 OPACITY 1\n\n14.5-15: CELLS OPACITY 0.0"}}