{"base":"READABLE","creator":"555af036baf36ec042b7e657","id":"562a22c9fc845421347d9a84","name":"tomb of anime","prop":{"textSize":7261,"rgb2":"0,197,247","rgb":"0,12,12","textData":"~Anime list~\n~Look At The Comments Too~\n1.Another\n2.attack on titan\n3.amatsuki\n4.Acchi Kocchi\n5.aru kagaku railgun\n6.ao no exorcist\n7.bakuman\n8.bokura ga ita\n9.blood lad\n10.Boku wa Tomodachi ga Sukunai\n11.Baka to Test to Shoukanjuu\n12.Beelzebub\n13.black rock shooter\n14.Bakemonogatari\n15.Blood C\n16.Btooom\n17.Chuunibyou\n18.Choujigen Game Neptune: The Animation\n19.clannad\n20.code geass\n21.code geass r2\n22.deadman wonderland\n23.date a live\n24.dakara boku wa\n25.Danganronpa\n26.devil survivor 2\n27.durarara!!\n28.devil may cry\n29.EUREKA SEVEN AO\n30.freez\n31.full metal alchemist\n32.fate/zero\n33.free\n34.Gosick\n35.Ginga Kikoutai: Majestic Prince\n36.guilty crown\n37.gintama\n38.Hatsu Inu\n39.Hataraku Maou-sama\n40.heroman\n41.hunter x hunter\n42.high school DXD\n43.high school DXD 2\n44.Hanasaku iroha\n45.Hayate no Gotoku\n46.high school of the dead\n47.Hyperdimension Neptunia The Animation\n48.hoshizora e kakaru hashii\n49.Hyouka\n50.Hentai Ouji to Warawanai Neko\n51.hokenshitsu no shinigami\n52.Hyakka Ryoran: Samurai Girls\n53.innocent venus\n54.Inu to Hasami wa Tsukaiyou\n55.infinite stratos\n56.Inu x Boku SS\n57.Jigoku Shoujo\n58.k project\n59.kaicho wa maid-sama!\n60.Kore Wa Zombie Desu Ka\n61.Kamisama hajimemashita\n62.Kuroshitsuji\n63.kiss x sis\n64.k-on\n65.kaze no stigma\n66.Kämpfer\n67.lucky star\n68.maji de watashi ni koi shinasai\n69.mirai nikki\n70.Mayou maou Yusha\n71.Medaka Box\n72.Majutsu No Index\n73.nurarihiyon no mago\n74.nabari no ou\n75.Nisemonogatari\n76.Ore no Kanojo to Osananajimi ga Shuraba Sugiru\n77.Oreimo\n78.Place to Place\n79.rozen maiden\n80.rosario + vampire\n81.rosario + vampire capu2\n82.seikon no qwaser\n83.seto no hanayome\n84.steins gate\n85.Sennen Makyou\n86.Shuffle\n87.sword art online\n88.Sora no Otoshimono\n89.soul eater\n90.sket dance\n91.sakurasou no pet na kanojo\n92.Shakugan no Shana\n93.Shakugan no Shana II\n94.Shakugan no Shana III\n95.Sekirei & Sekirei Pure Engagement\n96.samuraix\n97.School Days\n98.Senran Kagura\n99.toradora\n100.tonari no kaibutsu kun\n101.To Love-Ru\n102.The World God Only Knows\n103.The World God Only Knows II\n104.The World God Only Knows III\n105.Tenchi Muyo Ryo-Ohki\n106.The melancholy of Haruhu Suzumiya\n107.unicorn gundam\n108.watamote\n109.witch blade\n110.watamotari\n111.Yamato Nadeshiko Shichi Henge\n112.yosuga no sora\n113.Yahari Ore no Seishun Love Come wa Machigatteiru\n114.zero no tsukaima\n115.zetsuen no tempest\n116.Psycho-pass\n117.Gosick\n118.tonari no kaibutsu kun\n119.rozen maiden\n120.Toradora!\n121.Denpa Onna to Seishun Otoko\n122.higurashi\n123.schooldays\n124.c-cube\n125.Oda Nobuna no Yabou\n126.Oniichan No Koto\n127.Sukitte Iinayo\n128.mayo chiki\n129.gj bu\n130.bukusatsu tenshi\n131.campione\n132.love hina\n133.seirei tsukai no blade dance\n134.little buster\n135.bento\n136.hidan no aria\n137.nyan koi\n138.senyuu\n139.seto no hanayome\n140.girls bravo\n141.danshi koukousei\n142.working!\n143.mm!\n144.xxx holic\n145.ladies vs butlers\n146.hayate no gotoku\n147.Magi\n148.Zettai Bouei Leviathan\n149.The Law of Ueki\n150.Kurogane no Linebarrels\n151.yami shibai\n152.dragon crisis\n153.Kokoro Connect\n154.inu x boku ss\n155.Boku wa Tomodachi ga Sukunai\n156.SENRAN KAGURA\n157.Amnesia\n158.magica madoka\n159.YUMEKUI MERRY\n160.Itsuka Tenma no Kuro Usagi\n161.Appleseed XIII\n162.Sacred Seven\n163.Kyokai Senjou no Horizon\n164.PhiBrain: Kami no Puzzle\n165.mashiro iro symphony\n166.fortune arterial\n167.kamisama no inai nichiyoubi\n168.Onii-chan Dakedo Ai Sae Areba Kankeinai yo ne!\n169.Mushibugyou\n170.Ro-Kyu-Bu!\n171.pandora hearts\n172.kagaku no yatsura\n173.tenjou tenge\n174.Muv-Luv alternative:total eclipse\n175.akikan\n176.Shugo Chara\n177.Asobi Ni Iku Yo\n178.boku no imouto wa osaka okan\n179.dog days\n180.Hoshi o ou kodomo\n181.Haiyore nyaruko-san\n182.Hiiro no kakera\n183.Black Lagoon : Second Barrage\n184.Kyoshiro to towa no sora\n185.Scryed\n186.ikkitousen\n187.busou renkin\n188.Mahou sensei negima! mou hitotsu no sekai\n189.Mayoi Neko Overrun\n190.D.N. Angel\n191.RWYB\n192.Zettai Bouei Leviathan\n193.Cuticle Tantei Inaba\n194.witch hunter\n195.tari tari\n196.fullmetal panic\n197.Recorder to Randoseru\n198.binbougami ga!\n199.Kami-Sama no Memo-Chou\n200.Aki Sora's Synopsis\n201.Inukami!'s\n202.Nazo no Kanojo X\n203.Sora no Otoshimono\n204.Astarotte's Toy\n205.Shinryaku! Ika Musume\n206.Karneval\n207.Seitokai Yakuindomo\n208.valvrave the Liberator\n209.Ixion Saga Dt\n210.haiyori!\n211.Princess Lover\n212.Hakuoki\n213.Saki\n\"i will add more soon\"\n\"Manga/Manhwa list\"\n\"Manga/Manhwa i have read\"\n1.\"Aoi\" - Hikaru ga Chikyuu ni Itakoro......\n2.+C: Sword and Cornett\n3.The Breaker\n4.The Breaker: New Waves\n5.Psyren\n6.Cage Of Eden\n7.Pandora Hearts\n8.Girls of the Wild's\n9.Dragons Rioting\n10.Assassination Classroom\n11.Gun x Clover\n12.Ubel Blatt\n13.World Trigger\n14.Seirei Tsukai no Kenbu\n15.World Embryo\n16.Kitsune no Akuma to Kuroi Madousho\n17.Black Haze\n18.Akame ga Kiru!\n19.Sora no Otoshimono\n20.Gokukoku no Brynhildr\n21.Cavalier of the Abyss\n22.Trinity Seven: 7-Nin no Mahoutsukai\n23.Apocalypse no Toride\n24.UQ Holder!\n25.Ratman\n26.Kurozakuro\n27.Kikou Shoujo wa Kizutsukanai\n28.Gate - Jietai Kare no Chi nite, Kaku Tatakeri\n29.Hekikai no AiON\n30.The Sacred Blacksmith\n31.Mahou Shoujo of the End\n32.Superior\n33.Superior Cross\n34.Ore ga Heroine o Tasukesugite Sekai ga Little Mokushiroku!?\n35.Mouryou no Yurikago\n36.Taboo-Tattoo\n37.Tripeace\n38.Tiji-Kun!\n39.Fukashigi Philia\n40.Misumaruka Koukoku Monogatari\n41.Witchcraft Works\n42.Code Geass: Shikkoku no Renya\n43.Number\n44.Dungeon ni Deai o Motomeru no wa Machigatte Iru Darou ka\n45.Anagle Mole\n46.Aflame Inferno\n47.Psycho Busters\n48.Shingeki no Kyojin - Before the Fall\n49.Imawabi no Dakini\n50.A Book of Dreams\n51.Sentou Hakai Gakuen Dangerosu\n52.Jormungand\n53.Crime Zone\n54.Tsugumomo\n55.Isuca\n56.Hyouketsu Kyoukai no Eden\n57.Blood Parade\n58.OZ (TOKIYA Seigo)\n59.Hime-dol!!\n60.Immortal Regis\n61.Asu no Yoichi!\n62.Ultraman\n63.Re:BIRTH - The Lunatic Taker\n64.Naqua-den\n65.Magika no Kenshi to Shoukan Maou\n66.Shingetsutan Tsukihime\n67.Real PG\n68.Taimadou Gakuen 35 Shiken Shoutai\n69.Law of Ueki\n70.Law of Ueki Plus\n71.Baroque Night\n72.Lasboss x Hero\n73.Yuusen Shoujo ~Plug-in Girl~\n74.Sentou Jousai Masurawo\n75.Not Lives\n76.Stealth Symphony\n77.Legal Friends\n78.Vermillion\n79.A Falsified Romance\n80.Baketeriya\n81.Shinrei Tantei Yakumo\n82.Kamisama no Iutoori Ni\n83.Ajin\n84.Ibitsu\n85.Kingdom of Zombie\n86.Kingdom Game\n87.Kasane\n88.Yakuza Girl\n89.Shinigami-sama ni Saigo no Onegai wo\n90.Gakkou Gurashi\n91.Gyo\n92.Chaos;HEAd\n93.Tokyo Kushu\n94.Mahou Shoujo Site\n95.Black Yome ni Yoroshiku!\n96.Liar Game\n97.Nabari no Ou\n98.Boku wa Mari no Naka\n99.Aphorism\n100.Pupa\n101.DICE: The Cube that Changes Everything\n102.Conductor\n103.Bright World Project\n104.Classmate, Kamimura Yuuka wa Kou Itta\n105.Higanbana no Saku Yoru ni\n106.Bloody Monday\n107.Bloody Monday 2\n108.Darwin's Game\n109.CØDE:BREAKER\n110.Bakuman\n111.Omamori Himari\n112.Witch Hunter\n113.Kangoku Gakuen\n114.Barajou no Kiss\n115.Hibi Chouchou\n116.Yamada and the Seven Witches\n117.Again!!\n118.Shishunki no Iron Maiden\n119.Area D - Inou Ryouiki\n120.Shinmai Maou no Keiyakusha\n121.Fortune Arterial\n123.Rising x Rydeen\n124.Tadashii Kodomo no Tsukurikata!\n125.Gou-Dere Bishoujo Nagihara Sora\n126.Papa no Iukoto o Kikinasai! - Rojou Kansatsu Kenkyuu Nisshi\n127.Maga Tsuki\n128.Saito-kun wa Chounouryokusha Rashii\n129.Black God\n130.Kisei Kanojo Sana - Parasistence Sana\n\"i will add more soon\""}}