{"base":"DYNATHING","creator":"555af036baf36ec042b7e657","id":"56331e8dc5ff51b31d0ae2b0","name":"shadow monster respawn point 9 blocks","prop":{"text":"0s: cells hide, cell 1 up 150, cells down 38\n0.0-1.0: cell 1 show, down 160\n1.0-1.0: cell 1 hide, cell 2 show\n1.0-1.25: cell 2 hide, cell 3 show\n1.25-1.45: cell 3 hide, cell 4 show\n1.45-1.65: cell 4 hide, cell 5 show\n1.65-1.85: cell 5 hide, cell 6 show\n1.85-2.50: cell 6 hide, cell 7 show\n2.50-2.95: cell 7 hide, cell 8 show\n2.95-3.0: cell 8 hide, cell 9 show\n3.0-3.75: cells hide\n3.75-14.0: repeat\n"}}