{"base":"INTERACT","creator":"555af036baf36ec042b7e657","id":"563715230ec9bfe3548a554b","name":"interacting","prop":{"textSize":157,"attr":[6,1,5,8],"textData":"someone kills shadow monster: /countdown invisible 12\n\nSOMEONE FINISHES COUNTDOWN: /shadow monster respawn point 9 blocks  /PLACES 3S darker rocks 0 1, 0 2\n\n","reactsTo":["someone_finishes_countdown","someone_kills"],"thingRefs":[["56331407ad9d699d13909982","shadow monster"],["56331e8dc5ff51b31d0ae2b0","shadow monster respawn point 9 blocks"],["5633266218f947971342889c","darker rocks"]]}}