{"base":"DYNATHING","creator":"555af036baf36ec042b7e657","id":"565e7e0861f7361a552b426f","name":"debrism eye dynamic","prop":{"attr":[8,1],"text":"0: cells show, cell 2 opacity 0, CELL 3 OPACITY 0, CELL 4 OPACITY 0, CELL 5 OPACITY 0, CELL 6 OPACITY 0, up 5, CELL 7 OPACITY 0, UP 5, CELL 8 OPACITY 0, UP 5, CELL 9 OPACITY 0, UP 1,\n0.0-1.0: cell 2 opacity 1\n1.0-1.35: cell 2 opacity 0, cell 3 opacity 1\n1.35-1.45: cell 3 opacity 0, cell 4 opacity 1\n1.45-1.55: CELL 4 OPACITY 0, CELL 5 OPACITY 1\n1.55-1.65: CELL 5 OPACITY 0, CELL 6 OPACITY 1\n1.65-1.75: CELL 6 OPACITY 0, CELL 7 OPACITY 1\n1.75-1.85: CELL 7 OPACITY 0, CELL 8 OPACITY 1\n1.85-2.0: cell 9 opacity 1, up 2, left 1\n2.0-2.35: cell 9 up 2, right 2\n2.35-2.65: cell 9 up 1, left 2\n2.65-2.75: cell 9 down 1,\n2.75-3.0: CELL 9 OPACITY 0\n3.0-3.35: CELL 8 OPACITY 0, CELL 7 OPACITY 1\n3.35-3.45: CELL 7 OPACITY 0, CELL 6 OPACITY 1\n3.45-3.55: CELL 6 OPACITY 0, CELL 5 OPACITY 1\n3.55-3.65: CELL 5 OPACITY 0, CELL 4 OPACITY 1\n3.65-3.75: CELL 4 OPACITY 0, CELL 3 OPACITY 0\n3.75-3.85: CELL 3 OPACITY 0, CELL 2 OPACITY 1\n3.85-4.0: cell 2 opacity 0, down 2\n4.0: restart"}}