{"base":"INTERACT","creator":"54ead4be0d6d9cce090e9b2d","id":"566a884b606618f0478b34b7","name":"merchant","prop":{"textSize":906,"attr":[1,5],"textData":"touches -or- hears hello -or- hears hi: hello... /shows list\n//and their soul orb < *\n\nhears rawr: rawr...\n\n//darkalloy sword\nsomeone holder-selects darkalloy sword and their soul orb >= 10: thanks... /-10 THEIR SOUL ORB /gives darkalloy sword /they possess darkalloy sword\nSOMEONE HOLDER-SELECTS DARKALLOY SWORD AND THEIR SOUL ORB < 10: you don't have enough soul orb...\n\n//legion torch\nSOMEONE HOLDER-SELECTS legion torch AND THEIR SOUL ORB >= 20: THANKS... /-20 THEIR SOUL ORB /GIVES legion torch /THEY POSSESS legion torch\nSOMEONE HOLDER-SELECTS legion torch AND THEIR SOUL ORB < 20: YOU DON'T HAVE ENOUGH SOUL ORB...\n\n//skull of protection\nSOMEONE HOLDER-SELECTS skull of protection AND THEIR SOUL ORB >= 25: THANKS... /-25 THEIR SOUL ORB /GIVES skull of protection /THEY POSSESS skull of protection\nSOMEONE HOLDER-SELECTS skull of protection AND THEIR SOUL ORB < 25: YOU DON'T HAVE ENOUGH SOUL ORB...","reactsTo":["someone_holder-selects"],"thingRefs":[["563c83b2c6c60c7815aac385","list"],["562df951f481121b4465e8c5","soul orb"],["563c8940fec9cc6e1534302e","darkalloy sword"],["566a7df87b60e56032f98ebb","legion torch"],["566a872ba36b31337a7efc14","skull of protection"]]}}