{"base":"DYNATHING","creator":"555af036baf36ec042b7e657","id":"567b99df41d5178e6a9f9594","name":"shadow of sanguinem","prop":{"text":"0S:CELLS SHOW, CELL 9 UP 50, LEFT 8, CELL 4 LEFT 5, CELL 5 UP 25, CELL 6 UP 45, LEFT 5, CELL 3 UP 65, LEFT 3, CELL 7 UP 42, RIGHT 16, ROTATE -15, CELL 8 UP 15, RIGHT 19, ROTATE 55, CELL 1 UP 38, LEFT 15, ROTATE 20, CELL 2 UP 15, LEFT 22, ROTATE -25\n0.0-2.0: CELL 6 DOWN 2, CELL 9 DOWN 2, CELL 3 DOWN 2, CELL 1 DOWN 2, CELL 7 DOWN 2, CELL 8 DOWN 2, ROTATE 10, CELL 2 DOWN 2, ROTATE -10\n2.0-4.0: CELL 6 UP 2, CELL 9 UP 2, CELL 3 UP 2, CELL 1 UP 2, CELL 7 UP 2, CELL 8 UP 2, ROTATE -10, CELL 2 UP 2, ROTATE 10\n4.0-8.0: CELL 6 DOWN 2, CELL 9 DOWN 2, CELL 3 DOWN 2, CELL 1 DOWN 2, CELL 7 DOWN 2, CELL 8 DOWN 2, ROTATE 10, CELL 2 DOWN 2, ROTATE -10\n8.0-12.0: CELL 6 UP 2, CELL 9 UP 2, CELL 3 UP 2, CELL 1 UP 2, CELL 7 UP 2, CELL 8 UP 2, ROTATE -10, CELL 2 UP 2, ROTATE 10\n12.0: RESTART\n\n"}}