{"base":"INTERACT","creator":"555af036baf36ec042b7e657","id":"5680eba2fc4c23180b22c399","name":"warden of greed","prop":{"textSize":406,"attr":[9,1,8,5],"textData":"viewed: /countdown invisible 2\nsomeone finishes countdown: /shows instruction1  /waits 4.5s /clears countdown\napproaches and they move right -or- APPROACHES and they move left -or- APPROACHES and they move up -or- APPROACHES and they move down: /clears countdown\n\ntouches: do you wish to go back?.\n- HEARS yes: /TRANSPORTS 225 36  >\n- hears no: ok then. >\n- hears 666 and is [editor]: /transports 225 36  >","checksNears":true,"reactsTo":["someone_finishes_countdown"],"thingRefs":[["566e551394c830ac7bb351eb","instruction1"]],"clonedFrom":"5680e9498cff37303efee1f5"}}