{"base":"DYNATHING","creator":"555af036baf36ec042b7e657","id":"56adc6cfbcb7ec710ff8d68c","name":"green fire flies","prop":{"text":"0: cell 1 PIVOT 0 1, down 15, cell 2 up 43, PIVOT 19 19, cell 3 down 40, cell 3 left 15, PIVOT 19 1, RIGHT 34, cell 4 left 34, up 7, cell 5 down 20, PIVOT 19 1, RIGHT 43, cell 6 pivot 1 19\n0-1: cell 1 opacity 1, CELL 4 ACCELERATE RIGHT .25\n1-2: cell 1 bright, cell 2 opacity 1, bright\n2-3: cell 1 unbright, cell 2 accelerate down .0015, ROTATE -50, cell 3 opacity 1, ACCELERATE right .25, cell 5 opacity 1, accelerate left .15\n5-6: cell 1 ACCELERATE left .25\n1-3: cell 1 ROTATE 40, cell 4 opacity 1, cell 4 rotate -35, bright, accelerate up .005, cell 5 rotate 35, ACCELERATE right .2\n3-5: cell 1 rotate -50, ACCELERATE left .30, cell 2 unbright, rotate 70, CELL 3 ROTATE 160\n5-6: cell 1 opacity 0, cell 4 rotate 60, unbright\n6-7: cell 2 opacity 0, cell 3 ROTATE -40, accelerate up .002, CELL 5 ROTATE -55\n8-9: cell 3 opacity 0\n9-10: cell 4 opacity 0, cell 5 opacity 0\n1-5: cell 6 opacity 1, left 20\n5-10: CELL 6 up 45, ROTATE 160\n10-15: cell 6 left 29, opacity 0, rotate 160\n15s: restart"}}