{"base":"DYNATHING","creator":"555af036baf36ec042b7e657","id":"56c846e2c82c6e241381ac9f","name":"darker rocks moving eyes","prop":{"attr":[1],"text":"0s: cells show, cell 6 left 14, cell 8 right 15, cell 7 up 29, left 14, cell 9 up 29, right 15, cell 2 left 12, up 32, cell 1 up 29, left 14, cell 4 up 31, left 15, pivot 14 14, cell 3 right 18, up 5, cell 5 right 15, up 5, pivot 14 14\n0.0-2.0: cell 4 right 5, down 5, rotate 25, cell 2 right 5, up 2, cell 5 up 5, right 1, rotate -25\n2.0-4.0: cell 2 down 3, left 3, cell 5 up 3, cell 3 rotate 90, down 2\n4.0-6.0: cell 2 up 2, left 2, cell 5 down 10, cell 3 up 2, rotate 90, cell 4 up 5\n6.0-7.0: cell 2 down 2, right 1, cell 4 up 6\n12.0: restart"}}