{"base":"INTERACT","creator":"555af036baf36ec042b7e657","id":"56c89a211e1c1e780fb94884","name":"maid gothica","prop":{"textSize":301,"attr":[9,1,8],"textData":"VIEWED: /SHOWS INSTRUCTION1\nHEARS HI: HELLO\n\nTOUCHES: THIS WORLD IS STILL IN PROGRESS,   BUT FEEL FREE TO EXPLORE! /WAITS 2.5S\n\nTOUCHES: PLEASE VOTE FOR MANYUNITY! THANK YOU /WAITS 2.5S\n\nTOUCHES: IF YOU WANT TO LEAVE A MESSAGE,   LEAVE IT AT THE MAIL BOX BESIDE THE MANYUNITY VOTING BOARD /WAITS 2.5S\n","thingRefs":[["566e551394c830ac7bb351eb","instruction1"]]}}