{"base":"DYNATHING","creator":"5652673c2a2d9d77340890f5","id":"56cde9db4c8b3323136bf53c","name":"dice 1-6","prop":{"text":"0: cell 7 show\n\nstate 1\n0: cell 1 show\n\nstate 2\n0: CELL 2 SHOW\n\nstate 3\n0: CELL 3 SHOW\n\nstate 4\n0: CELL 4 SHOW\n\nstate 5\n0: CELL 5 SHOW\n\nstate 6\n0: CELL 6 SHOW\n\nrandomize\n0: cell 1 show\n0-1.25: cells rotate 360, pivot 14.5 19.5\n0.25: cell 1 hide, cell 5 show\n0.5: cell 5 hide, cell 3 show\n0.75: cell 3 hide, cell 2 show\n1: cell 2 hide, cell 6 show\n1.25: restart"}}