{"base":"READABLE","creator":"555af036baf36ec042b7e657","id":"56cda195bbfdd46210ca6c29","name":"chess info","prop":{"textSize":2074,"rgb2":"221,187,119","rgb":"12,19,23","textData":">piece movements\n\n\n-Before you can play a game of chess, you need to know how to move the pieces (legally). A chess piece’s power is tied to its mobility. The more mobile a piece is, the more powerful it is:\n\nPawns: Pawns can only move forward. On their first move, they can move one or two squares. Afterwards, they can move only one square at a time. They can capture an enemy piece by moving one square forward diagonally.\n\nBishops: Bishops can move any number of squares diagonally.\n\nKnights: Knights can move only in an L-shape, one square up and two over, or two squares over and one down, or any such combination of one-two or two-one movements in any direction.\n\nRooks: Rooks can move any number of squares, up and down and side to side.\n\nQueens: Queens can move any number of squares along ranks like bishops and rooks ( execpt knight ), files and diagonals.\n\nKings: Kings can move one square at a time in any direction.\n\n\n>promoting a chess piece\n\n\n-Promotion is a chess rule that a pawn that reaches its eighth rank is immediately changed into the player's choice of a queen, knight, rook, or bishop of the same color\n\n\n>castling\n\n-What is castling?\n\nCastling is a special type of chess move. When castling, you simultaneously move your king, and one of your rooks. The king moves two squares towards a rook, and that rook moves to the square at the other side of the king.\n\n-When are you not allowed to castle?\n\nThere are a number of cases when castling is not permitted.\n\n1.Your king has been moved earlier in the game.\n2.The rook that castles has been moved earlier in the game.\n3.There are pieces standing between your king and rook.\n4.The king is in check.\n5.The king moves through a square that is attacked by a piece of the opponent.\n6.The king would be in check after castling.\n\n-Can you castle, if your king has been put in check in an earlier move but is not currently in check, and the king has not been moved?\n\nYes. Having been in check earlier in the game does not prevent you from castling, as long as the conditions mentioned above are fulfilled.\n\n"}}