{"base":"DYNATHING","creator":"555af036baf36ec042b7e657","id":"56e155f2cf8e20f912f4b50b","name":"gravel stones red spwn","prop":{"text":"0: cell 1 show, cell 8 show, cell 2 show, cell 3 show, bright, cell 4 bright, OPACITY 0, cell 5 bright, OPACITY 0, cell 6 bright, OPACITY 0, cell 7 bright, OPACITY 0\n0.0-0.50: cell 3 opacity 0, cell 4 opacity 1\n0.50-1.0: cell 4 opacity 0, cell 5 opacity 1\n1.0-1.50: CELL 5 OPACITY 0, CELL 6 OPACITY 1\n1.50-2.0: CELL 6 OPACITY 0, CELL 7 OPACITY 1\n2.0-2.50: CELL 7 OPACITY 0, CELL 6 OPACITY 1\n2.50-3.0: CELL 6 OPACITY 0, CELL 5 OPACITY 1\n3.0-3.50: CELL 5 OPACITY 0, CELL 4 OPACITY 1\n3.50-4.0: CELL 4 OPACITY 0, CELL 3 OPACITY 1\n4.0: restart\n"}}