{"base":"INTERACT","creator":"54ead4be0d6d9cce090e9b2d","id":"57eb98e47b3d732f13767501","name":"rune 6","prop":{"textSize":563,"attr":[9,1],"textData":"//dont forget \"their\" !!!!!!\n//without it, it will reduce the rune of the **interacting** !!!!\n//putting \"their\" will reduce the player's rune!!\n\n\ngets rune stone and they possess chain task 6: /PLAYS BUTTON CLICK 2 /they don't possess rune stone /they don't possess chain task 6 /they possess chain task complete\ngets rune stone and their rune stone < 1: {this rune already has a stone set.}\nGETS RUNE STONE AND THEIR RUNE STONE > 1: {THIS IS THE WRONG ORDER.}\n\nhears exec-task6 and is [editor]: /they possess chain task 6 /they don't possess chain task complete","thingRefs":[["57eb78fe4c08634913df9a61","rune stone"],["57eb83a67587295b13dc08ba","chain task 6"],["57eb83e1783c72ab13b3b42c","chain task complete"],["53c824710b2cd0a3114dc5a3","button click 2"]],"clonedFrom":"57eb8e1fcfb825ac0f925a83"}}