{"base":"INTERACT","creator":"54ead4be0d6d9cce090e9b2d","id":"57eb9833aef0db6213552c45","name":"rune 2","prop":{"textSize":539,"attr":[9,1],"textData":"//dont forget \"their\" !!!!!!\n//without it, it will reduce the rune of the **interacting** !!!!\n//putting \"their\" will reduce the player's rune!!\n\n\ngets rune stone and they possess chain task 2: /PLAYS BUTTON CLICK 2 /-1 their rune stone /they don't possess chain task 2 /they possess chain task 3\ngets rune stone and their rune stone < 5: {this rune already has a stone set.}\nGETS RUNE STONE AND THEIR RUNE STONE > 5: {THIS IS THE WRONG ORDER.}\n\nhears exec-task2 and is [editor]: /they possess chain task 2 /they don't possess chain task 3","thingRefs":[["57eb78fe4c08634913df9a61","rune stone"],["57eb8101ee3a71a30faa1b09","chain task 3"],["57eb7f55c51f9160131af7fe","chain task 2"],["53c824710b2cd0a3114dc5a3","button click 2"]],"clonedFrom":"57eb8b72bccb98b10f338baf"}}