{"base":"INTERACT","creator":"54ead4be0d6d9cce090e9b2d","id":"57f2370b00e4e16e138680ca","name":"gate keeper","prop":{"textSize":1993,"attr":[9,1,5],"textData":"VIEWED: /COUNTDOWN INVISIBLE 1\nSOMEONE FINISHES COUNTDOWN: /SHOWS INSTRUCTION1  /WAITS 2.5S /CLEARS COUNTDOWN\nAPPROACHES AND THEY MOVE RIGHT -OR- APPROACHES AND THEY MOVE LEFT -OR- APPROACHES AND THEY MOVE UP -OR- APPROACHES AND THEY MOVE DOWN: /CLEARS COUNTDOWN\n\n\n//here's what you did wrong\nTOUCHES AND THEY DON'T POSSESS FIRST TASK and they don't possess second task and they don't possess dead soul item and they don't possess silver crest of shadow: you may not ENTER HERE YET. /waits 3.5s\n\nTOUCHES AND THEY POSSESS DEAD SOUL ITEM: IT SEEMS YOU HAVE FOUND THE DEAD SOUL... /WAITS 3S  NOW GIVE IT TO ME.\n\nHEARS HI AND THEY POSSESS FIRST TASK: YOU MUST BE A NEW ADVENTURER HERE. /WAITS 2S  I am SORRY TO SAY, BUT YOU CANNOT PASS HERE YET, /WAITS 2S  UNLESS YOU FIND A DEAD SOUL... /THEY DON'T POSSESS FIRST TASK /THEY POSSESS SECOND TASK  /WAIT 3.5S\n\nHEARS HELLO AND THEY POSSESS FIRST TASK: YOU MUST BE A NEW ADVENTURER HERE. /WAITS 2S  I aM SORRY TO SAY, BUT YOU CANNOT PASS HERE YET, /WAITS 2S  UNLESS YOU FIND A DEAD SOUL... /THEY DON'T POSSESS FIRST TASK /THEY POSSESS SECOND TASK  /WAIT 3.5S\n\nTOUCHES AND THEY POSSESS FIRST TASK: YOU MUST BE A NEW ADVENTURER HERE. /WAITS 3S  I aM SORRY TO SAY, BUT YOU CANNOT PASS HERE YET, /WAITS 3S  UNLESS YOU FIND A DEAD SOUL... /THEY DON'T POSSESS FIRST TASK /THEY POSSESS SECOND TASK \n\nGETS DEAD SOUL ITEM: /THEY DON'T POSSESS DEAD SOUL ITEM  ONCE YOU ENTER THIS GATE... /WAITS 2S  THERE WILL BE NO TURNING BACK. /transports 180 25 /WAIT 3.5S\n\ntouches and they possess second task: {where can i find a dead soul?} /waits 2s  YOU CAN FIND IT INSIDE OF THOSE CAVEs... /WAITS 3S  DO not WORRY, I wilL GIVE YOU A HAND. /waits 4.5s  /TRANSPORTS 135 90\n\ntouches and they possess silver crest of shadow: you seem to possess the silver crest...? /waits 2.5s  i believe you are supposed to be inside the castle. /waits 2.5s  i will let you enter again. /waits 2.5s /TRANSPORTS 180 25 /WAIT 3.5S\n\nHEARS 666 AND IS [EDITOR]: /TRANSPORTS 180 25  /WAIT 3.5S","checksNears":true,"reactsTo":["someone_finishes_countdown"],"thingRefs":[["563f1fbafb5ad85c12b97a6f","second task"],["556751f47824fe6852c7385d","dead soul item"],["563f1c0a5912b5e034c74aa9","first task"],["566e551394c830ac7bb351eb","instruction1"]],"clonedFrom":"57ea5fc4358b734813cf77ff"}}