{"base":"INTERACT","creator":"54ead4be0d6d9cce090e9b2d","id":"57f4b05089155f3f13a42f11","name":"avernus","prop":{"textSize":3404,"attr":[9,1,5,8],"textData":"VIEWED: /COUNTDOWN INVISIBLE 1\nSOMEONE FINISHES COUNTDOWN: /SHOWS INSTRUCTION1  /WAITS 2.5S /CLEARS COUNTDOWN\nAPPROACHES AND THEY MOVE RIGHT -OR- APPROACHES AND THEY MOVE LEFT -OR- APPROACHES AND THEY MOVE UP -OR- APPROACHES AND THEY MOVE DOWN: /CLEARS COUNTDOWN\n\ntouches and they possess talk to legion assassin: ohh! an adventurer! /waits 2.5s  it seems that you're in a wrong place. /waits 2.5s  if you are trying to find the legion assassin... /waits 2.5s  then he's right below us. \n\nTOUCHES AND THEY POSSESS chain task complete: OH, you have completed putting rune stones? /WAITS 2.5S  well, i think you need to talk to /waits 2.5s  the legion assassin instead. /WAITS 2.5S  HE'S RIGHT BELOW US. \n\ntouches and they possess chain task 1 -or- TOUCHES AND THEY POSSESS CHAIN TASK 2 -OR- TOUCHES AND THEY POSSESS CHAIN TASK 3 -OR- TOUCHES AND THEY POSSESS CHAIN TASK 4 -OR- TOUCHES AND THEY POSSESS CHAIN TASK 5 -OR- TOUCHES AND THEY POSSESS CHAIN TASK 6: hmm... /waits 1.5s  are you perhaps having trouble putting- /waits 2.5s  those stones on the rune? /waits 2.5s  you don't necessarily need to jump. /waits 2.5s  just being near it would be enough to reach those. \n\ntouches and they possess SET THE STONES FOR THE TOMB: HEY ADVENTURER, DON'T BOTHER ME ANY FURTHER. /WAITS 2.5S  I HAVE LOTS TO DO, YOU KNOW. /WAITS 2.5S  ALL YOU HAVE TO DO IS TO POWER THE SCROLL- /WAITS 2.5S  AND GIVE IT TO DIRGE ON TOP OF THE CASTLE. \n\ntouches and they don't possess give the scroll to avernus and they don't possess talk to legion assassin and they don't possess CHAIN TASK 1 and they don't possess CHAIN TASK 2 and they don't possess CHAIN TASK 3 and they don't possess CHAIN TASK 4 and they don't possess CHAIN TASK 5 and they don't possess CHAIN TASK 6 and they don't possess chain task complete and they don't possess SET THE STONES FOR THE TOMB and they don't possess GIVE THE SCROLL TO DIRGE: hey adventurer, if you don't have anything important to talk- /waits 2.5s  don't bother me, i have lots to do, you know. \n\ntouches and they possess give the scroll to avernus: /they don't possess give the scroll to avernus  ohh! welcome~~ welcome~~ my dear adventurer! /waits 2.5s  so you've come here for the scroll i suppose? /waits 2.5s  then i shall take the scroll from you without further ado. /they don't possess scroll of ruins /waits 2.5s  you see, i HATE wasting time. /waits 2.5s  so you should proceed and empower this activated scroll~~ /waits 2.5s  here, have it. /they possess activated scroll of ruins /waits 1.5s  in order to empower this scroll, /waits 2.5s  go to the tomb of empowerment. /waits 2.5s  it's right below the fourth rune. /waits 2.5s  oh, wait! i forgot to give you the stones of empowerment. /waits 2.5s  these stone will allow you to empower the scroll. /they possess stone of empowerment /=2 their stone of empowerment /they possess set the stones for the tomb /waits 2.5s  once your done doing so. you will receive the empowered scroll. /waits 2.5s  which will allow you to go to the ruins of shadow. /2.5s  and to do so, give it to dirge on top of this castle. /waits 2.5s  well then good luck, /waits 2s  my dear /waits 1.5s  little /waits 1.5s  adventurer. \n\ntouches and they possess GIVE THE SCROLL TO DIRGE: well? you've empowered the scroll. /waits 2.5s  now you need to go to dirge on top of the castle. /waits 2.5s  now go on, i have nothing else i can help you with. ","checksNears":true,"reactsTo":["someone_finishes_countdown"],"thingRefs":[["566e551394c830ac7bb351eb","instruction1"],["57ea6ad614bbb02f133cefed","talk to legion assassin"],["57ebae9e1e1881f5133c689f","give the scroll to avernus"],["57eba51df7de935c1370c5cc","scroll of ruins"],["57eba5f2a3e6fd5d130dd0d9","activated scroll of ruins"],["57ebb76d108f7cf013cb5e9d","stone of empowerment"],["57ece65d95f4645d1332abdb","set the stones for the tomb"]],"clonedFrom":"57ecf4dcd370a26d13807090"}}