{"base":"INTERACT","creator":"54ead4be0d6d9cce090e9b2d","id":"57f4b1a507c2401e1310819e","name":"dirge","prop":{"textSize":1496,"attr":[9,1,8,5],"textData":"VIEWED: /COUNTDOWN INVISIBLE 1\nSOMEONE FINISHES COUNTDOWN: /SHOWS INSTRUCTION1  /WAITS 2.5S /CLEARS COUNTDOWN\nAPPROACHES AND THEY MOVE RIGHT -OR- APPROACHES AND THEY MOVE LEFT -OR- APPROACHES AND THEY MOVE UP -OR- APPROACHES AND THEY MOVE DOWN: /CLEARS COUNTDOWN\n\n/*\n!!!!!!!!\n\nonce the ruins of shadow is completed...\n-remove the one marked with @@@@@@\n-remove the \"and is [editor]\" from the one marked with ######\n\n!!!!!!!!\n*/\n\n//@@@@@@\ntouches and they possess give the scroll to dirge and empowered scroll of ruins and isn't [editor]: hello adventurer [name], /waits 2.5s  i believe the realm beyond this gate is not done yet. /waits 2.5s  please wait until it's finished. /waits 2.5s  thank you for your patience.\n//@@@@@@\n\n//######\ntouches and they possess give the scroll to dirge and empowered scroll of ruins and is [editor]: hello adventurer [name]. /waits 2.5s  i suppose you must be the new recruit in this castle. /waits 2.5s  you must have come here to go to the ruins of shadow, am i correct? /waits 2s   before i send you there, /waits 2.5s  you will have the contract of ruins. /THEY POSSESS CONTRACT OF RUINS /waits 2.5s  this will prevent you from leaving the /waits 2.5s  realm that i'll be sending you to, UNTIL /waits 2.5s  you finish the quest given to you there. /waits 3s  well then, i will see you in the other side... /waits 2.5s  adventurer [name]. /they don't possess empowered scroll of ruins /they don't possess give the scroll to dirge  /to ruins of shadow\n//######","checksNears":true,"reactsTo":["@@@@@","someone_finishes_countdown"],"thingRefs":[["566e551394c830ac7bb351eb","instruction1"],["57eced278f61dfae0fa3c7ab","empowered scroll of ruins"],["57ecdddd97aba5a50f07c4f3","give the scroll to dirge"],["57ecf2037cc1f9ba0f3a94ee","contract of ruins"]],"clonedFrom":"57ecf338bda5a1af0fcf5b53"}}