{"base":"INTERACT","creator":"555af036baf36ec042b7e657","id":"58f9e191e9409498133611c0","name":"mir","prop":{"textSize":1557,"attr":[5],"textData":"VIEWED: /COUNTDOWN INVISIBLE 1\nSOMEONE FINISHES COUNTDOWN: /SHOWS INSTRUCTION1  /WAITS 2.5S /CLEARS COUNTDOWN\nAPPROACHES AND THEY MOVE RIGHT -OR- APPROACHES AND THEY MOVE LEFT -OR- APPROACHES AND THEY MOVE UP -OR- APPROACHES AND THEY MOVE DOWN: /CLEARS COUNTDOWN\n\nnears and they possess crest of shadow: hello adventurer [name] /waits 2.5s  welcome to our world. /waits 2.5s  for completing the task of coming here /waits 2.5s  you will now receive the silver crest of shadow. /they possess silver crest of shadow  /they don't possess crest of shadow  /waits 1.5s  this will allow you to explore the world further /waits 2.5s  and accept other quest /waits 2.5s  that will be given to you. /waits 2.5s  for now you should get a scroll /waits 2.5s to transport into the ruins of shadow. /waits 2.5s  you can get this from the legion assassin /waits 2.0s  at the lower left corner of this castle. /they possess talk to legion assassin\n\n\ntouches and they possess talk to legion assassin: as i remember /waits 2.5s  you were supposed to talk to legion assassin isn't it?\n\ntouches and they possess give the scroll to dirge: if you are trying to find dirge /waits 2.5s  his on top of this castle /waits 2.5s\n\ntouches and they possess give the scroll to avernus: if you are trying to find avernus /waits 2.5s  his just right over there at the left side of this castle.\n\nhears how do i get out? and they possess empowered scroll of ruins: i know it must be quite boring here for now. /waits 2.5s  but so long that realm isnt done yet. /waits 2.5s  you have to wait.","checksNears":true,"reactsTo":["someone_finishes_countdown"],"thingRefs":[["566e551394c830ac7bb351eb","instruction1"],["566557e93873dd4a13d2210b","crest of shadow"],["56cef59f9264ad6a0fee4063","silver crest of shadow"],["57ea6ad614bbb02f133cefed","talk to legion assassin"],["57ebae9e1e1881f5133c689f","give the scroll to avernus"],["57ecdddd97aba5a50f07c4f3","give the scroll to dirge"],["57eced278f61dfae0fa3c7ab","empowered scroll of ruins"]]}}