{"base":"INTERACT","creator":"555af036baf36ec042b7e657","id":"58f9dd23e8d3d98c1356c7a4","name":"legion assassin","prop":{"textSize":2554,"attr":[9,1,5],"textData":"VIEWED: /COUNTDOWN INVISIBLE 1\nSOMEONE FINISHES COUNTDOWN: /SHOWS INSTRUCTION1  /WAITS 2.5S /CLEARS COUNTDOWN\nAPPROACHES AND THEY MOVE RIGHT -OR- APPROACHES AND THEY MOVE LEFT -OR- APPROACHES AND THEY MOVE UP -OR- APPROACHES AND THEY MOVE DOWN: /CLEARS COUNTDOWN\n\ntouches and they aren't legasa_mono and they possess talk to legion assassin: welcome. /waits 2.5s  i have been expecting you to arrive here. /waits 3s  you have come here to obtain the scroll /waits 2.5s  for the ruins of shadow, correct? /waits 3s  i will be giving it to you... /waits 2.5s  but only if you can prove to me /waits 2.5s  THAT you are worthy of the scroll. /waits 3s  start by placing rune stone on every rune in this castle. /waits 2.5s  like that rune on top of us. /waits 2.5s  there are total of 6 runes in this place. /waits 2.5s  make sure to place them in order of their number. /waits 2.5s  otherwise, it would not work. /waits 2.5s  once you finish doing so, /waits 2.5s  come back here for the scroll.  /they possess rune stone /=6 their rune stone /they are legasa_mono /they don't possess talk to legion assassin /they possess chain task 1\n\ntouches and they are legasa_mono and they possess chain task 1: i will repeat what you need to do. /WAITS 3S  START BY PLACING RUNE STONE ON EVERY RUNE IN THIS CASTLE. /waits 2.5s  like that rune on top of us. /WAITS 2.5S  THERE ARE TOTAL OF 6 RUNES IN THIS PLACE. /WAITS 2.5S  MAKE SURE TO PLACE THEM IN ORDER OF THEIR NUMBER. /WAITS 2.5S  otherwise, IT WOULD NOT WORK.\n\ntouches and they are legasa_mono and they possess chain task 1: hello adventurer [name] /waits 2.5s  please refrain from going around too much like that. /waits 2.5s  especially around me.\n\nhears exec-runestones and is [editor]: /=6 their rune stone\n\ntouches and they possess chain task complete: so you have finished putting the rune stone. /waits 3s  it seems that you have proven yourself... /waits 2.5s  that you are worthy of the scroll. /waits 3s  so i suppose it is time for you to receive it. /they don't possess chain task complete /they possess scroll of ruins /they possess give the scroll to avernus /waits 2.5s  now that you have received the scroll, /waits 2.5s  proceed to talk to avernus. /waits 2.5s  he will tell you how to use the scroll, and activate it. \n\nTOUCHES AND THEY POSSESS give the scroll to dirge: if you are here to find dirge. /waits 2.5s  his simply on the highest floor above avernus. /waits 2.5s\n\nTOUCHES AND THEY POSSESS GIVE THE SCROLL TO avernus: IF YOU ARE HERE TO FIND DIRGE HIS SIMPLY ABOVE US. /WAITS 2.5S\n","checksNears":true,"reactsTo":["someone_finishes_countdown"],"thingRefs":[["566e551394c830ac7bb351eb","instruction1"],["57ea6ad614bbb02f133cefed","talk to legion assassin"],["57eb78fe4c08634913df9a61","rune stone"],["57eb7bdd53b3a230130d6a9e","chain task 1"],["57ebae9e1e1881f5133c689f","give the scroll to avernus"],["57eba51df7de935c1370c5cc","scroll of ruins"],["57eb83e1783c72ab13b3b42c","chain task complete"],["57ecdddd97aba5a50f07c4f3","give the scroll to dirge"]],"clonedFrom":"57ebb1c21e1881f5133c68b9"}}