{"iix":["5524a4ef65ceba51327eb603","55233f5281e9229b49219e74","5525dd3e687fe25837b09465","552802085fabff784d42dd6e","55254caaa43744be57fbad07","552558b8ae6629ba572b940e","552802bf322cb7243cf4c1b4","5526bed80826832c0b3228a2","55280355b7b04e185daa7898","5529ee07c9ddf5773f63ed73"],"ps":[[1,31,0,0,0,0],[0,31,1,0,0,0],[0,26,2,0,0,0],[1,28,3,0,1,0],[0,29,4,0,0,0],[0,30,4,0,0,0],[0,28,5,0,0,0],[0,27,6,0,0,0],[1,27,7,3,0,0],[1,30,8,0,1,0],[2,21,9,0,0,0],[2,30,7,3,0,0]],"v":38,"x":3,"y":-3,"i":{"b":["SOLID","SOLID","DECOFG","DECO","DECO","SOLID","DECOFG","PASS","DECO","ENVIRONM"],"p":[null,null,null,null,null,null,null,null,null,{"attr":[39]}],"n":["sandstone bricks","sandstone bricks","decorative roof topper","sandstone bricks","sandstone bricks","sandstone bricks","sandstone bricks","barrier left","railing","sky light stars"],"dr":[0,0,0,0,0,0,0,3,0,0]}}