{"iix":["5524a4d2e2f7622a43979633","5524a4ef65ceba51327eb603","5522c728b77ce64d3a8f4cab","55233f5281e9229b49219e74","5526bd34fbb0a21c5d43f24c","5526bd233c7ef2300b5a1ceb","5526bed80826832c0b3228a2","5529ee07c9ddf5773f63ed73"],"ps":[[2,31,0,0,0,0],[3,30,1,0,0,0],[0,31,2,0,0,0],[1,31,2,0,0,0],[0,30,3,0,0,0],[1,30,3,0,0,0],[2,30,3,0,0,0],[3,29,4,0,1,0],[2,29,4,0,0,0],[1,29,5,0,0,0],[0,29,5,0,0,0],[4,29,6,3,0,0],[0,9,1,0,0,0],[0,0,0,0,0,0],[0,8,4,0,1,0],[1,8,6,3,0,0],[0,22,7,0,0,0],[11,26,7,0,0,0],[5,4,7,0,0,0],[2,13,7,0,0,0]],"v":30,"x":3,"y":-2,"i":{"b":["SOLID","SOLID","SOLID","SOLID","DECOFG","DECO","PASS","ENVIRONM"],"p":[null,null,null,null,null,null,null,{"attr":[39]}],"n":["sandstone bricks","sandstone bricks","sandstone bricks","sandstone bricks","railing","railing","barrier left","sky light stars"],"dr":[0,0,0,0,0,0,3,0]}}