{"base":"DYNATHING","creator":"555af036baf36ec042b7e657","id":"5572a1d21fde4019087955a5","name":"legion cross","prop":{"attr":[12,17,4,5,14],"text":"0S: CELL 1 SHOW, CELL 3 SHOW, ROTATE 10, CELL 4 SHOW, UP 29, LEFT 25, ROTATE -5, CELL 5 SHOW, UP 29, CELL 6 HIDE, UP 29, CELL 7 SHOW, UP 29, RIGHT 16, ROTATE 5, CELL 8 SHOW, UP 50, CELL 9 HIDE, UP 50\n0S-1S: CELL 1 ACCELERATE UP .010, CELL 2 ACCELERATE UP .010, CELL 3 ROTATE 4, ACCELERATE UP .010, CELL 4 ACCELERATE DOWN .020, CELL 5 ACCELERATE UP .010, CELL 6 ACCELERATE UP .010, CELL 7 ACCELERATE DOWN .025, CELL 8 ACCELERATE UP .020, CELL 9 ACCELERATE UP .020\n1S: CELL 1 HIDE, CELL 2 SHOW, CELL 5 HIDE, CELL 6 SHOW, CELL 8 HIDE, CELL 9 SHOW, PLAY SOUND\n1S-2S: CELL 1 ACCELERATE DOWN .020, CELL 2 ACCELERATE DOWN .020, CELL 3 ROTATE -8, ACCELERATE DOWN .020, CELL 4 ACCELERATE UP .040, CELL 5 ACCELERATE DOWN .020, CELL 6 ACCELERATE DOWN .020, CELL 7 ACCELERATE UP .050, CELL 8 ACCELERATE DOWN .040, CELL 9 ACCELERATE DOWN .040\n2S: CELL 2 HIDE, CELL 1 SHOW, CELL 5 SHOW, CELL 6 HIDE, CELL 8 SHOW, CELL 9 HIDE\n2S-3S: CELL 1 ACCELERATE UP  .010, CELL 2 ACCELERATE UP  .010, CELL 3 ROTATE 4, ACCELERATE UP .010, CELL 4 ACCELERATE DOWN  .020, CELL 5 ACCELERATE UP .010, CELL 6 ACCELERATE UP .010, CELL 7 ACCELERATE DOWN .025, CELL 8 ACCELERATE UP .020, CELL 9 ACCELERATE UP .020\n3S: RESTART\n\nACTION\n0S: CELL 1 SHOW, CELL 3 SHOW, ROTATE 10, CELL 4 SHOW, UP 29, LEFT 25, ROTATE -5, CELL 5 SHOW, UP 29, CELL 6 HIDE, UP 29, CELL 7 SHOW, UP 29, RIGHT 16, ROTATE 5, CELL 8 SHOW, UP 50, CELL 9 HIDE, UP 50\n0S-0.5S: CELL 1 UP 6, CELL 2 UP 6, CELL 3 UP 6, ROTATE 4, CELL 4 UP 30, ROTATE 75, CELL 5 UP 6, CELL 6 UP 6, CELL 7 UP 3, RIGHT 3, CELL 8 UP 7, CELL 9 UP 7,\n0.5S: CELL 1 HIDE, CELL 2 SHOW, CELL 5 HIDE, CELL 6 SHOW, CELL 8 HIDE, CELL 9 SHOW\n0.5S-0.7S: CELL 1 DOWN 4, CELL 2 DOWN 4, CELL 3 DOWN 4, ROTATE -8, CELL 4 DOWN 60, ROTATE -180, CELL 5 DOWN 4, CELL 6 DOWN 4, CELL 7 DOWN 2, CELL 8 DOWN 4, CELL 9 DOWN 4\n0.7S: CELL 1 SHOW, CELL 2 HIDE, CELL 5 SHOW, CELL 6 HIDE, CELL 8 SHOW, CELL 9 HIDE\n0.7S-1.2S: CELL 1 UP 4, CELL 2 UP 4, CELL 3 UP 4, ROTATE 8, CELL 5 UP 4, CELL 6 UP 4, CELL 7 UP 30, ROTATE -75, CELL 8 UP 4, CELL 9 UP 4,\n1.2S: CELL 1 HIDE, CELL 2 SHOW, CELL 5 HIDE, CELL 6 SHOW, CELL 8 HIDE, CELL 9 SHOW\n1.2S-1.4S: CELL 1 DOWN 6, CELL 2 DOWN 6, CELL 3 DOWN 6, ROTATE -8, CELL 5 DOWN 6, CELL 6 DOWN 6, CELL 7 DOWN 60, ROTATE 180, CELL 8 DOWN 7, CELL 9 DOWN 7\n1.4S: CELL 1 SHOW, CELL 2 HIDE, CELL 5 SHOW, CELL 6 HIDE, CELL 8 SHOW, CELL 9 HIDE\n1.4S-2S: CELL 1 UP 10, CELL 2 UP 10, CELL 3 UP 10, ROTATE 8, CELL 4 UP 60, CELL 5 UP 10, CELL 6 UP 10, CELL 7 UP 60, LEFT 32, CELL 8 UP 11, CELL 9 UP 11\n2S: CELL 1 HIDE, CELL 2 SHOW, CELL 5 HIDE, CELL 6 SHOW, CELL 8 HIDE, CELL 9 SHOW\n2S-2.2S: CELL 1 DOWN 10, CELL 2 DOWN 10, CELL 3 DOWN 10, ROTATE -8, CELL 4 DOWN 60, CELL 5 DOWN 10, CELL 6 DOWN 10, CELL 7 DOWN 60, CELL 8 DOWN 10, CELL 9 DOWN 10\n2.2S: CELL 1 SHOW, CELL 2 HIDE, CELL 5 SHOW, CELL 6 HIDE, CELL 8 SHOW, CELL 9 HIDE\n2.2S-2.7S: CELL 3 ROTATE 4, CELL 4 UP 30, ROTATE 105, CELL 7 UP 30, RIGHT 29, ROTATE -105, CELL 8 DOWN 2, CELL 9 DOWN 2\n2.7S: RESTART"}}