{"base":"DYNATHING","creator":"555af036baf36ec042b7e657","id":"557350457d24d8a56d9273c8","name":"shadow wings","prop":{"attr":[4,14,17,9,5,12],"text":"0: CELL 1 SHOW, CELL 1 RIGHT 15, CELL 1 ROTATE -30, CELL 1 PIVOT 0 20, CELL 1 UP 5, CELL 2 SHOW, CELL 2 LEFT 15, CELL 2 ROTATE 30, CELL 2 PIVOT 28 20, CELL 2 UP 5, CELL 3 SHOW, CELL 3 RIGHT 15, CELL 3 ROTATE -30, CELL 3 PIVOT 0 20, CELL 3 UP 5, CELL 4 SHOW, CELL 4 LEFT 15, CELL 4 ROTATE 30, CELL 4 PIVOT 28 20, CELL 4 UP 5, CELL 5 SHOW, CELL 5 UP 14, CELL 5 RIGHT 20, CELL 5 ROTATE 90, CELL 6 SHOW, CELL 6 UP 14, CELL 6 LEFT 20, CELL 6 ROTATE -90,\n\n0-1.5: CELL 1 ROTATE 10, CELL 3 ROTATE 10, CELL 2 ROTATE -10, CELL 4 ROTATE -10, CELL 5 RIGHT 5, CELL 5 DOWN 2, CELL 5 ROTATE -5, CELL 6 LEFT 5, CELL 6 DOWN 2, CELL 6 ROTATE 5,\n\n1.5-3: CELL 1 ROTATE -10, CELL 3 ROTATE -10, CELL 2 ROTATE 10, CELL 4 ROTATE 10, CELL 5 LEFT 5, CELL 5 UP 2, CELL 5 ROTATE 5, CELL 6 RIGHT 5, CELL 6 UP 2, CELL 6 ROTATE -5,\n\n3: RESTART\n\nRISE\n0: CELL 1 SHOW, CELL 1 RIGHT 15, CELL 1 ROTATE -30, CELL 1 PIVOT 0 20, CELL 1 UP 5, CELL 2 SHOW, CELL 2 LEFT 15, CELL 2 ROTATE 30, CELL 2 PIVOT 28 20, CELL 2 UP 5, CELL 3 SHOW, CELL 3 RIGHT 15, CELL 3 ROTATE -30, CELL 3 PIVOT 0 20, CELL 3 UP 5, CELL 4 SHOW, CELL 4 LEFT 15, CELL 4 ROTATE 30, CELL 4 PIVOT 28 20, CELL 4 UP 5, CELL 5 SHOW, CELL 5 UP 14, CELL 5 RIGHT 20, CELL 5 ROTATE 90, CELL 6 SHOW, CELL 6 UP 14, CELL 6 LEFT 20, CELL 6 ROTATE -90,\nCELL 6 PIVOT 28 25, CELL 5 PIVOT 0 25,\n0-0.5: CELL 1 ROTATE 50, CELL 2 ROTATE -50, CELL 3 ROTATE 50, CELL 4 ROTATE -50, CELL 3 UP 12, CELL 3 RIGHT 18, CELL 4 UP 12, CELL 4 LEFT 18,  CELL 5 RIGHT 33, CELL 6 LEFT 33, CELL 5 UP 16, CELL 6 UP 16, CELL 5 ROTATE -70, CELL 6 ROTATE 70,\n\nFALL\n0: CELL 1 SHOW, CELL 1 RIGHT 15, CELL 1 ROTATE -30, CELL 1 PIVOT 0 20, CELL 1 UP 5, CELL 2 SHOW, CELL 2 LEFT 15, CELL 2 ROTATE 30, CELL 2 PIVOT 28 20, CELL 2 UP 5, CELL 3 SHOW, CELL 3 RIGHT 15, CELL 3 ROTATE -30, CELL 3 PIVOT 0 20, CELL 3 UP 5, CELL 4 SHOW, CELL 4 LEFT 15, CELL 4 ROTATE 30, CELL 4 PIVOT 28 20, CELL 4 UP 5, CELL 5 SHOW, CELL 5 UP 14, CELL 5 RIGHT 20, CELL 5 ROTATE 90, CELL 6 SHOW, CELL 6 UP 14, CELL 6 LEFT 20, CELL 6 ROTATE -90,\nCELL 6 PIVOT 28 25, CELL 5 PIVOT 0 25,\n0: CELL 1 ROTATE 50, CELL 2 ROTATE -50, CELL 3 ROTATE 50, CELL 4 ROTATE -50, CELL 3 UP 12, CELL 3 RIGHT 18, CELL 4 UP 12, CELL 4 LEFT 18,  CELL 5 RIGHT 33, CELL 6 LEFT 33, CELL 5 UP 16, CELL 6 UP 16, CELL 5 ROTATE -70, CELL 6 ROTATE 70,\n\nACTION\n0: CELL 1 SHOW, CELL 1 RIGHT 15, CELL 1 ROTATE -30, CELL 1 PIVOT 0 20, CELL 1 UP 5, CELL 2 SHOW, CELL 2 LEFT 15, CELL 2 ROTATE 30, CELL 2 PIVOT 28 20, CELL 2 UP 5, CELL 3 SHOW, CELL 3 RIGHT 15, CELL 3 ROTATE -30, CELL 3 PIVOT 0 20, CELL 3 UP 5, CELL 4 SHOW, CELL 4 LEFT 15, CELL 4 ROTATE 30, CELL 4 PIVOT 28 20, CELL 4 UP 5, CELL 5 SHOW, CELL 5 UP 14, CELL 5 RIGHT 20, CELL 5 ROTATE 90, CELL 6 SHOW, CELL 6 UP 14, CELL 6 LEFT 20, CELL 6 ROTATE -90,\nCELL 6 PIVOT 28 25, CELL 5 PIVOT 0 25,\n0-1.5: CELL 1 ROTATE 50, CELL 2 ROTATE -50, CELL 3 ROTATE 50, CELL 4 ROTATE -50, CELL 3 UP 12, CELL 3 RIGHT 18, CELL 4 UP 12, CELL 4 LEFT 18,  CELL 5 RIGHT 33, CELL 6 LEFT 33, CELL 5 UP 16, CELL 6 UP 16, CELL 5 ROTATE -70, CELL 6 ROTATE 70,\n2-3.5: CELL 1 ROTATE -50, CELL 2 ROTATE 50, CELL 3 ROTATE -50, CELL 4 ROTATE 50, CELL 3 DOWN 12, CELL 3 LEFT 18, CELL 4 DOWN 12, CELL 4 RIGHT 18,  CELL 5 LEFT 33, CELL 6 RIGHT 33, CELL 5 DOWN 16, CELL 6 DOWN 16, CELL 5 ROTATE 70, CELL 6 ROTATE -70,\n3.5: RESTART"}}