{"base":"DYNATHING","creator":"555af036baf36ec042b7e657","id":"5573f4ffa9cf104f12f14258","name":"shadow swords","prop":{"attr":[5,12,17,4,14],"text":"0S: CELL 1 SHOW, CELL 3 SHOW, ROTATE 10, CELL 4 SHOW, UP 29, LEFT 25, ROTATE -5, CELL 5 SHOW, UP 29, CELL 6 HIDE, UP 29, CELL 7 SHOW, UP 29, RIGHT 16, ROTATE 5, CELL 8 SHOW, UP 50, CELL 9 HIDE, UP 50\n0S-1S: CELL 1 ACCELERATE UP .010, CELL 2 ACCELERATE UP .010, CELL 3 ROTATE 4, ACCELERATE UP .010, CELL 4 ACCELERATE DOWN .020, CELL 5 ACCELERATE UP .010, CELL 6 ACCELERATE UP .010, CELL 7 ACCELERATE DOWN .025, CELL 8 ACCELERATE UP .020, CELL 9 ACCELERATE UP .020\n1S: CELL 1 HIDE, CELL 2 SHOW, CELL 5 HIDE, CELL 6 SHOW, CELL 8 HIDE, CELL 9 SHOW, PLAY SOUND\n1S-2S: CELL 1 ACCELERATE DOWN .020, CELL 2 ACCELERATE DOWN .020, CELL 3 ROTATE -8, ACCELERATE DOWN .020, CELL 4 ACCELERATE UP .040, CELL 5 ACCELERATE DOWN .020, CELL 6 ACCELERATE DOWN .020, CELL 7 ACCELERATE UP .050, CELL 8 ACCELERATE DOWN .040, CELL 9 ACCELERATE DOWN .040\n2S: CELL 2 HIDE, CELL 1 SHOW, CELL 5 SHOW, CELL 6 HIDE, CELL 8 SHOW, CELL 9 HIDE\n2S-3S: CELL 1 ACCELERATE UP  .010, CELL 2 ACCELERATE UP  .010, CELL 3 ROTATE 4, ACCELERATE UP .010, CELL 4 ACCELERATE DOWN  .020, CELL 5 ACCELERATE UP .010, CELL 6 ACCELERATE UP .010, CELL 7 ACCELERATE DOWN .025, CELL 8 ACCELERATE UP .020, CELL 9 ACCELERATE UP .020\n3S: RESTART\n\nRISE\n0: CELL 1 SHOW, CELL 1 RIGHT 15, CELL 1 ROTATE -30, CELL 1 PIVOT 0 20, CELL 1 UP 5, CELL 2 SHOW, CELL 2 LEFT 15, CELL 2 ROTATE 30, CELL 2 PIVOT 28 20, CELL 2 UP 5, CELL 3 SHOW, CELL 3 RIGHT 15, CELL 3 ROTATE -30, CELL 3 PIVOT 0 20, CELL 3 UP 5, CELL 4 SHOW, CELL 4 LEFT 15, CELL 4 ROTATE 30, CELL 4 PIVOT 28 20, CELL 4 UP 5, CELL 5 SHOW, CELL 5 UP 14, CELL 5 RIGHT 20, CELL 5 ROTATE 90, CELL 6 SHOW, CELL 6 UP 14, CELL 6 LEFT 20, CELL 6 ROTATE -90,\nCELL 6 PIVOT 28 25, CELL 5 PIVOT 0 25,\n0-0.5: CELL 1 ROTATE 50, CELL 2 ROTATE -50, CELL 3 ROTATE 50, CELL 4 ROTATE -50, CELL 3 UP 12, CELL 3 RIGHT 18, CELL 4 UP 12, CELL 4 LEFT 18,  CELL 5 RIGHT 33, CELL 6 LEFT 33, CELL 5 UP 16, CELL 6 UP 16, CELL 5 ROTATE -70, CELL 6 ROTATE 70,\n\nFALL\n0: CELL 1 SHOW, CELL 1 RIGHT 15, CELL 1 ROTATE -30, CELL 1 PIVOT 0 20, CELL 1 UP 5, CELL 2 SHOW, CELL 2 LEFT 15, CELL 2 ROTATE 30, CELL 2 PIVOT 28 20, CELL 2 UP 5, CELL 3 SHOW, CELL 3 RIGHT 15, CELL 3 ROTATE -30, CELL 3 PIVOT 0 20, CELL 3 UP 5, CELL 4 SHOW, CELL 4 LEFT 15, CELL 4 ROTATE 30, CELL 4 PIVOT 28 20, CELL 4 UP 5, CELL 5 SHOW, CELL 5 UP 14, CELL 5 RIGHT 20, CELL 5 ROTATE 90, CELL 6 SHOW, CELL 6 UP 14, CELL 6 LEFT 20, CELL 6 ROTATE -90,\nCELL 6 PIVOT 28 25, CELL 5 PIVOT 0 25,\n0: CELL 1 ROTATE 50, CELL 2 ROTATE -50, CELL 3 ROTATE 50, CELL 4 ROTATE -50, CELL 3 UP 12, CELL 3 RIGHT 18, CELL 4 UP 12, CELL 4 LEFT 18,  CELL 5 RIGHT 33, CELL 6 LEFT 33, CELL 5 UP 16, CELL 6 UP 16, CELL 5 ROTATE -70, CELL 6 ROTATE 70,\n\nOS: CELL 1 SHOW\n\nACTION\n0.1-0.4: CELL 1 SHOW, CELL 1 ROTATE -45, CELL 1 DOWN 5, CELL 1 LEFT 20\n0.4-0.7: CELL 2 SHOW, CELL 2 ROTATE 45, CELL 2 DOWN 5, CELL 2 RIGHT 20\n0.7-1: CELL 3 SHOW, CELL 3 ROTATE -45, CELL 3 UP 10, CELL 3 LEFT 20\n1-1.3: CELL 4 SHOW, CELL 4 ROTATE 45, CELL 4 UP 10, CELL 4 RIGHT 20\n1.3-1.6: CELL 5 SHOW, CELL 5 ROTATE -45, CELL 5 UP 25, CELL 5 LEFT 20\n1.6-1.9: CELL 6 SHOW, CELL 6 ROTATE 45, CELL 6 UP 25, CELL 6 RIGHT 20\n1.9-2.2: CELL 7 SHOW, CELL 7 ROTATE -45, CELL 7 UP 40, CELL 7 LEFT 20\n2.2-2.5: CELL 8 SHOW, CELL 8 ROTATE 45, CELL 8 UP 40, CELL 8 RIGHT 20\n2.5-2.8: CELL 9 SHOW, CELL 9 ROTATE 45\n3-5: CELL 1 LEFT 1000, CELL 2 RIGHT 1000, CELL 3 LEFT 1000, CELL 4 RIGHT 1000, CELL 5 LEFT 1000, CELL 6 RIGHT 1000, CELL 7 LEFT 1000, CELL 8 RIGHT 1000, CELL 9 UP 100, CELL 9 ROTATE 225\n5-5.5: CELL 9 DOWN 110, CELL 9 LEFT 110\n5.7-6.1: CELL 9 UP 10, RIGHT 10, CELL 1 ROTATE 180, CELL 1 RIGHT 1000, CELL 2 ROTATE 180, CELL 2 LEFT 1000, CELL 3 ROTATE 180, CELL 3 RIGHT 1000, CELL 4 ROTATE 180, CELL 4 LEFT 1000, CELL 5 ROTATE 180, CELL 5 RIGHT 1000, CELL 6 ROTATE 180, CELL 6 LEFT 1000, CELL 7 ROTATE 180, CELL 7 RIGHT 1000, CELL 8 ROTATE 180, CELL 8 LEFT 1000, CELL 9 ROTATE -135, CELL 9 RIGHT 200\n6.1-6.3: CELL 1 ROTATE 90, CELL 2 ROTATE -90, CELL 3 ROTATE 90, CELL 4 ROTATE -90, CELL 5 ROTATE 90, CELL 6 ROTATE -90, CELL 7 ROTATE 90, CELL 8 ROTATE -90, CELL 9 ROTATE 180, CELL 9 LEFT 100, CELL 1 LEFT 100, CELL 2 RIGHT 100, CELL 3 LEFT 100, CELL 4 RIGHT 100, CELL 5 LEFT 100, CELL 6 RIGHT 100, CELL 7 LEFT 100, CELL 8 RIGHT 100, CELL 9 ROTATE -90\n6.3-6.7: CELLS ROTATE 90, CELLS UP 10, LEFT 10, CELL 9 UP 100, CELL 9 ROTATE 270\n6.7-7.2: CELLS LEFT 1000\n7.2: RESTART"}}