{"base":"DYNATHING","creator":"555af036baf36ec042b7e657","id":"557406fda9cf104f12f14278","name":"shadow swords","prop":{"attr":[5,12,17,14],"text":"0s: cell 1 show, cell 2 show, cell 1 left 19, cell 2 right 19, cell 1 up 35, cell 2 up 35\n0-2: cells up 15\n2-4: cells down 15\n4: restart\n\naction\n0S: CELL 1 SHOW, CELL 2 SHOW, CELL 1 LEFT 19, CELL 2 RIGHT 19, CELL 1 UP 35, CELL 2 UP 35\n0-0.1: cell 1 rotate 45\n0.1-0.25: cell 1 down 39\n0.25-0.35: cell 2 rotate -45\n0.35-0.5: cell 2 down 39\n0.5-0.9: cell 1 up 38, cell 1 left 20, cell 1 rotate 360, cell 2 up 38, cell 2 left 42, cell 2 rotate -360\n0.9-1: cells down 38\n1-1.2: cell 1 right 20, cell 2 right 42, cell 1 rotate -45, cell 2 rotate 45, cells up 39\n1.2: restart","clonedFrom":"5573ef085176bd1908c59ec6"}}