{"base":"DYNATHING","creator":"555af036baf36ec042b7e657","id":"5577fdc2fc8ac8671baa1c91","name":"reaper sword","prop":{"attr":[5,10,12,17],"text":"0S: CELL 1 SHOW, CELL 1 DOWN 10, CELL 2 SHOW ,CELL 3 SHOW, CELL 3 UP 19, CELL 4 SHOW, CELL 4 UP 47, CELL 5 SHOW\n\n\n\n\n\n0S-0.5S: CELL 4 UP 51, CELL 3 UP 51, CELL 2 UP 19, CELL 5 UP 46\n\n1S-1.5S: CELL 4 ROTATE 90 ,CELL 4 DOWN 59, CELL 4 RIGHT 58,  CELL 3 ROTATE 90 ,CELL 3 DOWN 31, CELL 3 RIGHT 29, CELL 5 ROTATE 90,CELL 5 DOWN 7, CELL 2 ROTATE 90, CELL 2 UP 20, CELL 2 LEFT 28, CELL 1 ROTATE 90, CELL 1 UP 49, CELL 1 LEFT 56, PLAY SOUND\n\n\n2S-3S: CELL 4 LEFT 40, CELL 5 LEFT 40, CELL 1 LEFT 40, CELL 2 LEFT 40, CELL 3 LEFT 40\n\n\n4S-4.5S: CELL 1 ROTATE 45, CELL 2 ROTATE 45, CELL 3 ROTATE 45, CELL 4 ROTATE 45, CELL 5 ROTATE 45, CELL 3 DOWN 5, CELL 3 LEFT 5, CELL 4 LEFT 13, CELL 4 DOWN 26, CELL 5 RIGHT 4, CELL 5 UP 15, CELL 2 UP 35, CELL 2 RIGHT 12, CELL 1 UP 55, CELL 1 RIGHT 20, PLAY SOUND\n\n4.5S-5S: CELL 1 ROTATE -45, CELL 2 ROTATE -45, CELL 3 ROTATE -45, CELL 4 ROTATE -45, CELL 5 ROTATE -45, CELL 3 UP 5, CELL 3 RIGHT 5, CELL 4 RIGHT 13, CELL 4 UP 26, CELL 5 LEFT 4, CELL 5 DOWN 15, CELL 2 DOWN 35, CELL 2 LEFT 12, CELL 1 DOWN 55, CELL 1 LEFT 20, PLAY SOUND\n\n5S-5.5S: CELL 1 RIGHT 20, CELL 2 RIGHT 20, CELL 4 RIGHT 20, CELL 3 RIGHT 20, CELL 5 RIGHT 20\n\n5.5S-6S: CELL 1 LEFT 80, CELL 2 LEFT 80, CELL 3 LEFT 80, CELL 4 LEFT 80, CELL 5 LEFT 80\n\n\n15S: RESTART \n"}}