{"base":"DYNATHING","creator":"555af036baf36ec042b7e657","id":"5578362e5cb1fb481d874e18","name":"shadow scythe","prop":{"attr":[17,12,5,4],"text":"0S: CELL 1 SHOW, CELL 1 UP 90, CELL 2 SHOW, CELL 2 UP 80, CELL 2 LEFT 29, CELL 4 SHOW, CELL 3 SHOW, CELL 3 RIGHT 24, CELL 3 UP 64, CELL 4 UP 93, CELL 4 RIGHT 24, CELL 5 SHOW, CELL 5 UP 35, CELL 5 RIGHT 24, CELL 6 SHOW, CELL 6 RIGHT 24, CELL 6 UP 10\n\n\n\n1.5S-2S: CELL 1 ROTATE -90, CELL 2 ROTATE -90, CELL 3 ROTATE -90, CELL 4 ROTATE -90, CELL 5 ROTATE -90, CELL 6 ROTATE -90, CELL 6 UP 20, CELL 6 RIGHT 30, CELL 5 RIGHT 2, CELL 5 DOWN 5, CELL 3 DOWN 34, CELL 3 LEFT 27, CELL 4 DOWN 63, CELL 4 LEFT 56, CELL 1 DOWN 84, CELL 1 LEFT 29, CELL 2 DOWN 103, CELL 2 RIGHT 10\n\n1S-2S: CELL 1 LEFT 10, CELL 2 LEFT 10, CELL 3 LEFT 10, CELL 4 LEFT 10, CELL 5 LEFT 10, CELL 6 LEFT 10\n\n\n2S-2.5S: CELL 1 LEFT 30, CELL 2 LEFT 30, CELL 3 LEFT 30, CELL 4 LEFT 30, CELL 5 LEFT 30, CELL 6 LEFT 30\n\n\n3S-3.5S: CELL 1 ROTATE 90, CELL 2 ROTATE 90, CELL 3 ROTATE 90, CELL 4 ROTATE 90, CELL 5 ROTATE 90, CELL 6 ROTATE 90, CELL 6 DOWN 20, CELL 6 LEFT 30, CELL 5 LEFT 2, CELL 5 UP 5, CELL 3 UP 34, CELL 3 RIGHT 27, CELL 4 UP 63, CELL 4 RIGHT 56, CELL 1 UP 84, CELL 1 RIGHT 29, CELL 2 UP 103, CELL 2 LEFT 10\n\n3.5S-4.5S: CELL 1 UP 5, CELL 2 UP 5, CELL 3 UP 5, CELL 4 UP 5, CELL 5 UP 5, CELL 6 UP 5\n\n4.5S-5.5S: CELL 1 DOWN 5, CELL 2 DOWN 5, CELL 3 DOWN 5, CELL 4 DOWN 5, CELL 5 DOWN 5, CELL 6 DOWN 5\n\n5.5S-6.5S: CELL 1 UP 5, CELL 2 UP 5, CELL 3 UP 5, CELL 4 UP 5, CELL 5 UP 5, CELL 6 UP 5\n\n6.5S-7.5S: CELL 1 DOWN 5, CELL 2 DOWN 5, CELL 3 DOWN 5, CELL 4 DOWN 5, CELL 5 DOWN 5, CELL 6 DOWN 5\n\n7.5S-8.5S: CELL 1 UP 5, CELL 2 UP 5, CELL 3 UP 5, CELL 4 UP 5, CELL 5 UP 5, CELL 6 UP 5\n\n8.5S-9.5S: CELL 1 DOWN 5, CELL 2 DOWN 5, CELL 3 DOWN 5, CELL 4 DOWN 5, CELL 5 DOWN 5, CELL 6 DOWN 5\n\n9.5S-10.5S: CELLS HIDE\n\n11S: RESTART"}}