{"base":"DYNATHING","creator":"555af036baf36ec042b7e657","id":"557c7fcac71f02f623673340","name":"shadow blades","prop":{"attr":[5,12,4],"text":"0S: CELL 1 SHOW, CELL 2 SHOW\n\nRISE\n0: CELL 1 SHOW, CELL 1 RIGHT 15, CELL 1 ROTATE -30, CELL 1 PIVOT 0 20, CELL 1 UP 5, CELL 2 SHOW, CELL 2 LEFT 15, CELL 2 ROTATE 30, CELL 2 PIVOT 28 20, CELL 2 UP 5, CELL 3 SHOW, CELL 3 RIGHT 15, CELL 3 ROTATE -30, CELL 3 PIVOT 0 20, CELL 3 UP 5, CELL 4 SHOW, CELL 4 LEFT 15, CELL 4 ROTATE 30, CELL 4 PIVOT 28 20, CELL 4 UP 5, CELL 5 SHOW, CELL 5 UP 14, CELL 5 RIGHT 20, CELL 5 ROTATE 90, CELL 6 SHOW, CELL 6 UP 14, CELL 6 LEFT 20, CELL 6 ROTATE -90,\nCELL 6 PIVOT 28 25, CELL 5 PIVOT 0 25,\n0-0.5: CELL 1 ROTATE 50, CELL 2 ROTATE -50, CELL 3 ROTATE 50, CELL 4 ROTATE -50, CELL 3 UP 12, CELL 3 RIGHT 18, CELL 4 UP 12, CELL 4 LEFT 18,  CELL 5 RIGHT 33, CELL 6 LEFT 33, CELL 5 UP 16, CELL 6 UP 16, CELL 5 ROTATE -70, CELL 6 ROTATE 70,\n\nFALL\n0: CELL 1 SHOW, CELL 1 RIGHT 15, CELL 1 ROTATE -30, CELL 1 PIVOT 0 20, CELL 1 UP 5, CELL 2 SHOW, CELL 2 LEFT 15, CELL 2 ROTATE 30, CELL 2 PIVOT 28 20, CELL 2 UP 5, CELL 3 SHOW, CELL 3 RIGHT 15, CELL 3 ROTATE -30, CELL 3 PIVOT 0 20, CELL 3 UP 5, CELL 4 SHOW, CELL 4 LEFT 15, CELL 4 ROTATE 30, CELL 4 PIVOT 28 20, CELL 4 UP 5, CELL 5 SHOW, CELL 5 UP 14, CELL 5 RIGHT 20, CELL 5 ROTATE 90, CELL 6 SHOW, CELL 6 UP 14, CELL 6 LEFT 20, CELL 6 ROTATE -90,\nCELL 6 PIVOT 28 25, CELL 5 PIVOT 0 25,\n0: CELL 1 ROTATE 50, CELL 2 ROTATE -50, CELL 3 ROTATE 50, CELL 4 ROTATE -50, CELL 3 UP 12, CELL 3 RIGHT 18, CELL 4 UP 12, CELL 4 LEFT 18,  CELL 5 RIGHT 33, CELL 6 LEFT 33, CELL 5 UP 16, CELL 6 UP 16, CELL 5 ROTATE -70, CELL 6 ROTATE 70,\n\nOS: CELL 1 SHOW\n\n0S: CELL 1 SHOW, CELL 2 SHOW\nACTION\n0S: CELL 1 SHOW, CELL 1 LEFT 75, CELL 1 UP 75\n0S: CELL 2 SHOW, CELL 2 RIGHT 75, CELL 2 UP 75\n0S: CELL 3 SHOW, CELL 3 LEFT 60, CELL 3 UP 75\n0.1: CELL 4 SHOW, CELL 4 RIGHT 60, CELL 4 UP 75\n0.1: CELL 5 SHOW, CELL 5 LEFT 45, CELL 5 UP 75\n0.1: CELL 6 SHOW, CELL 6 RIGHT 45, CELL 6 UP 75\n0.2: CELL 7 SHOW, CELL 7 LEFT 30, CELL 7 UP 75\n0.2: CELL 8 SHOW, CELL 8 RIGHT 30, CELL 8 UP 75\n0.2: CELL 9 SHOW, CELL 9 LEFT 15, CELL 9 UP 75\n0.3-0.4: CELL 1 ROTATE 135\n0.3-0.4: CELL 2 ROTATE -135\n0.3-0.4: CELL 3 ROTATE 135\n0.4-0.5: CELL 4 ROTATE -135\n0.4-0.5: CELL 5 ROTATE 135\n0.4-0.5: CELL 6 ROTATE -135\n0.5-0.6: CELL 7 ROTATE 135\n0.5-0.6: CELL 8 ROTATE -135\n0.5-0.6: CELL 9 ROTATE 135\n0.6-0.7: CELLS DOWN 75\n0.7-0.8: CELL 1 ROTATE 180\n0.7-0.8: CELL 2 ROTATE 180\n0.7-0.8: CELL 3 ROTATE 180\n0.8-0.9: CELL 4 ROTATE 180\n0.8-0.9: CELL 5 ROTATE 180\n0.8-0.9: CELL 6 ROTATE 180\n0.9-1: CELL 7 ROTATE 180\n0.9-1: CELL 8 ROTATE 180\n0.9-1: CELL 9 ROTATE 180\n1-1.5: CELL 1 UP 100000\n1-1.5: CELL 2 UP 100000\n1-1.5: CELL 3 UP 100000\n1.1-1.6: CELL 4 UP 100000\n1.1-1.6: CELL 5 UP 100000\n1.1-1.6: CELL 6 UP 100000\n1.2-1.7: CELL 7 UP 100000\n1.2-1.7: CELL 8 UP 100000\n1.3: RESTART"}}