{"base":"DYNATHING","creator":"555af036baf36ec042b7e657","id":"557c7fa5f22b9ff823e7caa7","name":"shadow blades","prop":{"attr":[5,4,12],"text":"0S: CELL 1 SHOW, CELL 2 SHOW, CELL 3 SHOW, CELL 4 SHOW, CELL 3 UP 50, CELL 4 UP 50, CELL 3 LEFT 30, CELL 4 RIGHT 30\n0-2: CELL 3 UP 20, CELL 4 UP 20\n2-4: CELL 3 DOWN 20, CELL 4 DOWN 20\n4: RESTART\n\nRISE\n0: CELL 1 SHOW, CELL 1 RIGHT 15, CELL 1 ROTATE -30, CELL 1 PIVOT 0 20, CELL 1 UP 5, CELL 2 SHOW, CELL 2 LEFT 15, CELL 2 ROTATE 30, CELL 2 PIVOT 28 20, CELL 2 UP 5, CELL 3 SHOW, CELL 3 RIGHT 15, CELL 3 ROTATE -30, CELL 3 PIVOT 0 20, CELL 3 UP 5, CELL 4 SHOW, CELL 4 LEFT 15, CELL 4 ROTATE 30, CELL 4 PIVOT 28 20, CELL 4 UP 5, CELL 5 SHOW, CELL 5 UP 14, CELL 5 RIGHT 20, CELL 5 ROTATE 90, CELL 6 SHOW, CELL 6 UP 14, CELL 6 LEFT 20, CELL 6 ROTATE -90,\nCELL 6 PIVOT 28 25, CELL 5 PIVOT 0 25,\n0-0.5: CELL 1 ROTATE 50, CELL 2 ROTATE -50, CELL 3 ROTATE 50, CELL 4 ROTATE -50, CELL 3 UP 12, CELL 3 RIGHT 18, CELL 4 UP 12, CELL 4 LEFT 18,  CELL 5 RIGHT 33, CELL 6 LEFT 33, CELL 5 UP 16, CELL 6 UP 16, CELL 5 ROTATE -70, CELL 6 ROTATE 70,\n\nFALL\n0: CELL 1 SHOW, CELL 1 RIGHT 15, CELL 1 ROTATE -30, CELL 1 PIVOT 0 20, CELL 1 UP 5, CELL 2 SHOW, CELL 2 LEFT 15, CELL 2 ROTATE 30, CELL 2 PIVOT 28 20, CELL 2 UP 5, CELL 3 SHOW, CELL 3 RIGHT 15, CELL 3 ROTATE -30, CELL 3 PIVOT 0 20, CELL 3 UP 5, CELL 4 SHOW, CELL 4 LEFT 15, CELL 4 ROTATE 30, CELL 4 PIVOT 28 20, CELL 4 UP 5, CELL 5 SHOW, CELL 5 UP 14, CELL 5 RIGHT 20, CELL 5 ROTATE 90, CELL 6 SHOW, CELL 6 UP 14, CELL 6 LEFT 20, CELL 6 ROTATE -90,\nCELL 6 PIVOT 28 25, CELL 5 PIVOT 0 25,\n0: CELL 1 ROTATE 50, CELL 2 ROTATE -50, CELL 3 ROTATE 50, CELL 4 ROTATE -50, CELL 3 UP 12, CELL 3 RIGHT 18, CELL 4 UP 12, CELL 4 LEFT 18,  CELL 5 RIGHT 33, CELL 6 LEFT 33, CELL 5 UP 16, CELL 6 UP 16, CELL 5 ROTATE -70, CELL 6 ROTATE 70,\n\nOS: CELL 1 SHOW\n\nACTION\n0S: CELL 1 SHOW, CELL 2 SHOW, CELL 3 SHOW, CELL 4 SHOW, CELL 3 UP 50, CELL 4 UP 50, CELL 3 LEFT 30, CELL 4 RIGHT 30\n0.1-0.2: CELL 3 ROTATE 10000000, CELL 4 ROTATE 10000000\n0.2-0.5: CELL 3 DOWN 50, CELL 4 DOWN 50\n0.5-0.7: CELL 3 UP 15, CELL 4 UP 15\n0.7-1: CELL 3 ROTATE 10000000, CELL 4 ROTATE 10000000\n1-1.5: CELL 3 LEFT 100, CELL 4 RIGHT 100\n1.5-2: CELL 3 ROTATE 10000000, CELL 4 ROTATE 10000000\n2-2.3: CELL 3 UP 30, CELL 4 UP 30\n2.3-2.8: CELL 3 ROTATE 10000000, CELL 4 ROTATE 10000000\n2.8-3.1: CELL 3 RIGHT 20, CELL 4 LEFT 20\n3.1-3.6: CELL 3 ROTATE 10000000, CELL 4 ROTATE 10000000\n3.6-3.9: CELL 3 DOWN 50, CELL 4 DOWN 50\n3.9-4.2: CELL 3 UP 10, CELL 4 UP 10\n4.2-4.7: CELL 3 ROTATE 10000000, CELL 4 ROTATE 10000000\n4.8-5: CELL 3 ROTATE 10000000 , CELL 4 ROTATE 10000000\n4.9-5: CELL 3 LEFT 10000 , CELL 4 RIGHT 10000\n5: RESTART"}}