{"base":"DYNATHING","creator":"555af036baf36ec042b7e657","id":"557c800ff22b9ff823e7caa9","name":"shadow blades","prop":{"attr":[5,12,4],"text":"0S: CELL 1 SHOW, CELL 2 SHOW, CELL 3 SHOW, CELL 4 SHOW, CELL 5 SHOW, CELL 6 SHOW, CELL 7 SHOW, CELL 8 SHOW, CELL 9 SHOW, CELL 1 LEFT 100, CELL 2 RIGHT 100, CELL 3 LEFT 70, CELL 4 RIGHT 70, CELL 6 LEFT 40, CELL 7 RIGHT 40, CELL 8 LEFT 10, CELL 9 RIGHT 10, CELL 1 UP 50, CELL 2 UP 50, CELL 3 UP 50, CELL 4 UP 50, CELL 5 UP 75, CELL 6 UP 50, CELL 7 UP 50, CELL 8 UP 50, CELL 9 UP 50, CELL 8 ROTATE -45, CELL 5 ROTATE -45, CELL 9 ROTATE -45, CELL 7 ROTATE -90, CELL 2 ROTATE -90, CELL 4 ROTATE -90\n0-2: CELL 1 UP 15, CELL 2 UP 15, CELL 3 UP 15, CELL 4 UP 15, CELL 6 UP 15, CELL 7 UP 15, CELL 8 UP 15, CELL 9 UP 15\n2-4: CELL 1 DOWN 15, CELL 2 DOWN 15, CELL 3 DOWN 15, CELL 4 DOWN 15, CELL 6 DOWN 15, CELL 7 DOWN 15, CELL 8 DOWN 15, CELL 9 DOWN 15\n4: RESTART\n\nACTION\n0S: CELL 1 SHOW, CELL 2 SHOW, CELL 3 SHOW, CELL 4 SHOW, CELL 5 SHOW, CELL 6 SHOW, CELL 7 SHOW, CELL 8 SHOW, CELL 9 SHOW, CELL 1 LEFT 100, CELL 2 RIGHT 100, CELL 3 LEFT 70, CELL 4 RIGHT 70, CELL 6 LEFT 40, CELL 7 RIGHT 40, CELL 8 LEFT 10, CELL 9 RIGHT 10, CELL 8 ROTATE -45, CELL 5 ROTATE -45, CELL 9 ROTATE -45, CELL 7 ROTATE -90, CELL 2 ROTATE -90, CELL 4 ROTATE -90, CELL 1 UP 50, CELL 2 UP 50, CELL 3 UP 50, CELL 4 UP 50, CELL 5 UP 75, CELL 6 UP 50, CELL 7 UP 50, CELL 8 UP 50, CELL 9 UP 50\n0.1-0.5: CELL 8 UP 100000, CELL 9 UP 100000, CELL 5 UP 100000\n0.5-0.8: CELL 1 ROTATE 135, CELL 2 ROTATE -135, CELL 3 ROTATE 135, CELL 4 ROTATE -135, CELL 6 ROTATE  135, CELL 7 ROTATE -135\n0.8-1.1: CELL 1 DOWN 50, CELL 2 DOWN 50, CELL 3 DOWN 50, CELL 4 DOWN 50, CELL 6 DOWN 50, CELL 7 DOWN 50\n1.1- 1.4: CELL 1 ROTATE 90, CELL 2 ROTATE -90, CELL 3 ROTATE 90, CELL 4 ROTATE -90, CELL 6 ROTATE 90, CELL 7 ROTATE -90\n1.4-1.7: CELL 1 UP 30, CELL 2 UP 30, CELL 3 UP 30, CELL 4 UP 30, CELL 5 UP 30, CELL 6 UP 30, CELL 7 UP 30\n1.7-2:CELL 1 LEFT 100000, CELL 2 RIGHT 100000, CELL 3 LEFT 100000, CELL 4 RIGHT 100000\n2- 2.3: CELL 6 ROTATE 90, CELL 7 ROTATE -90\n2.3-2.7: CELL 6 UP 100000, CELL 7 UP 100000\n2.7: RESTART\n"}}