{"base":"DYNATHING","creator":"555af036baf36ec042b7e657","id":"557c81669630c819087eaa38","name":"shadow blades","prop":{"attr":[5,12,4],"text":"0S: CELL 1 SHOW, CELL 2 SHOW, CELL 3 SHOW, CELL 2 UP 50, CELL 3 UP 50, CELL 2 LEFT 20, CELL 3 RIGHT 30\n0-4: CELL 2 ROTATE 360, CELL 3 ROTATE 360\n0-2: CELL 3 UP 20, CELL 2 UP 20\n2-4: CELL 2 DOWN 20, CELL 3 DOWN 20\n4: RESTART\n\nACTION\n0S: CELL 1 SHOW, CELL 2 SHOW, CELL 3 SHOW, CELL 2 UP 50, CELL 3 UP 50, CELL 2 LEFT 20, CELL 3 RIGHT 20\n0.1-0.4: CELL 1 UP 75\n0.4-0.6: CELL 1 ROTATE 360\n0.5-0.7: CELL 1 UP 100000\n0.7-1: CELL 2 ROTATE 360, CELL 3 ROTATE 360\n1-1.5: CELL 2 LEFT 100000, CELL 3 RIGHT 100000\n1-1.5: CELL 2 ROTATE 360, CELL 3 ROTATE 360\n1.5-2: CELL 4 SHOW, CELL 5 SHOW, CELL 6 SHOW, CELL 4 UP 50, LEFT 50, CELL 5 UP 50, CELL 6 UP 50, RIGHT 50\n2-2.4: CELL 4 ROTATE 360, LEFT 100000, CELL 5 ROTATE 360, UP 100000, CELL 6 ROTATE 360, RIGHT 100000\n2.4-2.9: CELL 7 SHOW, UP 90, LEFT 50, ROTATE 45, CELL 8 SHOW, UP 90, ROTATE 45, CELL 9 SHOW, UP 90, RIGHT 50, ROTATE 45\n2.9-3.4: CELL 7 DOWN 90, CELL 8 DOWN 90, CELL 9 DOWN 90\n3.4-3.7: CELL 7 UP 30, CELL 8 UP 30, CELL 9 UP 30\n3.7-4: CELL 7 ROTATE 90, CELL 8 ROTATE 180, CELL 9 ROTATE -90\n4-4.3: CELL 7 LEFT 100000, CELL 8 UP 100000, CELL 9 RIGHT 100000\n4.3: RESTART\n\nRISE\n0S: CELL 1 SHOW, CELL 3 SHOW, CELL 2 SHOW, CELL 4 SHOW, CELL 5 SHOW, CELL 6 SHOW, CELL 1 UP 5, CELL 2 UP 5, CELL 3 UP 10, CELL 4 UP 10, CELL 5 UP 15, CELL 6 UP 15, CELL 1 LEFT 10, CELL 2 RIGHT 10, CELL 3 LEFT 20, CELL 4 RIGHT 20, CELL 5 LEFT 30, CELL 6 RIGHT 30\n\nFALL\n0S: CELL 1 SHOW, CELL 2 SHOW, CELL 3 SHOW, CELL 4 SHOW, CELL 5 SHOW, CELL 6 SHOW, CELL 1 DOWN 5, CELL 2 DOWN 5, CELL 3 DOWN 10, CELL 4 DOWN 10, CELL 5 DOWN 15, CELL 6 DOWN 15, CELL 1 LEFT 10, CELL 2 RIGHT 10, CELL 3 LEFT 20, CELL 4 RIGHT 20, CELL 5 LEFT 30, CELL 6 RIGHT 30\n"}}