{"base":"DYNATHING","creator":"555af036baf36ec042b7e657","id":"557d88e8c71f02f623673a5c","name":"quad blade","prop":{"attr":[5,10,12,4],"text":"0S: CELL 1 SHOW, CELL 1 UP 5, LEFT 2, CELL 6 SHOW, CELL 6 UP 5, RIGHT 2\n\nACTION\n0S: cell 1 show, cell 1 up 5, left 2, cell 6 show, cell 6 up 5, right 2\n0.1-0.5: cell 1 up 75, left 25, cell 1 rotate 1000000, cell 6 up 75, right 25, cell 6 rotate 1000000\n0.5-1.5: cell 1 down 75, cell 1 rotate 100000, cell 6 down 75, cell 6 rotate 1000000\n1.5-2.5: CELL 1 rotate 1000000, CELL 1 LEFT 100000, CELL 6 ROTATE 1000000, CELL 6 right 100000\n2.5-3.0: cell 2 show, cell 3 show, cell 4 show, cell 5 show , cell 2 up 75, left 50, cell 3 up 75, left 100, cell 4 up 75, right 50, cell 5 up 75, right 100\n3.0-3.5: cell 2 rotate 100000, CELL 3 ROTATE 100000, CELL 4 ROTATE 100000, CELL 5 ROTATE 100000, cells down 75\n3.5-4.0: CELL 2 ROTATE 100000, CELL 2 left 10000, CELL 3 ROTATE 100000, CELL 3 left 10000, CELL 4 ROTATE 100000, CELL 4 right 10000, CELL 5 ROTATE 100000, CELL 5 right 10000\n4.5-5.5: cell 7 show, cell 8 show, cell 7 up 125, left 25, cell 8 up 125, right 25\n5.5-6.0: cell 7 rotate 1000000, cell 7 down 75, cell 7 rotate 1000000, cell 7 left 10000, CELL 8 ROTATE 1000000, CELL 8 DOWN 75, CELL 8 ROTATE 1000000, CELL 8 right 10000\n6.1: RESTART"}}