{"base":"DYNATHING","creator":"555af036baf36ec042b7e657","id":"557ede3b8265b313156a6663","name":"shadow demon","prop":{"attr":[5,12,3,2],"text":"0S: CELLS SHOW, CELL 1 UP 54, Z-INDEX 3, CELL 2 RIGHT 10, UP 25, Z-INDEX 3, CELL 3 RIGHT 10, UP 7, CELL 4 UP 30, Z-INDEX 2, CELL 5 UP 3, RIGHT 2, Z-INDEX 5, cell 7 up 55, right 35, CELL 8 UP 55, RIGHT 35, cell 9 up 90, rotate -45\n0-1.8: CELLS UP 5, cell 6 rotate 1000000, cell 7 rotate 1000000, cell 7 rotate -1000000, cell 9 up 10\n1.8-2.6: CELLS DOWN 5, cell 9 down 10\n2.6: RESTART\n\nMOVE\n0S: CELLS SHOW, CELL 1 UP 54, Z-INDEX 3, CELL 2 RIGHT 10, UP 30, Z-INDEX 3, CELL 3 RIGHT 10, UP 7, CELL 4 UP 30, Z-INDEX 2, CELL 5 UP 10, RIGHT 3, Z-INDEX 5,CELL 7 UP 38, RIGHT 25, CELL 8 UP 38, RIGHT 25, cell 9 up 85\n0-0.3: CELL 7 UP 38, RIGHT 25, ROTATE 1000000, CELL 8 UP 38, RIGHT 25, ROTATE -1000000, CELL 9 down 5\n0.3-0.6: CELL 1 LEFT 5, CELL 2 ROTATE -50, UP 10, CELL 3 ROTATE -30, UP 20, RIGHT 16, CELL 4 ROTATE -40, UP 3, CELL 5 ROTATE -40, RIGHT 15, UP 4, CELL 6 ROTATE 1000000, RIGHT 20, UP 10, CELL 9 UP 5\no.6-0.9: CELL 7 UP 38, RIGHT 25, ROTATE -1000000, CELL 8 UP 38, RIGHT 25, ROTATE 1000000, CELL 9 down 5\n\naction\n0S: CELLS SHOW, CELL 1 UP 54, Z-INDEX 3, CELL 2 RIGHT 10, UP 25, Z-INDEX 3, CELL 3 RIGHT 10, UP 7, CELL 4 UP 30, Z-INDEX 2, CELL 5 UP 3, RIGHT 2, Z-INDEX 5, CELL 9 UP 90, rotate -45\n0-0: CELLS UP 5, 6.50 play sound\n0.0-1.0: CELLS DOWN 5\n1.0-1.5: cell 6 rotate 1000000, cell 6 up 75, CELL 7 ROTATE 1000000, CELL 7 UP 75, LEFT 25, CELL 8 ROTATE 1000000, CELL 8 UP 75, right 25, cell 1 up 5, cell 2 up 5, cell 3 up 5, cell 4 up 5, cell 5 up 5\n1.5-2.5: cell 6 rotate 1000000, cell 6 down 75, CELL 7 ROTATE 1000000, CELL 7 DOWN 75, left 25, CELL 8 ROTATE 1000000, CELL 8 DOWN 75, right 25, cell 1 down 5, cell 2 down 5, cell 3 down 5, cell 4 down 5, cell 5 down 5\n2.5-3.5: cell 6 rotate 1000000, cell 6 up 10000, CELL 7 ROTATE 1000000, CELL 7 LEFT 10000, CELL 8 ROTATE 1000000, CELL 8 right 10000, cell 1 up 5, cell 2 up 5, cell 3 up 5, cell 4 up 5, cell 5 up 5\n3.5-4.5: CELL 7 UP 38, RIGHT 25, ROTATE 1000000, CELL 8 UP 38, RIGHT 25, ROTATE -1000000, CELL 9 DOWN 5, CELL 9 DOWN 75, cell 1 down 5, cell 2 down 5, cell 3 down 5, cell 4 down 5, cell 5 down 5\n4.5-5.5: CELL 1 LEFT 5, CELL 2 ROTATE -50, UP 10, CELL 3 ROTATE -30, UP 20, RIGHT 16, CELL 4 ROTATE -40, UP 3, CELL 5 ROTATE -40, RIGHT 10, UP 4, CELL 6 ROTATE 1000000, RIGHT 20, UP 10, CELL 9 UP 5, CELL 9 ROTATE 90, cell 1 up 5, cell 2 up 5, cell 3 up 5, cell 4 up 5, cell 5 up 5\n5.5-6.50: CELL 7 UP 38, RIGHT 25, ROTATE -1000000, CELL 8 UP 38, RIGHT 25, ROTATE 1000000, CELL 9 DOWN 5, CELL 9 LEFT 10000, cell 1 down 5, cell 2 down 5, cell 3 down 5, cell 4 down 5, cell 5 down 5, play sound\n6.50: restart","soundId":"53ce3f2140a04aa71084b44d"}}