{"base":"DYNATHING","creator":"555af036baf36ec042b7e657","id":"55853d02957a13c514fea6a7","name":"reaper sword 2","prop":{"attr":[5,10,12],"text":"0S: cells show, cell 8 hide, cell 9 hide, cell 4 left 3, cell 4 rotate 135, cell 3 up 20, cell 3 left 23, cell 3 rotate 135, cell 5 left 43, cell 5 rotate 135, cell 5 up 40, CELL 2 LEFT 63, CELL 2 ROTATE 135, CELL 2 UP 60, cell 1 left 83, cell 1 rotate 135, cell 1 up 80, cell 6 left 8, cell 6 rotate 135, cell 6 up 40, CELL 7 left 45, CELL 7 ROTATE 135, CELL 7 UP 5\n0.0-1.0: cell 8 left 43, cell 8 rotate 135, cell 8 up 40, cell 5 z-index 1\n1.0-1.5: cell 8 show\n1.5-1.50: cell 8 hide, CELL 9 LEFT 63, CELL 9 ROTATE 135, CELL 9 UP 60, CELL 2 Z-INDEX 2\n1.50-2.0: CELL 9 SHOW\n2.0-2.5: CELL 9 HIDE\n2.5-2.50: cells opacity 3\n2.50-3.50: cells up 10\n3.50-4.0: CELLS OPACITY 2, cells down 5\n4.0-4.5: CELLS OPACITY 1, cells up 5\n4.5-5.0: cells down 10\n5.0-7.5: cells opacity 0\n7.5: restart\n\nAction\n0s: cells hide\n0.0-1.0: cell 4 rotate 90, cell 4 left 13, cell 3 left 40, cell 3 rotate 90, cell 5 left 67, cell 5 rotate 90, cell 2 left 87, cell 2 rotate 90, cell 1 left 113, cell 1 rotate 90, cell 6 left 43, cell 6 rotate 90, cell 6 up 26, cell 7 left 43, cell 7 rotate 90, cell 7 down 26\n1.0-1.5: cells show, cell 8 hide, cell 9 hide, cells left 55\n1.5-2.0: cells right 55\n2.0: restart"}}