{"base":"INTERACT","creator":"555af036baf36ec042b7e657","id":"57efd49662167f1d13e04352","name":"dirge shadow gate exit","prop":{"textSize":286,"attr":[1,5],"textData":"VIEWED: /COUNTDOWN INVISIBLE 2\nSOMEONE FINISHES COUNTDOWN: /SHOWS door  /WAITS 4.5S /CLEARS COUNTDOWN\nAPPROACHES AND THEY MOVE RIGHT -OR- APPROACHES AND THEY MOVE LEFT -OR- APPROACHES AND THEY MOVE UP -OR- APPROACHES AND THEY MOVE DOWN: /CLEARS COUNTDOWN\n\nentered: /to the shadow within","checksNears":true,"reactsTo":["someone_finishes_countdown"],"thingRefs":[["569b447d7dd66b3c0e0e91ce","door"]]}}