{"base":"READABLE","creator":"533520bf11ef64363f000d5c","id":"65641a2dfb6f4505951415c5","name":"explanation board","prop":{"textSize":815,"rgb2":"68,0,0","rgb":"201,0,0","attr":[2],"textData":"stone temple: \n\nThis was intended to be an 'end-game' destination\nwhere players would collect items by completing challenges\nand solving puzzles around the sanctum. \n\nThe door interacting would identify items in explorer's area\ninventory and illuminate symbols in the door's design to indicate progress. \n\nthe symbols correspond with iconic scenery. \n\n1) the brain of the sanctum (from the abyss)\n\n2) the tree you must descend to reach this forest (solve the nest puzzle)\n\n3) the ashen volcano (solve the puzzle within the allfather tree)\n\n4) the small door (solve the \"area under the castle\") \n\n5) the ring (collect the heard of the sanctum)\n\nmost of the above puzzles have not been fully fleshed out.  \n\nCURRENTLY THE final DOOR DOES NOT LEAD ANYWHERE, AND ONLY ONE SYMBOL ILLUMINATES for completing the abyss\n. \n"}}