{"base":"DYNATHING","creator":"544a9e2b7d4159ac0356416e","id":"55575a39095e141808853f05","name":"elemental door","prop":{"text":"0S: cells show, cell 1 up 29, cell 1 left 29, cell 2 up 29, cell 3 left 29, cell 5 opacity 0, cell 5 left 40, cell 6 up 40, cell 6 opacity 0, cell 6 left 15, cell 7 opacity 0, cell 7 right 25, cell 8 opacity 0, cell 8 left 20, cell 8 up 20,\n0.5S: Cell 5 opacity 0.3\n0.5S-3.0S: cell 5 OPACITY 1, cell 5 up 15, right 30\n0.5S - 5S: cell 8 opacity 1,\n3S: cell 5 hide, cell 6 opacity 0.3,\n3-6S: Cell 6 opacity 1, cell 6 down 30,\n5S - 9S: cell 8 opacity 0\n6S: cell 6 hide, cell 7 opacity 0.3,\n6S-9S: cell 7 opacity 1, cell 7 left 15, cell 7 up 15\n9S: restart\n\n"}}