{"ece":false,"wsh":"ws14x2.ws.manyland.com","wsp":80,"ifa":false,"ieh":false,"sub":true,"adr":{"angle":0,"speed":0},"apr":"INDIVIDUALS","spe":false,"acl":{"x":15,"y":15},"aid":"544c7e89f06c47f141f4bc96","gid":"540f4a6fbcd7bbcf2e509c8d","iid":"554fd253bc5a52d836803407","arn":"level one","aun":"blancnoir","agn":"blancnoir","ard":"blancnoir is a popular puzzle game designed by puzzler qusion exclusively for manyland. it is a challenging adventure through a black and white world. #puzzle #challenge #art #game #qusion","axx":false,"aul":false,"mpv":35}