{"base":"DYNATHING","creator":"57510e9024792eff12188c4c","id":"5c2d680d02efb16f42bc38cb","name":"fosho (fried)","prop":{"attr":[6],"text":"0:cell 1 show, opacity .55, , rotate 35\n1:cell 1 hide, cell 2 show, opacity .55, ROTATE 35\n2:cell 2 hide, cell 3 show, opacity .55, ROTATE 35\n4:cell 3 hide, cell 4 show, opacity .55, ROTATE 35 \n6:cell 4 hide, cell 3 show, opacity .55, ROTATE 35\n7:cell 3 hide, cell 2 show, opacity .55, rotate 35\n8:cell 2 hide, cell 1 show, opacity .55, rotate 35\n10: restart\n\n\n"}}