{"base":"DYNATHING","creator":"5579b488d1653aa87994db3b","id":"5848e0b2a00acd871308a9e5","name":"light","prop":{"attr":[10],"text":"0: cell 1 show, cell 2 show, cell 3 show, cell 4 show, cell 1 left 15, cell 1 up 15, cell 2 right 14, cell 2 up 15, cell 3 left 15, cell 3 down 14, cell 4 right 14, cell 4 down 14, CELL 1 OPACITY 0.1, CELL 2 OPACITY 0.1, CELL 3 OPACITY 0.1, CELL 4 OPACITY 0.1\n0-7.5: cell 1 opacity 0.4, CELL 2 OPACITY 0.4, CELL 3 OPACITY 0.4, CELL 4 OPACITY 0.4\n7.5-15: cell 1 opacity 0.1, CELL 2 OPACITY 0.1, CELL 3 OPACITY 0.1, CELL 4 OPACITY 0.1\n15:restart"}}