{"base":"READABLE","creator":"5579b488d1653aa87994db3b","id":"58498b8fe446cee30fcfc066","name":"menu ver 3","prop":{"textSize":506,"rgb2":"43,43,0","rgb":"170,159,127","attr":[2],"textData":"* order the menu and have your seat.\n\n~* cafe teapot menu *~\n------------------------------------\n~ drinks ~\nmilk\n------------------------------------\n~tea~ \nassam\nceylon\nearl grey\nenglish breakfast\ngreen tea\n------------------------------------\n~ desserts ~\nCHEESE CAKE\nCREAM TEA CAKE\nSTRAWBERRY CAKE\nCHOCOLATE PIE\nPUMPKIN PIE\nfig cookie\nscone\n------------------------------------\n\n\nSORRY, WE DON'T HAVE ANY COFFEE.\nAND ALSO, WE DON'T HAVE LOOSE LEAF TEA.\n\nthank you for visiting here.\nhave a nice day :)\n"}}