{"base":"INTERACT","creator":"5579b488d1653aa87994db3b","id":"584d77d5ae0d5a891344dca5","name":"desk interacting","prop":{"textSize":1567,"attr":[6,1],"textData":"REACHES or entered -AND- they hold CHEESE CAKE.P: /THEY DON'T HAVE CHEESE CAKE.P /GIVES CHEESE CAKE /CHEESE CAKE.M\n\nREACHES OR ENTERED -AND- THEY HOLD cream tea cake.P: /THEY DON'T HAVE CHEESE CAKE.P /GIVES Cream tea cake /cream tea cake.M\n\nREACHES OR ENTERED -AND- THEY HOLD strawberry cake.p: /THEY DON'T HAVE strawberry cake.p /gives strawberry cake /strawberry cake.m\n\nREACHES OR ENTERED -AND- THEY HOLD fig cookie.p: /THEY DON'T HAVE fig cookie.p /gives fig cookie /fig cookie.m\n\nREACHES OR ENTERED -AND- THEY HOLD pumpkin pie.p: /THEY DON'T HAVE pumpkin pie.p /gives pumpkin pie /pumpkin pie.m\n\nREACHES OR ENTERED -AND- THEY HOLD chocolate pie.p: /THEY DON'T HAVE chocolate pie.p /gives chocolate pie /chocolate pie.m\n\nREACHES OR ENTERED -AND- THEY HOLD scone.p: /THEY DON'T HAVE scone.p /gives scone /scone.m\n\n\n\nREACHES OR ENTERED -AND- THEIR ASSAM TEABAG > 0 and they hold assam teabag: /-1 EFFECTS-FREE THEIR ASSAM TEABAG /GIVES ASSAM TEA /TEa\n\nREACHES OR ENTERED -AND- THEIR CEYLON TEABAG > 0 AND THEY HOLD ceylon teabag: /-1 EFFECTS-FREE THEIR CEYLON TEABAG /GIVES CEYLON TEA\n\nREACHES OR ENTERED -AND- THEIR EARL GREY TEABAG > 0 AND THEY HOLD earl grey teabag: /-1 EFFECTS-FREE THEIR EARL GREY TEABAG /GIVES EARL GREY TEA /TEA\n\nREACHES OR ENTERED -AND- THEIR ENGLISH BREAKFAST TEABAG > 0 AND THEY HOLD english breakfast teabag: /-1 EFFECTS-FREE THEIR ENGLISH BREAKFAST TEABAG /GIVES ENGLISH BREAKFAST TEA /Tea\n\nREACHES OR ENTERED -AND- THEIR GREEN TEA TEABAG > 0 AND THEY HOLD green tea teabag: /-1 EFFECTS-FREE THEIR GREEN TEA TEABAG /GIVES GREEN TEA /TEA","checksNears":true,"thingRefs":[["5842dafa1173cedd0f488359","cheese cake"],["5842db40b04c7b7c13f75771","strawberry cake"],["5842de1e2a182ee50f7f7c41","fig cookie"],["5842dfb37765958113e9ca9c","pumpkin pie"],["5842e03ab04c7b7c13f75798","chocolate pie"],["5842ec9af9a69642133462bb","scone"],["5846425ebec0182813466ebd","cheese cake.p"],["584642811db6ae7d1314b457","strawberry cake.p"],["5846428b57b2488f131a672a","fig cookie.p"],["584642955a3fb3da0f4fd862","pumpkin pie.p"],["5846429ec805318413779ea6","chocolate pie.p"],["584642a65a3fb3da0f4fd863","scone.p"],["5846441169c9dd831375bdb3","cheese cake.m"],["584644332afe0390135d90e6","strawberry cake.m"],["5846443e2885798813a98caf","fig cookie.m"],["5846444b69c9dd831375bdb4","pumpkin pie.m"],["584644539b69f12e13ad0234","chocolate pie.m"],["584644619b69f12e13ad0235","scone.m"],["584646fe6268a277137584c4","tea"],["583c0d4a2629637c131680d7","earl grey tea"],["583c0afa19c463df0f92807b","earl grey teabag"],["583c0c8207aa74bf13c5139b","assam tea"],["583c0a40daa7e3c51385e6a5","assam teabag"],["583c0d6107aa74bf13c5139e","english breakfast tea"],["583c0b25428a3e9e13b11ded","english breakfast teabag"],["583c0ca4428a3e9e13b11df2","ceylon tea"],["583c0a7085212bcb13915e6c","ceylon teabag"],["583c0d9185212bcb13915e73","green tea"],["583c0b62428a3e9e13b11dee","green tea teabag"],["5842db2c8379e87513096898","cream tea cake"],["584642659d3972e60fc14007","cream tea cake.p"],["5846442757b2488f131a6732","cream tea cake.m"]]}}