{"base":"INTERACT","creator":"5579b488d1653aa87994db3b","id":"58552177c8de46e30f32d8ca","name":"suhyeon","prop":{"textSize":3823,"attr":[13,5,6],"textData":"someone arrives and isn't [editor]:hello! welcome to the cafe teapot! /s.talk\n\nsomeone arrives and is [editor]:is everything okay? /s.talk\nhears \"no\" and is [editor]:hmm. /s.talk-short\nhears \"yes\" and is [editor]:good. always remember what you receive. /s.talk\ntouches and is [editor]:don't think about the luck you couldn't get. /s.talk\ntouches and is [editor]:you must be thankful for what you have. /s.talk\n\ntouches and ISN'T [EDITOR]:if you want to order something,  please say \"**menu**\" or \"**order**\". /s.talk-long\n\nhears leaf:SORRY, WE DON'T HAVE LOOSE LEAF TEA AND COFFEE. /s.talk\nhears coffee:SORRY, WE DON'T HAVE LOOSE LEAF TEA AND COFFEE. /s.talk\n\nhears \"menu\": /shows menu ver 3 /giving\nhears \"order\": /shows menu ver 3 /giving\n\nTOUCHES AND ISN'T [EDITOR] AND THEY POSSESS *:IF YOU WANT TO REMOVE YOUR TEABAG,  SAY \"DELETE (TEANAME)\" OR \"REMOVE (TEANAME)\".  ALSO YOU CAN \"DELETE ALL\" OR \"REMOVE ALL\". /S.TALK-LONG\n\nHEARS \"DELETE ALL\":DONE! /THEY DON'T POSSESS * /S.TALK-SHORT\nHEARS \"REMOVE ALL\":DONE! /THEY DON'T POSSESS * /S.TALK-SHORT\n\nHEARS DELETE ASSAM:DONE! /THEY DON'T POSSESS ASSAM TEABAG /S.TALK-SHORT\nHEARS REMOVE ASSAM:DONE! /THEY DON'T POSSESS ASSAM TEABAG /S.TALK-SHORT\n\nHEARS DELETE CEYLON:DONE! /THEY DON'T POSSESS CEYLON TEABAG /S.TALK-SHORT\nHEARS REMOVE CEYLON:DONE! /THEY DON'T POSSESS CEYLON TEABAG /S.TALK-SHORT\n\nHEARS DELETE EARL:DONE! /THEY DON'T POSSESS EARL GREY TEABAG /S.TALK-SHORT\nHEARS REMOVE EARL:DONE! /THEY DON'T POSSESS EARL GREY TEABAG /S.TALK-SHORT\n\nHEARS DELETE ENGLISH:DONE! /THEY DON'T POSSESS ENGLISH BREAKFAST TEABAG /S.TALK-SHORT\nHEARS REMOVE ENGLISH:DONE! /THEY DON'T POSSESS ENGLISH BREAKFAST TEABAG /S.TALK-SHORT\n\nHEARS DELETE GREEN:DONE! /THEY DON'T POSSESS GREEN TEA TEABAG /S.TALK-SHORT\nHEARS REMOVE GREEN:DONE! /THEY DON'T POSSESS GREEN TEA TEABAG /S.TALK-SHORT\n\nHEARS \"ASSAM\" OR \"ASSAM TEA\": /+1 THEIR ASSAM TEABAG /GIVING\nHEARS \"CEYLON\" OR \"CEYLON TEA\": /+1 THEIR CEYLON TEABAG /GIVING\nHEARS \"EARL GREY\" OR \"EARLGREY\" OR \"EARL GREY TEA\": /+1 THEIR EARL GREY TEABAG /GIVING\nHEARS \"ENGLISH BREAKFAST\" OR \"ENGLISH BREAKFAST TEA\": /+1 THEIR ENGLISH BREAKFAST TEABAG /GIVING\nHEARS \"GREEN TEA\": /+1 THEIR GREEN TEA TEABAG /GIVING\nHEARS MILK: /GIVES MILK /GIVING\n\nhears cheese: /gives cheese cake.p /giving\nhears cream: /gives cream tea cake.p /giving\nhears strawberry: /gives strawberry cake.p /giving\nhears chocolate or choco: /gives chocolate pie.p /giving\nhears pumpkin: /gives pumpkin pie.p /giving\nhears fig cookie or \"fig\": /gives fig cookie.p /giving\nhears scone: /gives scone.p /giving\nhears milk: /gives milk /giving\n\nhears hi:hello [name]! /s.talk-short\nhears how are you:i'm good! thank you. /s.talk\nhears hello:hi [name]! /s.talk-short\nhears nice to meet you:nice to meet you too! /s.talk\nhears good morning:morning! /s.talk-short\nhears i love you:maybe me too! /s.talk\nhears love this world:thanks! /s.talk-short\n\nsomeone says GTG:WILL YOU LEAVE? BYE! /s.talk\nsomeone says BYE:BYE! /s.talk-short\nsomeone says CYA:SEE YOU LATER! /s.talk\nsomeone says SEE YOU LATER:SEE YOU LATER! /s.talk\nsomeone says c u later:see you later! /s.talk\n\nhears help:sorry, i can't.. i'm just an interacting thing. /s.talk\nhears bad:hmm. /s.talk-short\nhears can i get edit:no, sorry... /s.talk-short\nhears i want edits:no, sorry... /s.talk-short\nhears why:i don't know...? /s.talk\nhears edit:hmm.. i don't like to talk about that. /s.talk\nhears crazy:hmm. /s.talk-short\nhears are you:you guess. /s.talk-short\nhears i like:thanks! /s.talk-short\nhears i hate you:thank you! /s.talk-short\nhears \"rude\":you rude. /s.talk-short\nhears what are you doing:hmm.. just standing? /s.talk\nHEARS IDIOT:YOU? /s.talk-short\nHEARS FAGGOT:YOU? /s.talk-short\nHEARS COCK: /HARMS 80\nhears \"sex\": /harms 100\nhears show me the money:oh nooo... /s.talk-short\nhears robbery:what? nooooo.. /s.talk-short\n","reactsTo":["someone_says","someone_arrives"],"thingRefs":[["583c43bcee2fa56913f1c6e2","milk"],["583fbb7b0a3f526713b1b95a","giving"],["5840387be5b1b3ac13af031c","s.talk-short"],["5840388aa5fde15713894cf2","s.talk"],["58403896e35f215d1364256e","s.talk-long"],["5846425ebec0182813466ebd","cheese cake.p"],["584642659d3972e60fc14007","cream tea cake.p"],["584642811db6ae7d1314b457","strawberry cake.p"],["5846428b57b2488f131a672a","fig cookie.p"],["584642955a3fb3da0f4fd862","pumpkin pie.p"],["5846429ec805318413779ea6","chocolate pie.p"],["584642a65a3fb3da0f4fd863","scone.p"],["583c0b62428a3e9e13b11dee","green tea teabag"],["583c0a40daa7e3c51385e6a5","assam teabag"],["583c0b25428a3e9e13b11ded","english breakfast teabag"],["583c0afa19c463df0f92807b","earl grey teabag"],["583c0a7085212bcb13915e6c","ceylon teabag"],["58498b8fe446cee30fcfc066","menu ver 3"]]}}