{"base":"DYNATHING","creator":"5579b488d1653aa87994db3b","id":"585fcd72cf1e8d8d131ad654","name":"deco curtain-2","prop":{"attr":[10],"text":"0: cell 1 show, cell 2 show, cell 3 show, cell 4 show, cell 5 show, cell 6 show, cell 7 show, cell 8 show, cell 9 show, cell 4 left 29, cell 3 left 58, cell 2 left 87, cell 1 left 116, cell 6 right 29, cell 7 right 58, cell 8 right 87, cell 9 right 116, cell 1 down 10, cell 2 down 10, cell 3 down 10, cell 4 down 10, cell 5 down 10, cell 6 down 10, cell 7 down 10, cell 8 down 10, cell 9 down 10"}}