{"base":"DYNATHING","creator":"5579b488d1653aa87994db3b","id":"5869e608eb990324136638bc","name":"big straw","prop":{"text":"0: cell 1 show, cell 2 show, cell 3 show, cell 4 show, cell 5 show, cell 6 show, cell 7 show, cell 8 show, cell 2 right 29, cell 3 right 29, cell 4 right 29, cell 5 right 29, cell 6 right 29, cell 7 right 29, cell 8 right 29, cell 3 down 29, cell 4 down 58, cell 5 down 87, cell 6 down 116, cell 7 down 145, cell 8 down 174\n\n0: cell 1 pivot 63 -1, cell 2 pivot 34 0, cell 3 pivot 33 -29, cell 4 pivot 32 -58, cell 5 pivot 31 -87, cell 6 pivot 29 -116, cell 7 pivot 27 -145, cell 8 pivot 25 -174\n\n0: cell 1 ROTATE -15, cell 2 ROTATE -15, cell 3 ROTATE -15, cell 4 ROTATE -15, cell 5 ROTATE -15, cell 6 ROTATE -15, cell 7 ROTATE -15, cell 8 rotate -15, cell 1 up 13, cell 2 up 13, cell 3 up 13, cell 4 up 13, cell 5 up 13, cell 6 up 13, cell 7 up 13, cell 8 up 13, cell 1 left 2, cell 2 left 2, cell 3 left 2, cell 4 left 2, cell 5 left 2, cell 6 left 2, cell 7 left 2, cell 8 left 2"}}