{"base":"DYNATHING","creator":"5579b488d1653aa87994db3b","id":"586a78028ee8ea9613702d85","name":"cream (behind)","prop":{"attr":[4],"text":"0: cell 1 show, cell 2 show, cell 3 show, cell 4 show, cell 5 show, cell 6 show, cell 7 show, cell 8 show, cell 1 down 8, cell 2 down 31, cell 3 down 31, cell 4 down 31, cell 2 left 29, cell 4 right 29, cell 5 down 58, cell 6 down 58, cell 7 down 58, cell 8 down 58, cell 5 left 44, cell 6 left 15, cell 7 right 14, cell 8 right 43\n0: cell 1 up 1, cell 2 UP 1, cell 3 UP 1, cell 4 UP 1, cell 5 UP 1, cell 6 UP 1, cell 7 UP 1, cell 8 UP 1, cell 1 right 9, cell 2 right 9, cell 3 RIGHT 9, cell 4 RIGHT 9, cell 5 RIGHT 9, cell 6 RIGHT 9, cell 7 RIGHT 9, cell 8 RIGHT 9"}}