{"base":"DYNATHING","creator":"5579b488d1653aa87994db3b","id":"586d1537ad8ed6031122387c","name":"fake table","prop":{"attr":[9,1],"text":"0: cell 1 show\n0.1: cell 1 hide, cell 2 show, CELL 4 SHOW, CELL 4 ROTATE 6, CELL 5 SHOW, CELL 5 ROTATE -6, cell 6 show\n0.3: cell 2 hide, cell 3 show, cell 4 rotate -6, cell 5 rotate 6, cell 6 left 1\n0.5: cell 3 hide, cell 2 show, cell 2 FLIP HORIZONTAL, CELL 4 ROTATE 6, CELL 5 SHOW, CELL 5 ROTATE -6, CELL 6 right 1\n0.7: cell 2 hide, cell 3 show, cell 3 FLIP HORIZONTAL, CELL 4 ROTATE -6, CELL 5 SHOW, CELL 5 ROTATE 6, CELL 6 LEFT 1\n0.9: cell 3 hide, cell 2 show, cell 2 FLIP HORIZONTAL, CELL 4 ROTATE 6, CELL 5 SHOW, CELL 5 ROTATE -6, CELL 6 right 1\n1.1: cell 2 hide, cell 3 show, cell 3 FLIP HORIZONTAL, CELL 4 ROTATE -6, CELL 5 SHOW, CELL 5 ROTATE 6, CELL 6 LEFT 1\n1.3: cell 3 hide, cell 2 show, cell 2 FLIP HORIZONTAL, CELL 4 ROTATE 6, CELL 5 SHOW, CELL 5 ROTATE -6, cell 6 right 1\n1.5: cell 2 hide, cell 3 show, cell 3 FLIP HORIZONTAL, CELL 4 ROTATE -6, CELL 5 SHOW, CELL 5 ROTATE 6, CELL 6 LEFT 1\n1.7: cell 3 hide, cell 2 show, cell 2 FLIP HORIZONTAL, CELL 4 ROTATE 6, CELL 5 SHOW, CELL 5 ROTATE -6, cell 6 right 1\n1.9: cell 2 hide, cell 3 show, cell 3 FLIP HORIZONTAL, CELL 4 ROTATE -6, CELL 5 SHOW, CELL 5 ROTATE 6, CELL 6 LEFT 1\n2.1: cell 3 hide, cell 2 show, cell 2 FLIP HORIZONTAL, CELL 4 ROTATE 6, CELL 5 SHOW, CELL 5 ROTATE -6, cell 6 right 1\n2.3: cell 2 hide, cell 3 show, cell 3 FLIP HORIZONTAL, CELL 4 ROTATE -6, CELL 5 SHOW, CELL 5 ROTATE 6, CELL 6 LEFT 1\n2.5: cell 3 hide, cell 2 show, cell 2 FLIP HORIZONTAL, CELL 4 ROTATE 6, CELL 5 SHOW, CELL 5 ROTATE -6, cell 6 right 1\n2.7: cell 2 hide, cell 3 show, cell 3 FLIP HORIZONTAL, CELL 4 ROTATE -6, CELL 5 SHOW, CELL 5 ROTATE 6, CELL 6 LEFT 1\n2.9: cell 3 hide, cell 2 show, cell 2 FLIP HORIZONTAL, CELL 4 ROTATE 6, CELL 5 SHOW, CELL 5 ROTATE -6, cell 6 right 1\n3.1: cell 2 hide, cell 3 show, cell 3 FLIP HORIZONTAL, CELL 4 ROTATE -6, CELL 5 SHOW, CELL 5 ROTATE 6, CELL 6 LEFT 1\n3.3: cell 3 hide, cell 2 show, cell 2 FLIP HORIZONTAL, CELL 4 ROTATE 6, CELL 5 SHOW, CELL 5 ROTATE -6, CELL 6 right 1\n3.5: cell 2 hide, cell 3 show, cell 3 FLIP HORIZONTAL, CELL 4 ROTATE -6, CELL 5 SHOW, CELL 5 ROTATE 6, CELL 6 LEFT 1\n3.7: cell 3 hide, cell 2 show, cell 2 FLIP HORIZONTAL, CELL 4 ROTATE 6, CELL 5 SHOW, CELL 5 ROTATE -6, cell 6 right 1\n3.9: cell 2 hide, cell 3 show, cell 3 FLIP HORIZONTAL, CELL 4 ROTATE -6, CELL 5 SHOW, CELL 5 ROTATE 6, CELL 6 LEFT 1\n4: restart"}}