{"base":"DYNATHING","creator":"5579b488d1653aa87994db3b","id":"58fb2df0b10655bb135f2a27","name":"background 2","prop":{"attr":[4],"text":"0: CELL 1 SHOW, CELL 2 SHOW, CELL 3 SHOW, CELL 4 SHOW, CELL 5 SHOW, CELL 6 SHOW, CELL 1 LEFT 29, CELL 3 RIGHT 29, CELL 4 LEFT 29, CELL 6 RIGHT 29, CELL 1 DOWN 29, CELL 2 DOWN 29, CELL 3 DOWN 29, CELL 1 ROTATE -4, CELL 2 ROTATE -4, CELL 3 ROTATE -4, CELL 4 ROTATE -4, CELL 5 ROTATE -4, CELL 6 ROTATE -4, CELL 5 UP 2, CELL 5 LEFT 1, CELL 6 LEFT 2, CELL 6 UP 4, CELL 1 UP 1, CELL 1 RIGHT 2, CELL 2 UP 3, CELL 2 RIGHT 1, CELL 3 UP 5"}}