{"base":"DYNATHING","creator":"5579b488d1653aa87994db3b","id":"58feb44ae0b62163136cc4e9","name":"background 3-2","prop":{"attr":[4],"text":"0: CELL 1 SHOW, CELL 2 SHOW, CELL 3 SHOW, CELL 4 SHOW, CELL 5 SHOW, CELL 6 SHOW, CELL 1 LEFT 29, CELL 3 RIGHT 29, CELL 4 LEFT 29, CELL 6 RIGHT 29, CELL 1 DOWN 29, CELL 2 DOWN 29, CELL 3 DOWN 29, CELL 1 ROTATE 4, CELL 2 ROTATE 4, CELL 3 ROTATE 4, CELL 4 ROTATE 4, CELL 5 ROTATE 4, CELL 6 ROTATE 4, CELL 5 UP 2, CELL 5 righT 1, CELL 3 UP 1, CELL 3 lefT 2, CELL 2 UP 3, CELL 2 lefT 1, CELL 1 UP 5, cell 4 right 2, cell 4 up 4"}}