{"base":"READABLE","creator":"5579b488d1653aa87994db3b","id":"595dec5a98f4abd013ce6cc0","name":"guide 2 readable","prop":{"textSize":280,"rgb2":"217,217,217","rgb":"36,40,39","attr":[2],"textData":"~HOW TO GET YOUR TEA~\n\n1. JUST SAY \"ORDER\" OR \"MENU\"\n2. ORDER WHAT YOU WANT\n3. CHOOSE ANY SEAT\n4. take your teabag to the table.\n5. ENJOY!\n\n~HOW TO geT YOUR DESSERT~\n\n1. JUST SAY \"ORDER\" OR \"MENU\"\n2. ORDER WHAT YOU WANT\n3. CHOOSE ANY SEAT\n4. take your menu to the table.\n5. ENJOY!"}}