{"iix":["53f3714a66b2100d73d4ef6e","53f3714a66b2100d73d4ef6e","53f3695a4b7f11943a9eb372","53f374b2afc8524c5797ff7c","53f371acafc8524c5797ff75","53f36a16afc8524c5797ff60","53f36a674b7f11943a9eb376","53f377a166b2100d73d4ef80"],"ps":[[29,18,0,3,0,0],[30,18,2,0,0,0],[31,18,2,0,0,0],[29,17,0,0,0,0],[30,16,0,0,0,0],[31,15,4,0,0,0],[31,17,2,0,0,0],[30,17,2,0,0,0],[31,16,3,0,0,0],[31,14,6,0,0,0],[31,19,7,0,0,0],[24,11,5,0,0,0]],"v":32,"x":-1,"y":0,"i":{"b":["DECO","DECO","SOLID","DECOANIM","DECO","LIGHT","ENVIRONM","DECO"],"p":[null,null,null,{"attr":[9]},null,{"rgb":"42,0,42","attr":[2]},{"attr":[50]}],"n":["train slope","train slope","train part","train seat","train slope","thick purple dark","floating brick","train wheel"],"dr":[0,0,0,0,0,0,0,0]}}