{"ece":false,"wsh":"ws11x7.ws.manyland.com","wsp":80,"ifa":false,"ieh":false,"sub":true,"adr":{"angle":0,"speed":0},"apr":"INDIVIDUALS","spe":false,"acl":{"x":15,"y":15},"aad":{"areaName":"piss","title":"piss's final ad","allCount":1,"stablerAreaName":"piss","stablerTitle":"piss's final ad"},"aid":"5453142880d440615ef6e2f5","gid":"53ebd011d31b8354235a2d8f","iid":"585ca5535da0818513b48eac","arn":"oac'ca","aun":"kingbrownssanctum","agn":"king brown's sanctum","ard":"","axx":false,"aul":false,"mpv":8}