{"555af036baf36ec042b7e657":{"name":"dirge","isSuper":true,"isCreator":true},"546f966e49e15b8a137d0272":{"name":"shiro","isSuper":false,"isCreator":false},"5516a0b9bfc8bc9808e55af0":{"name":"hand","isSuper":false,"isCreator":false},"55377f72c335b8cf72f2eccc":{"name":"howl","isSuper":false,"isCreator":false},"54ff0ae69bf147a822f15d63":{"name":"axel","isSuper":false,"isCreator":false},"54ead4be0d6d9cce090e9b2d":{"name":"hyuponia","isSuper":false,"isCreator":false},"554216f1f5cb443c7cac5be6":{"name":"victor","isSuper":false,"isCreator":false},"52da65735b638b2e50000008":{"name":"squidface","isSuper":false,"isCreator":false},"55578a75cbb647f025e7c2d0":{"name":"tortle","isSuper":false,"isCreator":false},"54c0f9e6ab89a86f46d462d7":{"name":"-nicole-","isSuper":false,"isCreator":false},"54ccf0b237dcb7f8193fc4c1":{"name":"driift","isSuper":false,"isCreator":false},"557f637e66a088cb48526f6e":{"name":"lapis lazuli.","isSuper":false,"isCreator":false},"556b7ab6f2ac38260867faf4":{"name":"okra","isSuper":false,"isCreator":false},"54cd619b468063421cbb89b3":{"name":"kiryu","isSuper":false,"isCreator":false},"547efdcc9e8ae52a5ea71140":{"name":"lazari","isSuper":false,"isCreator":false},"544a9e2b7d4159ac0356416e":{"name":"schwarz","isSuper":false,"isCreator":false},"545d7314e29664ca56d0e68e":{"name":"jonny","isSuper":false,"isCreator":false},"548666cf8e7b165b5ccc897c":{"name":"samyak","isSuper":false,"isCreator":false},"565b328f8d8ad82b72f0b7c7":{"name":"ayz - mir.z","isSuper":false,"isCreator":false},"544c7474f06c47f141f4bc63":{"name":"ia. 8e-2748270000000","isSuper":false,"isCreator":false},"564b09331e06b52d129453c0":{"name":"xlna","isSuper":false,"isCreator":false},"5652673c2a2d9d77340890f5":{"name":"chron","isSuper":false,"isCreator":false},"547856d02d7b664b5fb8b7f6":{"name":"zorrie","isSuper":false,"isCreator":false},"56eb21c8f881572913f542d8":{"name":"fluffy plush-fluffy","isSuper":false,"isCreator":false},"54ecd001c30ba8503913591c":{"name":"blossom elric","isSuper":false,"isCreator":false},"544549cc0af9afc5132fb5b6":{"name":"cyel","isSuper":false,"isCreator":false}}