{"isCreator":false,"contents":[{"_id":"551c700664a118d23602b7d8","itemId":"546dee4f2dd3831e58ff38c1","flip":0,"rot":0,"z":0,"y":21,"x":122,"pageNo":0},{"_id":"551c700664a118d23602b7d9","itemId":"542a2a011b65581f4b95d23f","flip":0,"rot":0,"z":1,"y":19,"x":10,"pageNo":0},{"_id":"551c700664a118d23602b7da","itemId":"5391d6a97bdf676502f92bea","flip":0,"rot":0,"z":2,"y":19,"x":48,"pageNo":0},{"_id":"551c700664a118d23602b7db","itemId":"53eb9f388534266f180e0fd2","flip":0,"rot":0,"z":3,"y":19,"x":86,"pageNo":0},{"_id":"551c700664a118d23602b7dc","itemId":"54c61dcd3df419f155769ee6","flip":0,"rot":0,"z":4,"y":114,"x":10,"pageNo":0},{"_id":"551c700664a118d23602b7dd","itemId":"54b2955c6dfbde096a8cc7bd","flip":0,"rot":0,"z":5,"y":114,"x":124,"pageNo":0},{"_id":"551c700664a118d23602b7de","itemId":"54b2972713fdb55446ed7bc9","flip":0,"rot":0,"z":6,"y":67,"x":10,"pageNo":0},{"_id":"551c700664a118d23602b7df","itemId":"54871fe5505fccaf59dea29c","flip":0,"rot":0,"z":7,"y":67,"x":48,"pageNo":0},{"_id":"551c700664a118d23602b7e0","itemId":"54047ec2a8ae726f4b84fcaf","flip":0,"rot":0,"z":8,"y":67,"x":86,"pageNo":0},{"_id":"551c700664a118d23602b7e1","itemId":"54b2968f0eae9dc73bea7165","flip":0,"rot":0,"z":9,"y":67,"x":124,"pageNo":0},{"_id":"551c700664a118d23602b7e2","itemId":"551c6fefa0218215086bcfba","flip":0,"rot":0,"z":10,"y":94,"x":6,"pageNo":0},{"_id":"551c700664a118d23602b7e3","itemId":"551c6fa9894ef74b468d6c35","flip":0,"rot":0,"z":11,"y":96,"x":30,"pageNo":0},{"_id":"551c700664a118d23602b7e4","itemId":"551c6fa9894ef74b468d6c35","flip":0,"rot":0,"z":12,"y":95,"x":51,"pageNo":0},{"_id":"551c700664a118d23602b7e5","itemId":"551c6fa9894ef74b468d6c35","flip":0,"rot":0,"z":13,"y":98,"x":70,"pageNo":0},{"_id":"551c700664a118d23602b7e6","itemId":"551c6fa9894ef74b468d6c35","flip":0,"rot":0,"z":14,"y":95,"x":85,"pageNo":0},{"_id":"551c700664a118d23602b7e7","itemId":"551c6fa9894ef74b468d6c35","flip":0,"rot":0,"z":15,"y":96,"x":108,"pageNo":0},{"_id":"551c700664a118d23602b7e8","itemId":"551c6fefa0218215086bcfba","flip":1,"rot":0,"z":16,"y":97,"x":123,"pageNo":0}]}