{"base":"DYNATHING","creator":"543b37adb70f844613e3dd8d","id":"5bcbe12d0afff20d4b75331c","name":"quetzal","prop":{"text":"0: cell 1 show, cell 1 left 11, cell 1 down 10, cell 1 pivot 13 10, cell 2 show, cell 2 left 11, cell 2 down 10, cell 3 show, cell 3 left 31, cell 3 down 31, cell 4 show, cell 4 left 11, cell 4 down 10, cell 5 show, cell 5 left 11, cell 5 down 10, cell 5 pivot 19 12\n\n1: cell 4 flip horizontal, cell 4 right 8\n2: CELL 4 FLIP HORIZONTAL, CELL 4 left 8\n\n3-3.2: CELL 5 ROTATE -40, CELL 1 ROTATE 20\n3.2-3.4: CELL 5 ROTATE 40, CELL 1 ROTATE -20\n\n7-7.2: cell 5 rotate -40, cell 1 rotate 20\n7.2-7.4: cell 5 rotate 40, cell 1 rotate -20\n7.4-7.6: cell 5 rotate -50, cell 1 rotate 30\n7.6-7.8: cell 5 rotate 50, cell 1 rotate -30\n\n//15: restart\n"}}