{"base":"DYNATHING","creator":"543b37adb70f844613e3dd8d","id":"5bcbe177440c37362287b057","name":"waterfall splash","prop":{"text":"0: CELL 1 SHOW, cell 2 show, CELL 4 SHOW, cell 5 show, CELL 7 SHOW, cell 8 show, cell 1 right 2, cell 2 right 2, cell 3 right 2, CELL 4 RIGHT 27, CELL 5 RIGHT 27, CELL 6 RIGHT 27, CELL 7 RIGHT 50, CELL 8 RIGHT 50, CELL 9 RIGHT 50, CELLS DOWN 7\n\n0-1: CELL 1 HIDE, CELL 4 HIDE, CELL 7 HIDE, CELL 3 SHOW, CELL 6 SHOW, CELL 9 SHOW\n1-2: CELL 2 HIDE, CELL 5 HIDE, CELL 8 HIDE, CELL 1 SHOW, CELL 4 SHOW, CELL 7 SHOW\n2-3: CELL 3 HIDE, CELL 6 HIDE, CELL 9 HIDE, CELL 2 SHOW, CELL 5 SHOW, CELL 8 SHOW\n3: RESTART\n\n"}}