{"base":"DYNATHING","creator":"543b37adb70f844613e3dd8d","id":"5bcbe1a728e13f362933e741","name":"waterfall top","prop":{"text":"0:  cells show, cells left 10, cell 1 crop 0 2 29 29, cell 2 crop 0 2 29 29, cell 3 crop 0 2 29 29, cell 4 crop 0 2 29 29, cell 1 up 29, cell 2 up 29, cell 4 up 58,  cell 5 right 25, cell 6 right 25, cell 7 right 25, cell 8 right 25, cell 5 crop 0 2 33 29, cell 6 crop 0 2 33 29, cell 7 crop 0 2 33 29, cell 8 crop 0 2 33 29, cell 5 up 29, cell 6 up 29, cell 8 up 58\n0-2: cell 1 down 58, cell 3 down 58, cell 5 down 58, cell 7 down 58\n1-3: cell 2 down 58, cell 4 down 58, cell 6 down 58, cell 8 down 58\n3: restart\n"}}