{"base":"INTERACT","creator":"543b37adb70f844613e3dd8d","id":"5bce15634520f448f6876f02","name":"make quetzal fly","prop":{"textSize":242,"attr":[1,6,5],"textData":"reaches: /plays bird scream echo /PLACES AUDIO-FREE VISUAL-FREE 13S quetzal flying 1 0\n\nreaches: /plays bird /PLACES AUDIO-FREE VISUAL-FREE 13S quetzal flying 1 0\n\nreaches: /plays birds /PLACES AUDIO-FREE VISUAL-FREE 13S quetzal flying 1 0\n\n\n","checksNears":true,"thingRefs":[["5bcbcea464c04420c4d9d9f1","quetzal flying"],["55db474b7791f67b2aaa9f76","bird scream echo"],["53c7bc387953f3385bc5aa6e","bird"],["53c7c1b535c095c85e80bac7","birds"]]}}