{"base":"DYNATHING","creator":"533520bf11ef64363f000d5c","id":"5438c00a9a23ca414d623262","name":"film projector","prop":{"attr":[9,1,3],"text":"0s:cell 1 show\n0.2s:cell 1 show, cell 3 show\n0.7s:cell 1 hide, cell 3 hide, cell 2 show, cell 4 show\n1.2s:cell 2 hide, cell 4 hide, cell 1 show, cell 3 show\n1.7S:CELL 1 HIDE, CELL 3 HIDE, CELL 2 SHOW, CELL 4 SHOW\n2.2S:CELL 2 HIDE, CELL 4 HIDE, CELL 1 SHOW, CELL 3 SHOW\n2.7S:CELL 1 HIDE, CELL 3 HIDE, CELL 2 SHOW, CELL 4 SHOW\n3.2S:CELL 2 HIDE, CELL 4 HIDE, CELL 1 SHOW, CELL 3 SHOW\n3.7S:CELL 1 HIDE, CELL 3 HIDE, CELL 2 SHOW, CELL 4 SHOW\n4.2S:CELL 2 HIDE, CELL 4 HIDE, CELL 1 SHOW, CELL 3 SHOW\n4.7S:CELL 1 HIDE, CELL 3 HIDE, CELL 2 SHOW, CELL 4 SHOW\n5.2s:restart"}}