{"isCreator":false,"contents":[{"_id":"557ca8c6ab40edef3adabb3c","itemId":"557973bcdbb4e0591eb5dc1c","flip":0,"rot":0,"z":0,"y":57,"x":47,"pageNo":1},{"_id":"557ca8c6ab40edef3adabb3d","itemId":"556713565bbd8703511c779b","flip":0,"rot":0,"z":1,"y":19,"x":86,"pageNo":1},{"_id":"557ca8c6ab40edef3adabb3e","itemId":"5567132ec64bd5c0076cdf8c","flip":0,"rot":0,"z":2,"y":19,"x":48,"pageNo":1},{"_id":"557ca8c6ab40edef3adabb3f","itemId":"5579737bab8067571e3c8907","flip":0,"rot":0,"z":3,"y":57,"x":85,"pageNo":1},{"_id":"557ca8c6ab40edef3adabb40","itemId":"5566e923dc6de9a304898367","flip":0,"rot":0,"z":4,"y":95,"x":123,"pageNo":1},{"_id":"557ca8c6ab40edef3adabb41","itemId":"5566e0b1dc743f600b5bcb72","flip":0,"rot":0,"z":5,"y":95,"x":85,"pageNo":1},{"_id":"557ca8c6ab40edef3adabb42","itemId":"55671e4daf7b1e9a08a88b0d","flip":0,"rot":0,"z":6,"y":95,"x":47,"pageNo":1},{"_id":"557ca8c6ab40edef3adabb43","itemId":"5571ac019c57c51c0824587d","flip":0,"rot":0,"z":7,"y":10,"x":123,"pageNo":1},{"_id":"557ca8c6ab40edef3adabb44","itemId":"556969ed8b21044379577f32","flip":0,"rot":0,"z":8,"y":57,"x":123,"pageNo":1},{"_id":"557ca8c6ab40edef3adabb45","itemId":"557c05a66bb22ced3ae640b5","flip":0,"rot":0,"z":9,"y":95,"x":9,"pageNo":1},{"_id":"557ca8c6ab40edef3adabb46","itemId":"5565f3ea12acb83147b5066a","flip":0,"rot":0,"z":10,"y":19,"x":9,"pageNo":1},{"_id":"557ca8c6ab40edef3adabb47","itemId":"557c03c3f22b9ff823e7c6c4","flip":0,"rot":0,"z":11,"y":57,"x":9,"pageNo":1},{"_id":"557cc3ddf22b9ff823e7cd51","itemId":"55657cebbdd3248b656e90ab","flip":0,"rot":0,"z":0,"y":0,"x":0,"pageNo":0},{"_id":"557cc3ddf22b9ff823e7cd52","itemId":"55657cebbdd3248b656e90ab","flip":0,"rot":0,"z":1,"y":0,"x":0,"pageNo":0},{"_id":"557cc3ddf22b9ff823e7cd53","itemId":"55658281cdf3e6760a0a09b3","flip":0,"rot":0,"z":2,"y":19,"x":0,"pageNo":0},{"_id":"557cc3ddf22b9ff823e7cd54","itemId":"55658281cdf3e6760a0a09b3","flip":0,"rot":0,"z":3,"y":19,"x":0,"pageNo":0},{"_id":"557cc3ddf22b9ff823e7cd55","itemId":"5565857bcdf3e6760a0a09b8","flip":0,"rot":0,"z":4,"y":3,"x":130,"pageNo":0},{"_id":"557cc3ddf22b9ff823e7cd56","itemId":"5565857bcdf3e6760a0a09b8","flip":0,"rot":0,"z":5,"y":3,"x":130,"pageNo":0},{"_id":"557cc3ddf22b9ff823e7cd57","itemId":"55658dfc7fdeaa780a6cbbb0","flip":0,"rot":0,"z":6,"y":21,"x":129,"pageNo":0},{"_id":"557cc3ddf22b9ff823e7cd58","itemId":"55658dfc7fdeaa780a6cbbb0","flip":0,"rot":0,"z":7,"y":21,"x":129,"pageNo":0},{"_id":"557cc3ddf22b9ff823e7cd59","itemId":"55659ac68240ea8765298d2d","flip":0,"rot":0,"z":8,"y":91,"x":-2,"pageNo":0},{"_id":"557cc3ddf22b9ff823e7cd5a","itemId":"55659ae5bb846ca645d361ed","flip":0,"rot":0,"z":9,"y":60,"x":1,"pageNo":0},{"_id":"557cc3ddf22b9ff823e7cd5b","itemId":"5569714084e7521808ff85aa","flip":0,"rot":0,"z":10,"y":113,"x":-1,"pageNo":0},{"_id":"557cc3ddf22b9ff823e7cd5c","itemId":"55659acd7b5a7ebd7acca11a","flip":0,"rot":0,"z":11,"y":78,"x":3,"pageNo":0},{"_id":"557cc3ddf22b9ff823e7cd5d","itemId":"556588c51e7ecfbf7a931f7f","flip":0,"rot":0,"z":12,"y":38,"x":0,"pageNo":0},{"_id":"557cc3ddf22b9ff823e7cd5e","itemId":"55659ac68240ea8765298d2d","flip":0,"rot":0,"z":13,"y":91,"x":-2,"pageNo":0},{"_id":"557cc3ddf22b9ff823e7cd5f","itemId":"5565f9e57de1fe364792d3cb","flip":0,"rot":0,"z":14,"y":3,"x":20,"pageNo":0},{"_id":"557cc3ddf22b9ff823e7cd60","itemId":"5569714084e7521808ff85aa","flip":0,"rot":0,"z":15,"y":113,"x":-1,"pageNo":0},{"_id":"557cc3ddf22b9ff823e7cd61","itemId":"5565f4da12acb83147b50671","flip":0,"rot":0,"z":16,"y":76,"x":38,"pageNo":0},{"_id":"557cc3ddf22b9ff823e7cd62","itemId":"55657f97381edc740a88eb20","flip":0,"rot":0,"z":17,"y":76,"x":114,"pageNo":0},{"_id":"557cc3ddf22b9ff823e7cd63","itemId":"55657ffaf24f6ebb7a5a7348","flip":0,"rot":1,"z":18,"y":76,"x":133,"pageNo":0},{"_id":"557cc3ddf22b9ff823e7cd64","itemId":"55659d5c8240ea8765298d33","flip":0,"rot":0,"z":19,"y":95,"x":38,"pageNo":0},{"_id":"557cc3ddf22b9ff823e7cd65","itemId":"5565803dcc6d808d6560f039","flip":0,"rot":2,"z":20,"y":95,"x":133,"pageNo":0},{"_id":"557cc3ddf22b9ff823e7cd66","itemId":"556588c51e7ecfbf7a931f7f","flip":0,"rot":0,"z":21,"y":38,"x":0,"pageNo":0},{"_id":"557cc3ddf22b9ff823e7cd67","itemId":"556580757984d0a445b47680","flip":0,"rot":3,"z":22,"y":95,"x":114,"pageNo":0},{"_id":"557cc3ddf22b9ff823e7cd68","itemId":"5565f9e57de1fe364792d3cb","flip":0,"rot":0,"z":23,"y":3,"x":20,"pageNo":0},{"_id":"557cc3ddf22b9ff823e7cd69","itemId":"55696854e4f85df20f19e736","flip":0,"rot":0,"z":24,"y":113,"x":19,"pageNo":0},{"_id":"557cc3ddf22b9ff823e7cd6a","itemId":"55657f97381edc740a88eb20","flip":0,"rot":0,"z":25,"y":76,"x":114,"pageNo":0},{"_id":"557cc3ddf22b9ff823e7cd6b","itemId":"5565fdbc89bb22577ce24e36","flip":0,"rot":0,"z":26,"y":57,"x":19,"pageNo":0},{"_id":"557cc3ddf22b9ff823e7cd6c","itemId":"55657ffaf24f6ebb7a5a7348","flip":0,"rot":1,"z":27,"y":76,"x":133,"pageNo":0},{"_id":"557cc3ddf22b9ff823e7cd6d","itemId":"5565f9154df77633473ea221","flip":0,"rot":0,"z":28,"y":19,"x":19,"pageNo":0},{"_id":"557cc3ddf22b9ff823e7cd6e","itemId":"5565803dcc6d808d6560f039","flip":0,"rot":2,"z":29,"y":95,"x":133,"pageNo":0},{"_id":"557cc3ddf22b9ff823e7cd6f","itemId":"55659fc87fdeaa780a6cbbd2","flip":0,"rot":0,"z":30,"y":38,"x":19,"pageNo":0},{"_id":"557cc3ddf22b9ff823e7cd70","itemId":"556580757984d0a445b47680","flip":0,"rot":3,"z":31,"y":95,"x":114,"pageNo":0},{"_id":"557cc3ddf22b9ff823e7cd71","itemId":"556ec035887ce88222e3ec73","flip":0,"rot":0,"z":32,"y":18,"x":110,"pageNo":0},{"_id":"557cc3ddf22b9ff823e7cd72","itemId":"55696854e4f85df20f19e736","flip":0,"rot":0,"z":33,"y":113,"x":19,"pageNo":0},{"_id":"557cc3ddf22b9ff823e7cd73","itemId":"556592f5cdf3e6760a0a09f2","flip":0,"rot":0,"z":34,"y":0,"x":95,"pageNo":0},{"_id":"557cc3ddf22b9ff823e7cd74","itemId":"5565fdbc89bb22577ce24e36","flip":0,"rot":0,"z":35,"y":57,"x":19,"pageNo":0},{"_id":"557cc3ddf22b9ff823e7cd75","itemId":"556593e72d89fd8965be6f5d","flip":0,"rot":0,"z":36,"y":19,"x":95,"pageNo":0},{"_id":"557cc3ddf22b9ff823e7cd76","itemId":"5565f9154df77633473ea221","flip":0,"rot":0,"z":37,"y":19,"x":19,"pageNo":0},{"_id":"557cc3ddf22b9ff823e7cd77","itemId":"556c44c6c1ed5ec30ae4ea13","flip":0,"rot":0,"z":38,"y":112,"x":40,"pageNo":0},{"_id":"557cc3ddf22b9ff823e7cd78","itemId":"55659fc87fdeaa780a6cbbd2","flip":0,"rot":0,"z":39,"y":38,"x":19,"pageNo":0},{"_id":"557cc3ddf22b9ff823e7cd79","itemId":"5566ea6a2be5b5a80ece6d66","flip":0,"rot":1,"z":40,"y":114,"x":114,"pageNo":0},{"_id":"557cc3ddf22b9ff823e7cd7a","itemId":"556ec035887ce88222e3ec73","flip":0,"rot":0,"z":41,"y":18,"x":110,"pageNo":0},{"_id":"557cc3ddf22b9ff823e7cd7b","itemId":"5566ea7b415b32844eadc501","flip":0,"rot":0,"z":42,"y":114,"x":95,"pageNo":0},{"_id":"557cc3ddf22b9ff823e7cd7c","itemId":"556592f5cdf3e6760a0a09f2","flip":0,"rot":0,"z":43,"y":0,"x":95,"pageNo":0},{"_id":"557cc3ddf22b9ff823e7cd7d","itemId":"5565ff4ab5a897b40e349bd5","flip":0,"rot":0,"z":44,"y":114,"x":57,"pageNo":0},{"_id":"557cc3ddf22b9ff823e7cd7e","itemId":"556593e72d89fd8965be6f5d","flip":0,"rot":0,"z":45,"y":19,"x":95,"pageNo":0},{"_id":"557cc3ddf22b9ff823e7cd7f","itemId":"5565ff5c570508567c856a11","flip":0,"rot":1,"z":46,"y":114,"x":76,"pageNo":0},{"_id":"557cc3ddf22b9ff823e7cd80","itemId":"5566ccaeae39f9890a1c531a","flip":0,"rot":0,"z":47,"y":76,"x":19,"pageNo":0},{"_id":"557cc3ddf22b9ff823e7cd81","itemId":"556980ea8b21044379577f7f","flip":0,"rot":0,"z":48,"y":95,"x":76,"pageNo":0},{"_id":"557cc3ddf22b9ff823e7cd82","itemId":"5566e615d9b8f60004460a93","flip":0,"rot":0,"z":49,"y":95,"x":19,"pageNo":0},{"_id":"557cc3ddf22b9ff823e7cd83","itemId":"5571aca47d24d8a56d9268eb","flip":0,"rot":0,"z":50,"y":38,"x":38,"pageNo":0},{"_id":"557cc3ddf22b9ff823e7cd84","itemId":"556c44c6c1ed5ec30ae4ea13","flip":0,"rot":0,"z":51,"y":112,"x":40,"pageNo":0},{"_id":"557cc3ddf22b9ff823e7cd85","itemId":"5571a9045af8861a08b09116","flip":0,"rot":0,"z":52,"y":19,"x":38,"pageNo":0},{"_id":"557cc3ddf22b9ff823e7cd86","itemId":"5566ea6a2be5b5a80ece6d66","flip":0,"rot":1,"z":53,"y":114,"x":114,"pageNo":0},{"_id":"557cc3ddf22b9ff823e7cd87","itemId":"556975d556ca6104581e1967","flip":0,"rot":0,"z":54,"y":0,"x":38,"pageNo":0},{"_id":"557cc3ddf22b9ff823e7cd88","itemId":"5566ea7b415b32844eadc501","flip":0,"rot":0,"z":55,"y":114,"x":95,"pageNo":0},{"_id":"557cc3ddf22b9ff823e7cd89","itemId":"55659033bdd3248b656e90ce","flip":0,"rot":0,"z":56,"y":38,"x":57,"pageNo":0},{"_id":"557cc3ddf22b9ff823e7cd8a","itemId":"5565ff4ab5a897b40e349bd5","flip":0,"rot":0,"z":57,"y":114,"x":57,"pageNo":0},{"_id":"557cc3ddf22b9ff823e7cd8b","itemId":"55697266bc7fe0f40fea695d","flip":0,"rot":0,"z":58,"y":19,"x":57,"pageNo":0},{"_id":"557cc3ddf22b9ff823e7cd8c","itemId":"5565ff5c570508567c856a11","flip":0,"rot":1,"z":59,"y":114,"x":76,"pageNo":0},{"_id":"557cc3ddf22b9ff823e7cd8d","itemId":"5572d9871fde401908795635","flip":0,"rot":0,"z":60,"y":0,"x":57,"pageNo":0},{"_id":"557cc3ddf22b9ff823e7cd8e","itemId":"5566ef7ce6daaad6050fc655","flip":0,"rot":0,"z":61,"y":95,"x":57,"pageNo":0},{"_id":"557cc3ddf22b9ff823e7cd8f","itemId":"556c422cc2e0674e5c60c9ba","flip":0,"rot":0,"z":62,"y":57,"x":38,"pageNo":0},{"_id":"557cc3ddf22b9ff823e7cd90","itemId":"556980ea8b21044379577f7f","flip":0,"rot":0,"z":63,"y":95,"x":76,"pageNo":0},{"_id":"557cc3ddf22b9ff823e7cd91","itemId":"5566c189226cfe016bab1b0a","flip":0,"rot":0,"z":64,"y":57,"x":57,"pageNo":0},{"_id":"557cc3ddf22b9ff823e7cd92","itemId":"5571aca47d24d8a56d9268eb","flip":0,"rot":0,"z":65,"y":38,"x":38,"pageNo":0},{"_id":"557cc3ddf22b9ff823e7cd93","itemId":"556efd902b5fc0240b138021","flip":0,"rot":0,"z":66,"y":37,"x":76,"pageNo":0},{"_id":"557cc3ddf22b9ff823e7cd94","itemId":"5571a9045af8861a08b09116","flip":0,"rot":0,"z":67,"y":19,"x":38,"pageNo":0},{"_id":"557cc3ddf22b9ff823e7cd95","itemId":"556efe30b4dfd81d0ee0ba8a","flip":0,"rot":0,"z":68,"y":19,"x":74,"pageNo":0},{"_id":"557cc3ddf22b9ff823e7cd96","itemId":"556975d556ca6104581e1967","flip":0,"rot":0,"z":69,"y":0,"x":38,"pageNo":0},{"_id":"557cc3ddf22b9ff823e7cd97","itemId":"556efe469575fe28235e680f","flip":0,"rot":0,"z":70,"y":-1,"x":77,"pageNo":0},{"_id":"557cc3ddf22b9ff823e7cd98","itemId":"55659033bdd3248b656e90ce","flip":0,"rot":0,"z":71,"y":38,"x":57,"pageNo":0},{"_id":"557cc3ddf22b9ff823e7cd99","itemId":"5571aa04f564052427595c4c","flip":0,"rot":3,"z":72,"y":57,"x":112,"pageNo":0},{"_id":"557cc3ddf22b9ff823e7cd9a","itemId":"55697266bc7fe0f40fea695d","flip":0,"rot":0,"z":73,"y":19,"x":57,"pageNo":0},{"_id":"557cc3ddf22b9ff823e7cd9b","itemId":"5571a9e55af8861a08b09119","flip":0,"rot":1,"z":74,"y":38,"x":129,"pageNo":0},{"_id":"557cc3ddf22b9ff823e7cd9c","itemId":"5572d9871fde401908795635","flip":0,"rot":0,"z":75,"y":0,"x":57,"pageNo":0},{"_id":"557cc3ddf22b9ff823e7cd9d","itemId":"5571a980d5f4c3262723794a","flip":0,"rot":2,"z":76,"y":58,"x":131,"pageNo":0},{"_id":"557cc3ddf22b9ff823e7cd9e","itemId":"556c422cc2e0674e5c60c9ba","flip":0,"rot":0,"z":77,"y":57,"x":38,"pageNo":0},{"_id":"557cc3ddf22b9ff823e7cd9f","itemId":"5571a921e28e7028271e6e63","flip":0,"rot":0,"z":78,"y":38,"x":113,"pageNo":0},{"_id":"557cc3ddf22b9ff823e7cda0","itemId":"5566c189226cfe016bab1b0a","flip":0,"rot":0,"z":79,"y":57,"x":57,"pageNo":0},{"_id":"557cc3ddf22b9ff823e7cda1","itemId":"5566cbb62f83e0bc6bdd971a","flip":0,"rot":0,"z":80,"y":57,"x":76,"pageNo":0},{"_id":"557cc3ddf22b9ff823e7cda2","itemId":"556efd902b5fc0240b138021","flip":0,"rot":0,"z":81,"y":37,"x":76,"pageNo":0},{"_id":"557cc3ddf22b9ff823e7cda3","itemId":"5565a02ccc6d808d6560f091","flip":0,"rot":0,"z":82,"y":57,"x":95,"pageNo":0},{"_id":"557cc3ddf22b9ff823e7cda4","itemId":"556efe30b4dfd81d0ee0ba8a","flip":0,"rot":0,"z":83,"y":19,"x":74,"pageNo":0},{"_id":"557cc3ddf22b9ff823e7cda5","itemId":"5566d5970ade931d4c36e068","flip":0,"rot":0,"z":84,"y":78,"x":85,"pageNo":0},{"_id":"557cc3ddf22b9ff823e7cda6","itemId":"556efe469575fe28235e680f","flip":0,"rot":0,"z":85,"y":-1,"x":77,"pageNo":0},{"_id":"557cc3ddf22b9ff823e7cda7","itemId":"5565f4da12acb83147b50671","flip":0,"rot":0,"z":86,"y":38,"x":95,"pageNo":0},{"_id":"557cc3ddf22b9ff823e7cda8","itemId":"5571aa04f564052427595c4c","flip":0,"rot":3,"z":87,"y":57,"x":112,"pageNo":0},{"_id":"557cc3ddf22b9ff823e7cda9","itemId":"55659ae5bb846ca645d361ed","flip":0,"rot":0,"z":88,"y":76,"x":0,"pageNo":0},{"_id":"557cc3ddf22b9ff823e7cdaa","itemId":"5571a9e55af8861a08b09119","flip":0,"rot":1,"z":89,"y":38,"x":129,"pageNo":0},{"_id":"557cc3ddf22b9ff823e7cdab","itemId":"55659acd7b5a7ebd7acca11a","flip":0,"rot":0,"z":90,"y":95,"x":19,"pageNo":0},{"_id":"557cc3ddf22b9ff823e7cdac","itemId":"5571a980d5f4c3262723794a","flip":0,"rot":2,"z":91,"y":58,"x":131,"pageNo":0},{"_id":"557cc3ddf22b9ff823e7cdad","itemId":"5571a921e28e7028271e6e63","flip":0,"rot":0,"z":92,"y":38,"x":113,"pageNo":0},{"_id":"557cc3ddf22b9ff823e7cdae","itemId":"5566cbb62f83e0bc6bdd971a","flip":0,"rot":0,"z":93,"y":57,"x":76,"pageNo":0},{"_id":"557cc3ddf22b9ff823e7cdaf","itemId":"55659d5c8240ea8765298d33","flip":0,"rot":0,"z":94,"y":76,"x":57,"pageNo":0},{"_id":"557cc3ddf22b9ff823e7cdb0","itemId":"5565a02ccc6d808d6560f091","flip":0,"rot":0,"z":95,"y":57,"x":95,"pageNo":0},{"_id":"557cc3ddf22b9ff823e7cdb1","itemId":"5566ef7ce6daaad6050fc655","flip":0,"rot":0,"z":96,"y":95,"x":38,"pageNo":0},{"_id":"557cc3ddf22b9ff823e7cdb2","itemId":"5565f858537e994c67db4d37","flip":0,"rot":0,"z":97,"y":76,"x":57,"pageNo":0},{"_id":"557cc3ddf22b9ff823e7cdb3","itemId":"5565f858537e994c67db4d37","flip":0,"rot":0,"z":98,"y":95,"x":57,"pageNo":0},{"_id":"557cc3ddf22b9ff823e7cdb4","itemId":"5566d5970ade931d4c36e068","flip":0,"rot":0,"z":99,"y":78,"x":85,"pageNo":0},{"_id":"557cc3ddf22b9ff823e7cdb5","itemId":"5566de46dc743f600b5bcb6d","flip":0,"rot":0,"z":100,"y":57,"x":4,"pageNo":0},{"_id":"557cc3ddf22b9ff823e7cdb6","itemId":"5566e615d9b8f60004460a93","flip":0,"rot":0,"z":101,"y":76,"x":38,"pageNo":0},{"_id":"557cc3ddf22b9ff823e7cdb7","itemId":"5566ccaeae39f9890a1c531a","flip":0,"rot":0,"z":102,"y":76,"x":19,"pageNo":0},{"_id":"55f9470df716ba196a28bf7c","itemId":"5566dd1adc743f600b5bcb6c","flip":0,"rot":0,"z":0,"y":42,"x":64,"pageNo":2},{"_id":"55f9470df716ba196a28bf7d","itemId":"5569543c041dcf1608cc8a8f","flip":0,"rot":0,"z":1,"y":0,"x":19,"pageNo":2},{"_id":"55f9470df716ba196a28bf7e","itemId":"557bfbf36bb22ced3ae640a1","flip":0,"rot":0,"z":2,"y":57,"x":67,"pageNo":2},{"_id":"55f9470df716ba196a28bf7f","itemId":"5566f1f4809ad2224f515607","flip":0,"rot":0,"z":3,"y":57,"x":29,"pageNo":2},{"_id":"55f9470df716ba196a28bf80","itemId":"5566bfbed343f63b015ea17d","flip":0,"rot":0,"z":4,"y":2,"x":2,"pageNo":2}]}