{"isCreator":false,"contents":[{"_id":"56058bcbccf7af8211e59841","itemId":"55fd6012710c407b11d256c9","flip":0,"rot":0,"z":0,"y":6,"x":0,"pageNo":0},{"_id":"56058bcbccf7af8211e59842","itemId":"55fd174e926ed55114d61b9b","flip":0,"rot":0,"z":1,"y":10,"x":19,"pageNo":0},{"_id":"56058bcbccf7af8211e59843","itemId":"55fc5d6d88752e5314892793","flip":0,"rot":0,"z":2,"y":10,"x":38,"pageNo":0},{"_id":"56058bcbccf7af8211e59844","itemId":"55fc5c6229c6822f14ea027a","flip":0,"rot":0,"z":3,"y":10,"x":57,"pageNo":0},{"_id":"56058bcbccf7af8211e59845","itemId":"55fbf4d5926ed55114d614d3","flip":0,"rot":0,"z":4,"y":10,"x":76,"pageNo":0},{"_id":"56058bcbccf7af8211e59846","itemId":"55fbf4302750cacc1b6f0975","flip":0,"rot":0,"z":5,"y":10,"x":95,"pageNo":0},{"_id":"56058bcbccf7af8211e59847","itemId":"55fbf3f229c6822f14ea00b3","flip":0,"rot":0,"z":6,"y":10,"x":114,"pageNo":0},{"_id":"56058bcbccf7af8211e59848","itemId":"55fbe3e82d49c42c14bf185f","flip":0,"rot":0,"z":7,"y":10,"x":133,"pageNo":0},{"_id":"56058bcbccf7af8211e59849","itemId":"55fbe311559e2454145711e4","flip":0,"rot":0,"z":8,"y":30,"x":-1,"pageNo":0},{"_id":"56058bcbccf7af8211e5984a","itemId":"55fbe2088e7ebd7c11d0dd6b","flip":0,"rot":0,"z":9,"y":28,"x":23,"pageNo":0},{"_id":"56058bcbccf7af8211e5984b","itemId":"55fbdf5579abbbdb123b4826","flip":0,"rot":0,"z":10,"y":30,"x":41,"pageNo":0},{"_id":"56058bcbccf7af8211e5984c","itemId":"55fbddf57358bb7a11435df9","flip":0,"rot":0,"z":11,"y":28,"x":61,"pageNo":0},{"_id":"56058bcbccf7af8211e5984d","itemId":"55faa04fdf033f3b7ed1b515","flip":0,"rot":0,"z":12,"y":30,"x":78,"pageNo":0},{"_id":"56058bcbccf7af8211e5984e","itemId":"55fa9c41ae49e2cb3bad1b68","flip":0,"rot":0,"z":13,"y":32,"x":97,"pageNo":0},{"_id":"56058bcbccf7af8211e5984f","itemId":"55fa9b62046bc95966a75df7","flip":0,"rot":0,"z":14,"y":30,"x":114,"pageNo":0},{"_id":"56058bcbccf7af8211e59850","itemId":"55fa7d32376a18781d215eca","flip":0,"rot":0,"z":15,"y":32,"x":134,"pageNo":0},{"_id":"56058bcbccf7af8211e59851","itemId":"55fa7af5a607b9146a35f95f","flip":0,"rot":0,"z":16,"y":50,"x":1,"pageNo":0},{"_id":"56058bcbccf7af8211e59852","itemId":"55fa7e83db7ad2186ab8492f","flip":0,"rot":0,"z":17,"y":48,"x":19,"pageNo":0},{"_id":"56058bcbccf7af8211e59853","itemId":"55fa7e52f716ba196a28c821","flip":0,"rot":0,"z":18,"y":49,"x":39,"pageNo":0},{"_id":"56058bcbccf7af8211e59854","itemId":"55fa5a1ede6f53791d0558d0","flip":0,"rot":0,"z":19,"y":70,"x":61,"pageNo":0},{"_id":"56058bcbccf7af8211e59855","itemId":"55fa5a00a8901c7a1d210b91","flip":0,"rot":0,"z":20,"y":68,"x":89,"pageNo":0},{"_id":"56058bcbccf7af8211e59856","itemId":"55fa550aa07753781134d7d3","flip":0,"rot":0,"z":21,"y":48,"x":112,"pageNo":0},{"_id":"56058bcbccf7af8211e59857","itemId":"55fa5278a8901c7a1d210b59","flip":0,"rot":0,"z":22,"y":48,"x":133,"pageNo":0},{"_id":"56058bcbccf7af8211e59858","itemId":"55fa50dff716ba196a28c7b6","flip":0,"rot":0,"z":23,"y":67,"x":115,"pageNo":0},{"_id":"56058bcbccf7af8211e59859","itemId":"55fa4ebba607b9146a35f8fb","flip":0,"rot":0,"z":24,"y":69,"x":134,"pageNo":0},{"_id":"56058bcbccf7af8211e5985a","itemId":"55fa4ce939c37b7e1140dab7","flip":0,"rot":0,"z":25,"y":88,"x":114,"pageNo":0},{"_id":"56058bcbccf7af8211e5985b","itemId":"55fa4ada9dc681762b240335","flip":0,"rot":0,"z":26,"y":67,"x":0,"pageNo":0},{"_id":"56058bcbccf7af8211e5985c","itemId":"55fa43c4a07753781134d7b1","flip":0,"rot":0,"z":27,"y":70,"x":20,"pageNo":0},{"_id":"56058bcbccf7af8211e5985d","itemId":"55fa4361de6f53791d0558b7","flip":0,"rot":0,"z":28,"y":66,"x":40,"pageNo":0},{"_id":"56058bcbccf7af8211e5985e","itemId":"55fa2fecc7081b752bbb9101","flip":0,"rot":0,"z":29,"y":111,"x":8,"pageNo":0},{"_id":"56058bcbccf7af8211e5985f","itemId":"55fa2f90a607b9146a35f84a","flip":0,"rot":0,"z":30,"y":89,"x":37,"pageNo":0},{"_id":"56058bcbccf7af8211e59860","itemId":"55fa2f41f716ba196a28c71a","flip":0,"rot":0,"z":31,"y":107,"x":40,"pageNo":0},{"_id":"56058bcbccf7af8211e59861","itemId":"55fa2e23e4454d7c1dead0e7","flip":0,"rot":0,"z":32,"y":114,"x":67,"pageNo":0},{"_id":"56058bcbccf7af8211e59862","itemId":"55f97e50f716ba196a28c037","flip":0,"rot":0,"z":33,"y":113,"x":97,"pageNo":0},{"_id":"56058bcbccf7af8211e59863","itemId":"55f97864c7081b752bbb8bcb","flip":0,"rot":0,"z":34,"y":110,"x":117,"pageNo":0},{"_id":"56058bcbccf7af8211e59864","itemId":"55f964b5e4454d7c1deacc44","flip":0,"rot":0,"z":35,"y":111,"x":132,"pageNo":0},{"_id":"56058c45f6ff4a07132a7bcd","itemId":"55f9648b39c37b7e1140d480","flip":0,"rot":0,"z":0,"y":2,"x":0,"pageNo":1},{"_id":"56058c45f6ff4a07132a7bce","itemId":"55f96409a07753781134d25c","flip":0,"rot":0,"z":1,"y":-1,"x":23,"pageNo":1},{"_id":"56058c45f6ff4a07132a7bcf","itemId":"55f963adc7081b752bbb8ba2","flip":0,"rot":0,"z":2,"y":-1,"x":37,"pageNo":1},{"_id":"56058c45f6ff4a07132a7bd0","itemId":"55f96329a07753781134d258","flip":0,"rot":0,"z":3,"y":4,"x":60,"pageNo":1},{"_id":"56058c45f6ff4a07132a7bd1","itemId":"55f95e72f716ba196a28bfb4","flip":0,"rot":0,"z":4,"y":-1,"x":78,"pageNo":1},{"_id":"56058c45f6ff4a07132a7bd2","itemId":"55f95dd8e4454d7c1deacc38","flip":0,"rot":0,"z":5,"y":0,"x":97,"pageNo":1},{"_id":"56058c45f6ff4a07132a7bd3","itemId":"55f95cf6db7ad2186ab842b6","flip":0,"rot":0,"z":6,"y":0,"x":114,"pageNo":1},{"_id":"56058c45f6ff4a07132a7bd4","itemId":"55f95c64c7081b752bbb8b95","flip":0,"rot":0,"z":7,"y":21,"x":-2,"pageNo":1},{"_id":"56058c45f6ff4a07132a7bd5","itemId":"55f95bdd39c37b7e1140d46a","flip":0,"rot":0,"z":8,"y":21,"x":22,"pageNo":1},{"_id":"56058c45f6ff4a07132a7bd6","itemId":"55f95b26db7ad2186ab842b3","flip":0,"rot":0,"z":9,"y":20,"x":40,"pageNo":1},{"_id":"56058c45f6ff4a07132a7bd7","itemId":"55f8f98bab2f6e7e113178f0","flip":0,"rot":0,"z":10,"y":20,"x":55,"pageNo":1},{"_id":"56058c45f6ff4a07132a7bd8","itemId":"55f8f958f716ba196a28bef0","flip":0,"rot":0,"z":11,"y":19,"x":76,"pageNo":1},{"_id":"56058c45f6ff4a07132a7bd9","itemId":"55f82202c7081b752bbb84ea","flip":0,"rot":0,"z":12,"y":22,"x":97,"pageNo":1},{"_id":"56058c45f6ff4a07132a7bda","itemId":"55f821fac7081b752bbb84e9","flip":0,"rot":0,"z":13,"y":21,"x":116,"pageNo":1},{"_id":"56058c45f6ff4a07132a7bdb","itemId":"55f81f37e396a9772b635936","flip":0,"rot":0,"z":14,"y":59,"x":3,"pageNo":1},{"_id":"56058c45f6ff4a07132a7bdc","itemId":"55f81efbdf477d8011968b83","flip":0,"rot":0,"z":15,"y":59,"x":29,"pageNo":1},{"_id":"56058c45f6ff4a07132a7bdd","itemId":"55f3e840a8901c7a1d20e6d9","flip":0,"rot":0,"z":16,"y":41,"x":57,"pageNo":1},{"_id":"56058c45f6ff4a07132a7bde","itemId":"55c5a4ec45f218f429aff5be","flip":0,"rot":0,"z":17,"y":38,"x":76,"pageNo":1},{"_id":"56058c45f6ff4a07132a7bdf","itemId":"55c5a4cbbe48b3641f87c3e5","flip":0,"rot":0,"z":18,"y":40,"x":96,"pageNo":1},{"_id":"56058c45f6ff4a07132a7be0","itemId":"55a92d814b0022d55754b8e7","flip":0,"rot":0,"z":19,"y":39,"x":116,"pageNo":1},{"_id":"56058c45f6ff4a07132a7be1","itemId":"55a92d4ed12268b04e31ee5b","flip":0,"rot":0,"z":20,"y":40,"x":132,"pageNo":1},{"_id":"56058c45f6ff4a07132a7be2","itemId":"55a92d238225ab5d5ccb2ae9","flip":0,"rot":0,"z":21,"y":60,"x":54,"pageNo":1},{"_id":"56058c45f6ff4a07132a7be3","itemId":"55a92cf910d6225b5c532257","flip":0,"rot":0,"z":22,"y":57,"x":75,"pageNo":1},{"_id":"56058c45f6ff4a07132a7be4","itemId":"55a92cc8d75554d757c04408","flip":0,"rot":0,"z":23,"y":57,"x":95,"pageNo":1},{"_id":"56058c45f6ff4a07132a7be5","itemId":"55a92b5710d6225b5c53224e","flip":0,"rot":0,"z":24,"y":75,"x":125,"pageNo":1},{"_id":"56058c45f6ff4a07132a7be6","itemId":"55a92a5510d6225b5c53224b","flip":0,"rot":0,"z":25,"y":82,"x":8,"pageNo":1},{"_id":"56058c45f6ff4a07132a7be7","itemId":"55a9245e492cdfb74cc090f4","flip":0,"rot":0,"z":26,"y":76,"x":40,"pageNo":1},{"_id":"56058c45f6ff4a07132a7be8","itemId":"55a9242f0362f7f355dcc96d","flip":0,"rot":0,"z":27,"y":79,"x":60,"pageNo":1},{"_id":"56058c45f6ff4a07132a7be9","itemId":"559f84bdbed298c7624f499c","flip":0,"rot":0,"z":28,"y":79,"x":77,"pageNo":1},{"_id":"56058c45f6ff4a07132a7bea","itemId":"559f846c9372368865273473","flip":0,"rot":0,"z":29,"y":79,"x":94,"pageNo":1},{"_id":"56058c45f6ff4a07132a7beb","itemId":"559f83a8d5155d4710bacd7b","flip":0,"rot":0,"z":30,"y":99,"x":42,"pageNo":1},{"_id":"56058c45f6ff4a07132a7bec","itemId":"559f82f0e5f0a88a6569d7dd","flip":0,"rot":0,"z":31,"y":97,"x":58,"pageNo":1},{"_id":"56058c45f6ff4a07132a7bed","itemId":"559f8197937236886527346b","flip":0,"rot":0,"z":32,"y":100,"x":80,"pageNo":1},{"_id":"56058c45f6ff4a07132a7bee","itemId":"559f80a9937236886527346a","flip":0,"rot":0,"z":33,"y":94,"x":94,"pageNo":1},{"_id":"56058c45f6ff4a07132a7bef","itemId":"559f7daa9bd090695a403be7","flip":0,"rot":0,"z":34,"y":96,"x":115,"pageNo":1},{"_id":"56058c45f6ff4a07132a7bf0","itemId":"559f7cf59372368865273462","flip":0,"rot":0,"z":35,"y":95,"x":133,"pageNo":1},{"_id":"56058c45f6ff4a07132a7bf1","itemId":"558ece52ac900ff8471483af","flip":0,"rot":0,"z":36,"y":112,"x":3,"pageNo":1},{"_id":"56058c45f6ff4a07132a7bf2","itemId":"558ecbde1594998d5052e9cd","flip":0,"rot":0,"z":37,"y":115,"x":23,"pageNo":1},{"_id":"56058c45f6ff4a07132a7bf3","itemId":"558eca70e368bdd81dc979b2","flip":0,"rot":0,"z":38,"y":112,"x":39,"pageNo":1},{"_id":"56058c45f6ff4a07132a7bf4","itemId":"558ec8521e1f75d61dc817da","flip":0,"rot":0,"z":39,"y":116,"x":62,"pageNo":1},{"_id":"56058c45f6ff4a07132a7bf5","itemId":"558ec818dc8dd9a54deaae2e","flip":0,"rot":0,"z":40,"y":114,"x":90,"pageNo":1},{"_id":"56058c45f6ff4a07132a7bf6","itemId":"558d78839f9cd2323684888a","flip":0,"rot":0,"z":41,"y":116,"x":110,"pageNo":1},{"_id":"56058cc41f2a138011fbb2d5","itemId":"558bfc9e8f8804252aeea84e","flip":0,"rot":0,"z":0,"y":4,"x":2,"pageNo":2},{"_id":"56058cc41f2a138011fbb2d6","itemId":"558bfc598f8804252aeea84d","flip":0,"rot":0,"z":1,"y":1,"x":26,"pageNo":2},{"_id":"56058cc41f2a138011fbb2d7","itemId":"558807961ee465461d947683","flip":0,"rot":0,"z":2,"y":1,"x":52,"pageNo":2},{"_id":"56058cc41f2a138011fbb2d8","itemId":"5587fa5e0d49bab42be5ed70","flip":0,"rot":0,"z":3,"y":4,"x":77,"pageNo":2},{"_id":"56058cc41f2a138011fbb2d9","itemId":"5587fa43f3dd90b22b0ece66","flip":0,"rot":0,"z":4,"y":4,"x":103,"pageNo":2},{"_id":"56058cc41f2a138011fbb2da","itemId":"55866b1bc91fcca24eb31160","flip":0,"rot":0,"z":5,"y":22,"x":3,"pageNo":2},{"_id":"56058cc41f2a138011fbb2db","itemId":"558665e3065c878616a03d9d","flip":0,"rot":0,"z":6,"y":19,"x":22,"pageNo":2},{"_id":"56058cc41f2a138011fbb2dc","itemId":"558664c8c91fcca24eb31150","flip":0,"rot":0,"z":7,"y":19,"x":38,"pageNo":2},{"_id":"56058cc41f2a138011fbb2dd","itemId":"558664bd3ff356841661c1fb","flip":0,"rot":0,"z":8,"y":19,"x":57,"pageNo":2},{"_id":"56058cc41f2a138011fbb2de","itemId":"5586628a6116a13f0ac197df","flip":0,"rot":0,"z":9,"y":16,"x":79,"pageNo":2},{"_id":"56058cc41f2a138011fbb2df","itemId":"558660cbb317324425e538a8","flip":0,"rot":0,"z":10,"y":16,"x":97,"pageNo":2},{"_id":"56058cc41f2a138011fbb2e0","itemId":"55866024f57c153e25bf66e3","flip":0,"rot":0,"z":11,"y":27,"x":123,"pageNo":2},{"_id":"56058cc41f2a138011fbb2e1","itemId":"55865d3853b2b89e4e78b7b3","flip":0,"rot":0,"z":12,"y":41,"x":1,"pageNo":2},{"_id":"56058cc41f2a138011fbb2e2","itemId":"55865cea3ff356841661c1f4","flip":0,"rot":0,"z":13,"y":42,"x":23,"pageNo":2},{"_id":"56058cc41f2a138011fbb2e3","itemId":"55865bc753b2b89e4e78b7b2","flip":0,"rot":0,"z":14,"y":41,"x":40,"pageNo":2},{"_id":"56058cc41f2a138011fbb2e4","itemId":"55865b836116a13f0ac197cf","flip":0,"rot":0,"z":15,"y":39,"x":60,"pageNo":2},{"_id":"56058cc41f2a138011fbb2e5","itemId":"55865b2d1af514390aa89c6f","flip":0,"rot":0,"z":16,"y":39,"x":78,"pageNo":2},{"_id":"56058cc41f2a138011fbb2e6","itemId":"55865abd6116a13f0ac197ce","flip":0,"rot":0,"z":17,"y":39,"x":99,"pageNo":2},{"_id":"56058cc41f2a138011fbb2e7","itemId":"55865a09ee1a8ba04e8d20ed","flip":0,"rot":0,"z":18,"y":59,"x":20,"pageNo":2},{"_id":"56058cc41f2a138011fbb2e8","itemId":"5585be057954aec54d5bf523","flip":0,"rot":0,"z":19,"y":57,"x":0,"pageNo":2},{"_id":"56058cc41f2a138011fbb2e9","itemId":"5586592fc91fcca24eb31136","flip":0,"rot":0,"z":20,"y":57,"x":39,"pageNo":2},{"_id":"56058cc41f2a138011fbb2ea","itemId":"5585c3cfcc0299c74d4b5f29","flip":0,"rot":0,"z":21,"y":58,"x":58,"pageNo":2},{"_id":"56058cc41f2a138011fbb2eb","itemId":"5585bdae0a2bd51512f699df","flip":0,"rot":0,"z":22,"y":57,"x":76,"pageNo":2},{"_id":"56058cc41f2a138011fbb2ec","itemId":"5585b907e21464c94d00426a","flip":0,"rot":0,"z":23,"y":60,"x":123,"pageNo":2},{"_id":"56058cc41f2a138011fbb2ed","itemId":"5585be057954aec54d5bf523","flip":0,"rot":0,"z":24,"y":57,"x":95,"pageNo":2},{"_id":"56058cc41f2a138011fbb2ee","itemId":"5585b85e71f582c34d5cc755","flip":0,"rot":0,"z":25,"y":89,"x":124,"pageNo":2},{"_id":"56058cc41f2a138011fbb2ef","itemId":"5585b6fa848bbb7d244bb380","flip":0,"rot":0,"z":26,"y":80,"x":3,"pageNo":2},{"_id":"56058cc41f2a138011fbb2f0","itemId":"5585b6c1848bbb7d244bb37f","flip":0,"rot":0,"z":27,"y":76,"x":17,"pageNo":2},{"_id":"56058cc41f2a138011fbb2f1","itemId":"5585b61b0406a581248044bf","flip":0,"rot":0,"z":28,"y":78,"x":40,"pageNo":2},{"_id":"56058cc41f2a138011fbb2f2","itemId":"5585a7590406a58124804485","flip":0,"rot":0,"z":29,"y":82,"x":65,"pageNo":2},{"_id":"56058cc41f2a138011fbb2f3","itemId":"5585a518c2d57c7f24b8da8f","flip":0,"rot":0,"z":30,"y":86,"x":0,"pageNo":2},{"_id":"56058cc41f2a138011fbb2f4","itemId":"5582a5fc44c666e70c58025e","flip":0,"rot":0,"z":31,"y":78,"x":60,"pageNo":2},{"_id":"56058d5fa639670a13759c2f","itemId":"557ff7c72fd4cac7316cf00e","flip":0,"rot":0,"z":0,"y":43,"x":7,"pageNo":3},{"_id":"56058d5fa639670a13759c30","itemId":"557ff78ab24f49730bdfeb79","flip":0,"rot":0,"z":1,"y":8,"x":5,"pageNo":3},{"_id":"56058d5fa639670a13759c31","itemId":"557ff107228149c531ead7cb","flip":0,"rot":0,"z":2,"y":3,"x":40,"pageNo":3},{"_id":"56058d5fa639670a13759c32","itemId":"557ecc9af676a5c108cb1cdf","flip":0,"rot":0,"z":3,"y":0,"x":57,"pageNo":3},{"_id":"56058d5fa639670a13759c33","itemId":"557ecbf6b3e6f9bf08cc4918","flip":0,"rot":0,"z":4,"y":0,"x":76,"pageNo":3},{"_id":"56058d5fa639670a13759c34","itemId":"557d5178f22b9ff823e7d096","flip":0,"rot":0,"z":5,"y":2,"x":99,"pageNo":3},{"_id":"56058d5fa639670a13759c35","itemId":"557d5178f22b9ff823e7d096","flip":0,"rot":0,"z":6,"y":1,"x":98,"pageNo":3},{"_id":"56058d5fa639670a13759c36","itemId":"557d50d779b0511408253264","flip":0,"rot":0,"z":7,"y":1,"x":117,"pageNo":3},{"_id":"56058d5fa639670a13759c37","itemId":"557d5092198081f13a4efab4","flip":0,"rot":0,"z":8,"y":20,"x":37,"pageNo":3},{"_id":"56058d5fa639670a13759c38","itemId":"557d4fe3c71f02f623673901","flip":0,"rot":0,"z":9,"y":110,"x":6,"pageNo":3},{"_id":"56058d5fa639670a13759c39","itemId":"557d4fd6e5c863f33a7576fa","flip":0,"rot":0,"z":10,"y":73,"x":9,"pageNo":3},{"_id":"56058d5fa639670a13759c3a","itemId":"557d4c3e6bb22ced3ae64877","flip":0,"rot":0,"z":11,"y":19,"x":57,"pageNo":3},{"_id":"56058d5fa639670a13759c3b","itemId":"557d4c10b3a73c207de605de","flip":0,"rot":0,"z":12,"y":19,"x":76,"pageNo":3},{"_id":"56058d5fa639670a13759c3c","itemId":"557d4bad198081f13a4efa9e","flip":0,"rot":0,"z":13,"y":57,"x":47,"pageNo":3},{"_id":"56058d5fa639670a13759c3d","itemId":"557d4a70ab40edef3adabdc8","flip":0,"rot":0,"z":14,"y":22,"x":96,"pageNo":3},{"_id":"56058d5fa639670a13759c3e","itemId":"557d4a3b1b402f247dc48b3c","flip":0,"rot":0,"z":15,"y":17,"x":114,"pageNo":3},{"_id":"56058d5fa639670a13759c3f","itemId":"557d4aedb3a73c207de605da","flip":0,"rot":0,"z":16,"y":39,"x":76,"pageNo":3},{"_id":"56058d5fa639670a13759c40","itemId":"557d4903c2ff15227df57607","flip":0,"rot":0,"z":17,"y":38,"x":95,"pageNo":3},{"_id":"56058d5fa639670a13759c41","itemId":"557d466df22b9ff823e7d072","flip":0,"rot":0,"z":18,"y":42,"x":117,"pageNo":3},{"_id":"56058d5fa639670a13759c42","itemId":"557d3aa1c71f02f6236738cd","flip":0,"rot":0,"z":19,"y":39,"x":135,"pageNo":3},{"_id":"56058d5fa639670a13759c43","itemId":"557c7e57d91eb9170803e5c1","flip":0,"rot":0,"z":20,"y":55,"x":77,"pageNo":3},{"_id":"56058d5fa639670a13759c44","itemId":"557c4173ab40edef3adab865","flip":0,"rot":0,"z":21,"y":60,"x":96,"pageNo":3},{"_id":"56058d5fa639670a13759c45","itemId":"557c414a6bb22ced3ae641c3","flip":0,"rot":0,"z":22,"y":55,"x":113,"pageNo":3},{"_id":"56058d5fa639670a13759c46","itemId":"557c3af0c71f02f623673110","flip":0,"rot":0,"z":23,"y":79,"x":132,"pageNo":3},{"_id":"56058d5fa639670a13759c47","itemId":"557c3b5a198081f13a4ef2df","flip":0,"rot":0,"z":24,"y":57,"x":133,"pageNo":3},{"_id":"56058d5fa639670a13759c48","itemId":"557c3820c71f02f623673106","flip":0,"rot":0,"z":25,"y":78,"x":110,"pageNo":3},{"_id":"56058d5fa639670a13759c49","itemId":"557bfed39630c819087ea6e6","flip":0,"rot":0,"z":26,"y":76,"x":76,"pageNo":3},{"_id":"56058d5fa639670a13759c4a","itemId":"557c004ac71f02f623673050","flip":0,"rot":0,"z":27,"y":76,"x":95,"pageNo":3},{"_id":"56058d5fa639670a13759c4b","itemId":"557c3709f22b9ff823e7c788","flip":0,"rot":0,"z":28,"y":77,"x":58,"pageNo":3},{"_id":"56058d5fa639670a13759c4c","itemId":"557c05a66bb22ced3ae640b5","flip":0,"rot":0,"z":29,"y":112,"x":50,"pageNo":3},{"_id":"56058d5fa639670a13759c4d","itemId":"557c03c3f22b9ff823e7c6c4","flip":0,"rot":0,"z":30,"y":76,"x":48,"pageNo":3},{"_id":"56058d5fa639670a13759c4e","itemId":"557973bcdbb4e0591eb5dc1c","flip":0,"rot":0,"z":31,"y":117,"x":73,"pageNo":3},{"_id":"56058d5fa639670a13759c4f","itemId":"5579737bab8067571e3c8907","flip":0,"rot":0,"z":32,"y":115,"x":108,"pageNo":3},{"_id":"56058de6975edd7c11ddfdb7","itemId":"557bfbf36bb22ced3ae640a1","flip":0,"rot":0,"z":0,"y":17,"x":12,"pageNo":4},{"_id":"56058de6975edd7c11ddfdb8","itemId":"5571e7f4cfe2e85312ec5a25","flip":0,"rot":0,"z":1,"y":19,"x":19,"pageNo":4},{"_id":"56058de6975edd7c11ddfdb9","itemId":"5571ea677fd8549f6d9cf154","flip":0,"rot":0,"z":2,"y":19,"x":0,"pageNo":4},{"_id":"56058de6975edd7c11ddfdba","itemId":"5572d9871fde401908795635","flip":0,"rot":0,"z":3,"y":0,"x":0,"pageNo":4},{"_id":"56058de6975edd7c11ddfdbb","itemId":"5572fc0635a1db51124553c8","flip":0,"rot":0,"z":4,"y":0,"x":19,"pageNo":4},{"_id":"56058de6975edd7c11ddfdbc","itemId":"5571e717d5f4c32627237afc","flip":0,"rot":0,"z":5,"y":19,"x":38,"pageNo":4},{"_id":"56058de6975edd7c11ddfdbd","itemId":"5572d3f75e3e3ca36dd93b9c","flip":0,"rot":0,"z":6,"y":0,"x":29,"pageNo":4},{"_id":"56058de6975edd7c11ddfdbe","itemId":"5572d3c535a1db511245527d","flip":0,"rot":0,"z":7,"y":0,"x":48,"pageNo":4},{"_id":"56058de6975edd7c11ddfdbf","itemId":"5572d3987fd8549f6d9cf64c","flip":0,"rot":0,"z":8,"y":0,"x":67,"pageNo":4},{"_id":"56058de6975edd7c11ddfdc0","itemId":"5571aca47d24d8a56d9268eb","flip":0,"rot":0,"z":9,"y":21,"x":61,"pageNo":4},{"_id":"56058de6975edd7c11ddfdc1","itemId":"5571ac019c57c51c0824587d","flip":0,"rot":0,"z":10,"y":17,"x":102,"pageNo":4},{"_id":"56058de6975edd7c11ddfdc2","itemId":"5571a9e55af8861a08b09119","flip":0,"rot":1,"z":11,"y":19,"x":77,"pageNo":4},{"_id":"56058de6975edd7c11ddfdc3","itemId":"5571a980d5f4c3262723794a","flip":0,"rot":2,"z":12,"y":37,"x":2,"pageNo":4},{"_id":"56058de6975edd7c11ddfdc4","itemId":"5571a921e28e7028271e6e63","flip":0,"rot":0,"z":13,"y":39,"x":13,"pageNo":4},{"_id":"56058de6975edd7c11ddfdc5","itemId":"5571a9045af8861a08b09116","flip":0,"rot":0,"z":14,"y":39,"x":33,"pageNo":4},{"_id":"56058de6975edd7c11ddfdc6","itemId":"556efe469575fe28235e680f","flip":0,"rot":0,"z":15,"y":40,"x":48,"pageNo":4},{"_id":"56058de6975edd7c11ddfdc7","itemId":"556efd902b5fc0240b138021","flip":0,"rot":0,"z":16,"y":42,"x":70,"pageNo":4},{"_id":"56058de6975edd7c11ddfdc8","itemId":"556ec6338bc54ffe68b836ab","flip":0,"rot":0,"z":17,"y":40,"x":86,"pageNo":4},{"_id":"56058de6975edd7c11ddfdc9","itemId":"556ec4f0f213474c0a0e957a","flip":0,"rot":0,"z":18,"y":57,"x":-1,"pageNo":4},{"_id":"56058de6975edd7c11ddfdca","itemId":"556ec34d48e1404e0acbb93e","flip":0,"rot":1,"z":19,"y":60,"x":20,"pageNo":4},{"_id":"56058de6975edd7c11ddfdcb","itemId":"556ec32a6c9f935f0dc34919","flip":0,"rot":0,"z":20,"y":57,"x":40,"pageNo":4},{"_id":"56058de6975edd7c11ddfdcc","itemId":"556ec035887ce88222e3ec73","flip":0,"rot":0,"z":21,"y":60,"x":60,"pageNo":4},{"_id":"56058de6975edd7c11ddfdcd","itemId":"556c5b4323fe7dcc5d29e872","flip":0,"rot":0,"z":22,"y":58,"x":74,"pageNo":4},{"_id":"56058de6975edd7c11ddfdce","itemId":"556c4d504416154b7fd9d00d","flip":0,"rot":0,"z":23,"y":61,"x":106,"pageNo":4},{"_id":"56058de6975edd7c11ddfdcf","itemId":"556c4657ae0761767e92a9c7","flip":0,"rot":0,"z":24,"y":66,"x":133,"pageNo":4},{"_id":"56058de6975edd7c11ddfdd0","itemId":"556c422cc2e0674e5c60c9ba","flip":0,"rot":0,"z":25,"y":80,"x":3,"pageNo":4},{"_id":"56058de6975edd7c11ddfdd1","itemId":"556975d556ca6104581e1967","flip":0,"rot":0,"z":26,"y":76,"x":19,"pageNo":4},{"_id":"56058de6975edd7c11ddfdd2","itemId":"55697266bc7fe0f40fea695d","flip":0,"rot":0,"z":27,"y":80,"x":42,"pageNo":4},{"_id":"56058de6975edd7c11ddfdd3","itemId":"5569714084e7521808ff85aa","flip":0,"rot":0,"z":28,"y":82,"x":59,"pageNo":4},{"_id":"56058de6975edd7c11ddfdd4","itemId":"55696ce056ca6104581e1926","flip":0,"rot":0,"z":29,"y":88,"x":83,"pageNo":4},{"_id":"56058de6975edd7c11ddfdd5","itemId":"55696854e4f85df20f19e736","flip":0,"rot":0,"z":30,"y":81,"x":115,"pageNo":4},{"_id":"56058de6975edd7c11ddfdd6","itemId":"5569543c041dcf1608cc8a8f","flip":0,"rot":0,"z":31,"y":86,"x":132,"pageNo":4},{"_id":"56058de6975edd7c11ddfdd7","itemId":"556969ed8b21044379577f32","flip":0,"rot":0,"z":32,"y":108,"x":7,"pageNo":4},{"_id":"56058de6975edd7c11ddfdd8","itemId":"556713565bbd8703511c779b","flip":0,"rot":0,"z":33,"y":113,"x":46,"pageNo":4},{"_id":"56058e3da3f47f7e114688aa","itemId":"5567132ec64bd5c0076cdf8c","flip":0,"rot":0,"z":0,"y":17,"x":14,"pageNo":5},{"_id":"56058e3da3f47f7e114688ab","itemId":"5566ed867a5f1cfc6e8dd6b5","flip":0,"rot":0,"z":1,"y":8,"x":39,"pageNo":5},{"_id":"56058e3da3f47f7e114688ac","itemId":"5566ef7ce6daaad6050fc655","flip":0,"rot":0,"z":2,"y":12,"x":60,"pageNo":5},{"_id":"56058e3da3f47f7e114688ad","itemId":"5566ea7b415b32844eadc501","flip":0,"rot":0,"z":3,"y":10,"x":78,"pageNo":5},{"_id":"56058e3da3f47f7e114688ae","itemId":"5566ea6a2be5b5a80ece6d66","flip":0,"rot":1,"z":4,"y":13,"x":99,"pageNo":5},{"_id":"56058e3da3f47f7e114688af","itemId":"5566e923dc6de9a304898367","flip":0,"rot":0,"z":5,"y":29,"x":124,"pageNo":5},{"_id":"56058e3da3f47f7e114688b0","itemId":"5566e615d9b8f60004460a93","flip":0,"rot":0,"z":6,"y":30,"x":3,"pageNo":5},{"_id":"56058e3da3f47f7e114688b1","itemId":"5566e0b1dc743f600b5bcb72","flip":0,"rot":0,"z":7,"y":50,"x":29,"pageNo":5},{"_id":"56058e3da3f47f7e114688b2","itemId":"5566de46dc743f600b5bcb6d","flip":0,"rot":0,"z":8,"y":32,"x":56,"pageNo":5},{"_id":"56058e3da3f47f7e114688b3","itemId":"5566dd1adc743f600b5bcb6c","flip":0,"rot":0,"z":9,"y":34,"x":79,"pageNo":5},{"_id":"56058e3da3f47f7e114688b4","itemId":"5566ccaeae39f9890a1c531a","flip":0,"rot":0,"z":10,"y":33,"x":94,"pageNo":5},{"_id":"56058e3da3f47f7e114688b5","itemId":"5566cbb62f83e0bc6bdd971a","flip":0,"rot":0,"z":11,"y":52,"x":60,"pageNo":5},{"_id":"56058e3da3f47f7e114688b6","itemId":"5566c189226cfe016bab1b0a","flip":0,"rot":0,"z":12,"y":48,"x":81,"pageNo":5},{"_id":"56058e3da3f47f7e114688b7","itemId":"5566bfbed343f63b015ea17d","flip":0,"rot":0,"z":13,"y":71,"x":1,"pageNo":5},{"_id":"56058e3da3f47f7e114688b8","itemId":"5566bfac20603afd6ab63fae","flip":0,"rot":0,"z":14,"y":66,"x":21,"pageNo":5},{"_id":"56058e3da3f47f7e114688b9","itemId":"5565ff5c570508567c856a11","flip":0,"rot":1,"z":15,"y":70,"x":43,"pageNo":5},{"_id":"56058e3da3f47f7e114688ba","itemId":"5565ff4ab5a897b40e349bd5","flip":0,"rot":0,"z":16,"y":67,"x":69,"pageNo":5},{"_id":"56058e3da3f47f7e114688bb","itemId":"5565fdbc89bb22577ce24e36","flip":0,"rot":0,"z":17,"y":70,"x":89,"pageNo":5},{"_id":"56058e3da3f47f7e114688bc","itemId":"5565f9e57de1fe364792d3cb","flip":0,"rot":0,"z":18,"y":67,"x":105,"pageNo":5},{"_id":"56058e3da3f47f7e114688bd","itemId":"5565f9154df77633473ea221","flip":0,"rot":0,"z":19,"y":67,"x":124,"pageNo":5},{"_id":"56058e3da3f47f7e114688be","itemId":"5565f858537e994c67db4d37","flip":0,"rot":0,"z":20,"y":85,"x":-2,"pageNo":5},{"_id":"56058e3da3f47f7e114688bf","itemId":"5565f4da12acb83147b50671","flip":0,"rot":0,"z":21,"y":92,"x":19,"pageNo":5},{"_id":"56058e3da3f47f7e114688c0","itemId":"5565f3ea12acb83147b5066a","flip":0,"rot":0,"z":22,"y":95,"x":46,"pageNo":5},{"_id":"56058e3da3f47f7e114688c1","itemId":"5565f3a6a6fa51ba0e8a2bba","flip":0,"rot":0,"z":23,"y":96,"x":71,"pageNo":5},{"_id":"56058e3da3f47f7e114688c2","itemId":"5565a02ccc6d808d6560f091","flip":0,"rot":0,"z":24,"y":89,"x":93,"pageNo":5},{"_id":"56058e3da3f47f7e114688c3","itemId":"55659fc87fdeaa780a6cbbd2","flip":0,"rot":0,"z":25,"y":85,"x":117,"pageNo":5},{"_id":"56058e3da3f47f7e114688c4","itemId":"55659d5c8240ea8765298d33","flip":0,"rot":0,"z":26,"y":92,"x":134,"pageNo":5},{"_id":"56058e3da3f47f7e114688c5","itemId":"55659ae5bb846ca645d361ed","flip":0,"rot":0,"z":27,"y":112,"x":1,"pageNo":5},{"_id":"56058e3da3f47f7e114688c6","itemId":"55659acd7b5a7ebd7acca11a","flip":0,"rot":0,"z":28,"y":114,"x":18,"pageNo":5},{"_id":"56058e3da3f47f7e114688c7","itemId":"55659ac68240ea8765298d2d","flip":0,"rot":0,"z":29,"y":117,"x":39,"pageNo":5},{"_id":"56058e3da3f47f7e114688c8","itemId":"556593e72d89fd8965be6f5d","flip":0,"rot":0,"z":30,"y":114,"x":60,"pageNo":5},{"_id":"56058e3da3f47f7e114688c9","itemId":"556592f5cdf3e6760a0a09f2","flip":0,"rot":0,"z":31,"y":113,"x":76,"pageNo":5},{"_id":"56058e3da3f47f7e114688ca","itemId":"55659033bdd3248b656e90ce","flip":0,"rot":0,"z":32,"y":117,"x":97,"pageNo":5},{"_id":"56058e5521e2279f11cca748","itemId":"55658ea87fdeaa780a6cbbb3","flip":0,"rot":0,"z":0,"y":7,"x":2,"pageNo":6},{"_id":"56058e5521e2279f11cca749","itemId":"55658dfc7fdeaa780a6cbbb0","flip":0,"rot":0,"z":1,"y":9,"x":22,"pageNo":6},{"_id":"56058e5521e2279f11cca74a","itemId":"556588c51e7ecfbf7a931f7f","flip":0,"rot":0,"z":2,"y":9,"x":44,"pageNo":6},{"_id":"56058e5521e2279f11cca74b","itemId":"5565857bcdf3e6760a0a09b8","flip":0,"rot":0,"z":3,"y":9,"x":71,"pageNo":6},{"_id":"56058e5521e2279f11cca74c","itemId":"55658281cdf3e6760a0a09b3","flip":0,"rot":0,"z":4,"y":10,"x":87,"pageNo":6},{"_id":"56058e5521e2279f11cca74d","itemId":"556580757984d0a445b47680","flip":0,"rot":0,"z":5,"y":10,"x":111,"pageNo":6},{"_id":"56058e5521e2279f11cca74e","itemId":"55657ffaf24f6ebb7a5a7348","flip":0,"rot":1,"z":6,"y":29,"x":115,"pageNo":6},{"_id":"56058e5521e2279f11cca74f","itemId":"55657cebbdd3248b656e90ab","flip":0,"rot":0,"z":7,"y":29,"x":95,"pageNo":6}]}