{"base":"DYNATHING","creator":"528bdb371d39861c20000003","id":"53d8f7af2a6f59b32b0b217d","name":"incense","prop":{"text":"0s: cell 1 show, CELL 1 Z-INDEX 2, CELL 2 Z-INDEX 3, CELL 3 Z-INDEX 4, CELL 4 Z-INDEX 5, CELL 5 Z-INDEX 1, cell 6 right 6\n0.05-4S: CELL 2 SHOW\n1-4S: CELL 1 HIDE, CELL 5 SHOW, cell 5 right 14, cell 5 up 14, CELL 6 SHOW, CELL 6 UP 40\n4.05-8S: CELL 3 SHOW, cell 5 hide, CELL 5 ROTATE 360, CELL 5 DOWN 26, cell 6 up 40, cell 6 hide\n5-8S: CELL 2 HIDE\n8s: CELL 5 SHOW, CELL 5 left 14, CELL 5 up 12, cell 6 show, cell 6 down 80\n8.05-12S: CELL 4 SHOW, CELL 5 SHOW, CELL 5 RIGHT 4, CELL 5 UP 4, cell 6 right 20, cell 6 hide, cell 6 up 60\n9-12S: CELL 3 HIDE\n14-15s: cell 1 show, CELL 5 HIDE, CELL 5 ROTATE 360, CELL 5 DOWN 15, RIGHT 6\n15s: restart"}}