{"base":"DYNATHING","creator":"528bdb371d39861c20000003","id":"53dc371947a7f34a03ffdd8a","name":"dragon pot","prop":{"attr":[1,2],"text":"0.0s: cell 1 show, CELL 1 Z-INDEX 3, CELL 2 Z-INDEX 1, CELL 2 Z-INDEX 2\n0.05s: cell 2 show\n0.1-0.6s: cell 2 up 40, cell 3 up 40\n0.6s: cell 2 hide, cell 3 show\n0.65-1s: CELL 2 right 10, CELL 3 right 10, cell 2 rotate 90, cell 3 rotate 90, CELL 3 HIDE, CELL 2 SHOW\n1-1.5s: CELL 2 RIGHT 10, CELL 3 RIGHT 10, cell 2 up 10, CELL 3 UP 10, CELL 2 HIDE, CELL 3 SHOW\n1.5-2S: CELL 2 RIGHT 10, CELL 3 RIGHT 10, CELL 2 UP 10, CELL 3 UP 10,CELL 3 HIDE, CELL 2 SHOW\n2-2.5S: CELL 2 RIGHT 10, CELL 3 RIGHT 10, CELL 2 UP 10, CELL 3 UP 10, CELL 2 HIDE, CELL 3 SHOW\n2.5-3S: CELL 2 RIGHT 10, CELL 3 RIGHT 10, CELL 2 UP 10, CELL 3 UP 10, CELL 3 HIDE, CELL 2 SHOW\n3-3.5S: CELL 2 RIGHT 10, CELL 3 RIGHT 10, CELL 2 UP 10, CELL 3 UP 10, CELL 2 HIDE, CELL 3 SHOW\n3.5-4S: CELL 2 RIGHT 10, CELL 3 RIGHT 10, CELL 2 UP 10, CELL 3 UP 10, CELL 3 HIDE, CELL 2 SHOW\n4-4.5S: CELL 2 RIGHT 10, CELL 3 RIGHT 10, CELL 2 UP 10, CELL 3 UP 10, CELL 2 HIDE, CELL 3 SHOW\n4.5-5S: CELL 2 RIGHT 10, CELL 3 RIGHT 10, CELL 2 UP 10, CELL 3 UP 10, CELL 3 HIDE, CELL 2 SHOW\n5-5.5S: CELL 2 RIGHT 10, CELL 3 RIGHT 10, CELL 2 UP 10, CELL 3 UP 10, CELL 2 HIDE, CELL 3 SHOW\n5.5-7S: CELL 2 RIGHT 30, CELL 3 RIGHT 30, CELL 2 UP 60, CELL 3 UP 60\n7s: REstart\n"}}