{"base":"INTERACT","creator":"5003d713a0b60c386b0000a1","id":"53e126ae6c445baf47a78574","name":"door guardian","prop":{"textSize":694,"thingRefs":[["53dfe1d0a6f9541a766eca37","unsigned letter"]],"reactsTo":["someone_activates"],"textData":"has letter of appreciation: /pass\n\nthey don't hold letter of appreciation and hasn't letter of appreciation: so you want to challenge the 5 chambers of zen and become a true master?\n- hears yes: please give me the letter of appreciation from your howe town.\n- hears no: ok. i cannot let you pass then.\n\ngets letter of appreciation: that looks legit... please pass! /has letter of appreciation /pass\n\ngets unsigned letter: hmm... this is unsigned! /waits 1.25  /gives unsigned letter\n\nsomeone activates jump detector: hey, get down there!\nSOMEONE ACTIVATES JUMP DETECTOR: what do you think you're doing?\nSOMEONE ACTIVATES JUMP DETECTOR: that's way too high!\nSOMEONE ACTIVATES JUMP DETECTOR: hah!","attr":[5]}}