{"base":"INTERACT","creator":"5003d713a0b60c386b0000a1","id":"53f0f0deab82d561704672a4","name":"bathing man","prop":{"textSize":1636,"thingRefs":[["53dfe1c041c5232a6066d153","letter of appreciation"],["53f0d61b771e733635278422","zen belt of focus"],["53f0d607ab82d56170467260","zen belt of inspiration"],["53f0d5db771e733635278420","zen belt of friendship"]],"textData":"ah, what a nice bath!\nthe fumes... so inspiring...\nthere's nothing like the evening breeze in your hair.\ncan you smell the sweet incense?\noh what a beautiful calming day...\n\nhears hi: hi there!\nhears zen: the chambers? oh, they are dangerous...  i prefer comforting water...  and silence.\n\ngets unsigned letter: want me to sign this? sure!  i've used some incense.  /gives letter of appreciation\n\n\nHEARS CHAMBER 4 or hears peace -AND- THEY DON'T POSSESS ZEN BELT OF FOCUS OR THEY DON'T POSSESS ZEN BELT OF INSPIRATION OR THEY DON'T POSSESS ZEN BELT OF FRIENDSHIP: let's talk about it WHEN YOU PASSED ALL THE OTHER CHAMBERS.\n\nHEARS CHAMBER 4 or hears peace -AND- THEY POSSESS ZEN BELT OF FOCUS AND THEY POSSESS ZEN BELT OF INSPIRATION AND THEY POSSESS ZEN BELT OF FRIENDSHIP: ... /WAITS 1.5  SOME SAY THE fourth CHAMBER IS THE HARDEST...  SOME SAY IT'S THE EASIEST.  THE fourth CHAMBER...  IS INSIDE YOU.\n\n\nhears i drank from the golden cup: oh! so it's true...  they said one day, a master will arrive.  is it you? could it be?  oh, my bath is relaxing...  ah, your belt of focus, of course! /they possess zen belt of focus  take it, and good luck.\n\nHEARS I held the green chopstick: you did? that's amazing.  you must be the one...  don't give up now.  oh, your belt...  how could i forget... /THEY POSSESS ZEN BELT OF inspiration  see you again!\n\nHEARS we saw the empty glass: oh that's impressive!  that must have been team work...  you all deserve this... /THEY POSSESS ZEN BELT OF friendship  ah, this hot water is nice!\n\n\nhears thanks: you are welcome. what's your name?  {[name]}...  oh, that's a nice name...  good luck, [name]."}}