{"base":"DYNATHING","creator":"544a9e2b7d4159ac0356416e","id":"54886ed5aab4c56368315eb9","name":"brain in a jar","prop":{"text":"0.0:CELL 1 show, cell 2 show, cell 2 down 29, cell 3 show,CELL 3 left 29, Cell 3 down 10, Cell 4 show, cell 4 right 29, cell 4 down 10, cell 5 show, cell 5 down 15, cell 5 right 29, cell 5 opacity 0, CELL 6 RIGHT 29, CELL 6 DOWN 15,\n0-2S:cell 1 up 5, cell 2 up 5, cell 3 up 5, cell 4 up 5, cell 5 up 10, Cell 5 Opacity 1,\n0-2S:Cell 1 left 2, cell 2 left 2, cell 3 left 2, cell 4 left 2,\n2-4S:cell 1 down 5, cell 2 down 5, cell 3 down 5, cell 4 down 5, cell 5 opacity 0,\n2-4S:Cell 1 right 2, cell 2 right 2, cell 3 right 2, cell 4 right 2,\n4-6S:cell 6 show, Cell 6 up 10,\n4-6S:CELL 1 UP 5, CELL 2 UP 5, CELL 3 UP 5, CELL 4 UP 5,\n4-6S:CELL 1 RIGHT 2, CELL 2 RIGHT 2, CELL 3 RIGHT 2, CELL 4 RIGHT 2,\n6-8S:CELL 1 DOWN 5, CELL 2 DOWN 5, CELL 3 DOWN 5, CELL 4 DOWN 5,\n6-8S:CELL 1 LEFT 2, CELL 2 LEFT 2, CELL 3 LEFT 2, CELL 4 LEFT 2,CELL 6 OPACITY 0, \n8S:Restart\n"}}