{"5300e2508820b32646000057":{"name":"qusion","isSuper":true,"isCreator":true},"549208d651f7955344fee946":{"name":"teh le dj de la fin","isSuper":false,"isCreator":false},"543b89e394cd9f921393ab33":{"name":"eek","isSuper":false,"isCreator":false},"5003d713a0b60c386b0000a1":{"name":"philipp","isSuper":false,"isCreator":false},"549b168413b214070271e691":{"name":"dragon","isSuper":false,"isCreator":false},"543992c865579fb673200fcb":{"name":"cow","isSuper":false,"isCreator":false},"5280e3ccbc112f0d190001d6":{"name":"percy","isSuper":false,"isCreator":false},"5334957d82ce8b473e00047f":{"name":"nicole","isSuper":false,"isCreator":false},"54393b1174d0cb5b3bfc29f6":{"name":"joongle","isSuper":false,"isCreator":false}}