{"base":"READABLE","creator":"533520bf11ef64363f000d5c","id":"550274d4fa6078f643423a40","name":"abyss warning sign","prop":{"textSize":528,"rgb2":"84,84,84","rgb":"0,0,0","attr":[1,2],"textData":"------  Caution all who enter here  ------\n\nYou are about to enter into the abyss.\nthrough reading this, you must understand that\ntraversing the abyss is a near-impossible task. \nyou cannot be rescued or reset once you have ventured\ninto the fog.  this area is not recommended for \nmobile users, the claustrophobic, or individuals\nshort of patience. i personally apologize for \nany emotional stress this area may cause. \nyou have been warned.\n\nto submit to the abyss and be returned\nto the sanctum, simply say: \"lift the fog\".\n\n"}}