[{"x":0,"y":0,"ps":[[14,17,0,0,0,0],[13,17,0,0,0,0],[12,17,0,0,0,0],[11,17,0,0,0,0],[16,17,0,0,0,0],[17,17,0,0,0,0],[18,17,0,0,0,0],[19,17,0,0,0,0],[10,17,0,0,0,0],[8,17,0,0,0,0],[7,17,0,0,0,0],[6,17,0,0,0,0],[4,17,0,0,0,0],[3,17,0,0,0,0],[2,17,0,0,0,0],[0,17,0,0,0,0],[1,17,0,0,0,0],[5,18,1,0,0,0],[20,17,0,0,0,0],[21,17,0,0,0,0],[22,17,0,0,0,0],[23,17,0,0,0,0],[24,17,0,0,0,0],[25,18,1,0,0,0],[25,4,2,0,0,0],[24,4,3,0,0,0],[25,15,4,0,0,0],[25,13,4,0,0,0],[25,12,4,0,0,0],[25,11,4,0,0,0],[25,10,4,0,0,0],[25,9,4,0,0,0],[25,8,4,0,0,0],[25,7,4,0,0,0],[15,20,5,0,0,0],[15,19,6,0,0,0],[25,16,4,0,0,0],[9,17,0,0,0,0],[21,16,7,0,0,0],[25,14,4,0,0,0],[15,16,8,0,0,0],[26,17,0,0,0,0],[27,17,0,0,0,0],[28,17,0,0,0,0],[29,17,0,0,0,0],[30,17,0,0,0,0],[31,17,0,0,0,0],[6,11,9,0,0,0],[7,18,9,0,0,0],[6,18,10,0,0,0],[6,1,1,0,0,0],[4,1,11,0,0,0],[5,1,12,0,0,0],[8,1,9,0,0,0],[7,1,10,0,0,0],[3,18,11,0,0,0],[4,18,12,0,0,0],[7,7,9,0,0,0],[5,17,13,0,0,0],[15,17,14,0,0,0],[25,17,13,0,0,0],[15,15,15,0,0,0],[15,14,16,0,0,0],[15,13,16,0,0,0],[15,1,16,0,0,0],[15,2,16,0,0,0],[15,12,16,0,0,0],[15,11,16,0,0,0],[15,10,16,0,0,0],[15,9,16,0,0,0],[15,8,16,0,0,0],[15,7,16,0,0,0],[15,6,16,0,0,0],[15,5,16,0,0,0],[15,4,16,0,0,0],[15,3,16,0,0,0],[15,0,16,0,0,0],[9,11,17,0,0,0]],"v":349,"iix":["56ed23269fb04104137af2aa","56ed3464f5ee900f138f3f2b","54d0aa5005acca08754799a3","544debe020ed3f134167805d","56ed38939db9d13213d0c36d","56ed27669db9d13213d0c21b","56ed28316ee19431138fb3d5","56ee7f42f1841c2313812365","56ed792a29fdfe2113c35cc6","56f5828835b13a2813d9bfe3","56f57fe37da8467c0f6f97fe","56f5843b35b13a2813d9bfee","56f58450c40dde32132ed800","57a8cf665dcc083113a7b187","57a8cfbc29f64c2a135b20ad","57bdf0891e9907970f2b3f73","57bdf0e01e9907970f2b3f74","57c06ef258054c8f0f0cf317"],"i":{"b":["SOLID","LIGHT","ENVIRONM","ENVIRONM","SOLID","DYNATHING","DYNATHING","WRITABLE","PASS","DYNATHING","ENVIRONM","ENVIRONM","ENVIRONM","SOLID","SOLID","HOLDER","DECO","ENVIRONM"],"p":[null,{"rgb":"24,25,39"},{"attr":[39]},{"attr":[19]},null,{"text":"0: cells show, cell 3 font white, text 16-07-2012, cell 1 right 13, cell 2 left 13"},{"text":"0: cells show, cell 3 font white, text day 1, cell 1 right 13, cell 2 left 13"},{"clonedFrom":"54af696b58d97dea59c58baa"},null,{"text":"0-.5: cell 1 show\n0-6: cell 1 down 150\n5.5-6: cell 1 hide\n\n1: cell 2 up 50, left 150\n1-1.5: cell 2 show\n1-7: cell 2 down 125\n6.5-7: cell 2 hide\n\n3: cell 3 down 100, right 275\n3-3.5: cell 3 show\n3-8: cell 3 down 175\n7.5-8: cell 3 hide\n\n4: cell 4 up 100, left 200\n4-4.5: cell 4 show\n4-9: cell 4 down 135\n8.5-9: cell 4 hide\n\n6: cell 5 right 125, up 150\n6-6.5: cell 5 show\n6-11: cell 5 down 160\n10.5-11: cell 5 hide\n\n\n15 restart"},{"attr":[51]},{"attr":[39]},{"attr":[19]},null,null,{"rgb":"255,181,0","attr":[18,5,15],"backTileCount":"7,5","clonedFrom":"54af696b58d97dea59c58baa"},{"attr":[1],"clonedFrom":"54af696b58d97dea59c58baa"},{"attr":[48]}],"n":["chronology floor yellow","chronology blue light","stars environment","snow","invisible solid","chronology day 1","chronology day 1","chronology board","invisible one way","chronology environment d","chronology environment c","chronology environment a","chronology environment b","chronology floor ten days","chronology floor ten days","chronology event","chronology orange thread","floating"],"dr":[0,0,0,0,0,0,0,0,0,0,0,0,0,0,0,0,0,0]}},{"x":1,"y":0,"ps":[[7,17,0,0,0,0],[6,17,0,0,0,0],[0,17,0,0,0,0],[1,17,0,0,0,0],[2,17,0,0,0,0],[4,17,0,0,0,0],[5,17,0,0,0,0],[8,17,0,0,0,0],[9,17,0,0,0,0],[17,17,0,0,0,0],[11,17,0,0,0,0],[10,17,0,0,0,0],[12,17,0,0,0,0],[16,17,0,0,0,0],[15,17,0,0,0,0],[14,17,0,0,0,0],[3,17,1,0,0,0],[13,17,1,0,0,0]],"v":61,"iix":["56ed23269fb04104137af2aa","57a8cf665dcc083113a7b187"],"i":{"b":["SOLID","SOLID"],"p":[],"n":["chronology floor yellow","chronology floor ten days"],"dr":[0,0]}}]