{"x":-3,"y":-5,"ps":[[24,20,0,0,0,0],[25,20,0,0,0,0],[31,20,0,0,0,0],[30,20,0,0,0,0],[29,20,0,0,0,0],[28,20,0,0,0,0],[27,20,0,0,0,0],[26,20,0,0,0,0],[23,20,0,0,0,0],[22,20,0,0,0,0],[21,20,0,0,0,0],[20,20,0,0,0,0],[19,20,0,0,0,0],[18,20,0,0,0,0],[17,20,0,0,0,0],[16,20,0,0,0,0],[20,9,2,0,0,0],[6,9,2,0,0,0],[10,11,4,0,0,0],[19,21,5,0,0,0],[19,19,6,0,0,0],[12,17,7,0,0,0],[30,19,8,0,0,0],[30,17,9,0,0,0],[27,19,10,0,0,0],[26,19,11,0,0,0],[25,19,12,0,0,0],[18,19,13,0,0,0],[18,18,14,0,0,0],[9,19,13,0,0,0],[9,18,14,0,0,0],[23,19,16,0,0,0],[20,19,16,0,1,0],[21,19,17,0,0,0],[22,19,17,0,0,0],[17,19,15,0,0,0],[11,19,16,0,1,0],[12,19,17,0,0,0],[13,19,17,0,0,0],[15,19,16,0,0,0],[14,19,17,0,0,0],[10,19,18,0,0,0],[8,19,19,0,0,0],[6,19,20,0,0,0],[7,19,21,0,0,0],[6,18,22,0,0,0],[7,18,23,0,0,0],[17,15,3,0,0,0],[16,11,24,0,0,0],[24,19,13,0,0,0],[24,18,14,0,0,0],[3,19,1,0,0,0],[2,19,25,0,0,0],[4,19,25,0,1,0],[4,18,26,0,0,0],[16,19,27,0,0,0],[5,19,27,0,0,0],[11,20,29,2,0,0],[12,20,29,2,0,0],[13,20,29,2,0,0],[14,20,29,2,0,0],[15,20,29,2,0,0],[10,20,29,2,0,0],[9,20,29,2,0,0],[8,20,29,2,0,0],[7,20,29,2,0,0],[15,21,28,1,0,0],[14,21,29,0,0,0],[13,21,29,0,0,0],[12,21,29,0,0,0],[11,21,29,0,0,0],[10,21,29,0,0,0],[9,21,29,0,0,0],[8,21,29,0,0,0],[7,21,29,0,0,0],[6,21,29,0,0,0],[5,21,29,0,0,0],[4,21,29,0,0,0],[3,21,29,0,0,0],[2,21,29,0,0,0],[1,21,29,0,0,0],[0,21,29,0,0,0],[1,20,29,2,0,0],[2,20,29,2,0,0],[3,20,29,2,0,0],[5,20,29,2,0,0],[4,20,29,2,0,0],[6,20,29,2,0,0],[0,20,29,2,0,0],[0,19,30,0,0,0]],"v":168,"iix":["5519f6a2075c546512d4fedc","546adb37e5dbacb059fc58df","51e460bd134794940a000009","54fc98269d8f7dbc0cf66139","54fc98b52a1f0eaf0cc0037d","54fc5f880740a5c00ced20ad","55df1539c520c5733c40a575","55df15405f162ebf612da0ae","548ed2bda063daef3a12f9c8","548ed1dde8cceff53adf2977","54569380652941906f4dce9e","536e36c45f8032211000023e","530cacf4fd8f21ce0a0008ec","536e3a4388c310ad0e0001e4","536e4d1588c310ad0e0001f9","52fcaecc6483a80076000146","5595223ae116312f20e1b615","559522290001128e0e6245f4","534f96445283d8543400010d","545993578f5986ef19176575","5259be5613fb33dc0e000076","5259be42d6f50ca704000053","5259c2584d5adb766000007d","5259c28c6f9e876605000078","55df178d1769bde062e83ff7","546adb7a92ce62b459f2e402","54639cec86c67f0d156f0d93","546adabfda892c9e588349b0","5518db20012a958c0f0c0c64","5519f4eaad39683841711fed","5463cf7f7d113b0b1546e317"],"i":{"b":["SOLID","DECOBIG","LIGHT","DYNATHING","DYNATHING","DYNATHING","FARBACK","FARBACK","DECOBIG","DECOBIG","DECOBIG","DECOBIG","DECOBIG","GLOW","GLOW","DECOFG","DECO","DECO","DECOBIG","DECOBIG","DECOANIM","DECOANIM","DECOANIM","DECOANIM","FARBACK","DECOBIG","LIVELY","DECOBIG","SOLID","SOLID","DECOBIG"],"p":[null,{"attr":[5]},{"rgb":"113,171,221"},{"text":"0s: cell 1 left 87, cell 2 left 58, cell 3 left 29,cell 4 left 0, cell 5 left 0, cell 5 down 29, cell 6 left 29, cell 6 down 29, cell 7 left 58, cell 7 down 29, cell 8 down 29, cell 8 left 87\n0-2s: cells show\n0-10s: cell 1 left 200,cell 2 left 200,cell 3 left 200,cell 4 left 200,cell 5 left 200,cell 6 left 200,cell 7 left 200,cell 8 left 200\n8-10s: cells hide\n10s: restart\n"},{"attr":[4],"text":"0s: cell 1 left 87, cell 2 left 58, cell 3 left 29,cell 4 left 0, cell 5 left 0, cell 5 down 29, cell 6 left 29, cell 6 down 29, cell 7 left 58, cell 7 down 29, cell 8 down 29, cell 8 left 87\n0-2s: cells show\n0-10s: cell 1 left 200,cell 2 left 200,cell 3 left 200,cell 4 left 200,cell 5 left 200,cell 6 left 200,cell 7 left 200,cell 8 left 200\n8-10s: cells hide\n10s: restart\n"},{"text":"0s: cell 1 show, cell 2 show, cell 3 show, cell 1 down 10, cell 2 down 38, cell 3 down 66, cell 1 pivot 17 28, cell 2 pivot 17 0, cell 3 pivot 17 0,\n\n0-0.5s: cell 2 rotate 2, \n0.5-1s: cell 2 rotate 2, \n1-1.5s: cell 2 rotate -2, \n1.5-2s: cell 2 rotate -2, \n2-2.5s: cell 2 rotate -2,\n2.5-3s: cell 2 rotate -2, \n3-3.5s: cell 2 rotate 2, \n3.5-4s: cell 2 rotate 2, \n4s: restart"},{"rgb":"28,98,152","attr":[5,1],"text":"-150 50\n-100 25 2\n-80 30\n-60 25\n-50 15\n0 0 1\n100 25\n120 23 2\n130 30\n150 35 1\n200 25\n250 50 2"},{"rgb":"55,125,179","attr":[5,1],"text":"-150 50\n-100 25 2\n-80 30\n-60 25\n-50 15\n0 0 1\n100 25\n120 23 2\n130 30\n150 35 1\n200 25\n250 50 2"},null,null,null,null,null,{"rgb":"69,255,140","attr":[6,5]},{"rgb":"32,25,73","attr":[1,5]},null,null,null,null,null,null,null,null,null,{"rgb":"0,0,0","attr":[8,1],"text":"0 0 1\n38 0 2\n0 38 4\n38 38 3"},{"attr":[5]},{"attr":[6]},{"attr":[5]}],"n":["forestynt","grass","blue pastel","mistyfront","misty2back","dynamci vines","mountainscape","mountainscape","frontapple tree (red)","apple tree (red)","tall plants","flora pale heliotrope","flora caryopteris","lily lamp stand","lily lamp","flora squill","wooden dark ironed bench","wooden dark ironed bench middle","flora pasqueflower patch","tree","fountain","fountain","fountain","fountain","moon","grass","butterflys","grass","forestycr","forestyru","plant"],"dr":[0,0,0,0,0,0,0,0,0,0,0,0,0,0,0,0,0,0,0,0,0,0,0,0,0,0,0,0,0,0,0]}}