{"iix":["54598a769e836cf71976230e","55cad8cbcad2561913bfeb36","55cd32643fa8cdff0ea2ad1b","5540a2ffb6da000c2115c6d7","5540a2e4e685affc104c037c","550d38f0aea0820b087a2ce2"],"ps":[[30,16,0,0,0,0],[15,24,1,0,0,0],[15,12,1,0,0,0],[15,0,1,0,0,0],[13,24,2,0,0,0],[13,6,2,0,0,0],[27,0,3,1,0,0],[19,0,3,2,0,0],[19,9,3,1,0,0],[19,20,3,1,0,0],[11,0,4,2,0,0],[4,4,5,0,0,0]],"v":21,"x":-2,"y":-2,"i":{"b":["FILLLIGHT","INTERACT","INTERACT","DECOBG","DECOBG","LIGHT"],"p":[{"rgb":"0,0,0","attr":[6]},{"attr":[6,1,18,5],"checksNears":true,"textSize":201},{"attr":[5,6,1],"checksNears":true,"textSize":70},null,null,{"rgb":"0,0,0","attr":[2]}],"n":["heavensdark","climber2","invaderp1","arrow","arrow","blackness"],"dr":[0,0,0,0,0,0]}}