{"iix":["55cad8cbcad2561913bfeb36","54aef7c90fed03ff2ff82a8f","5519f6a2075c546512d4fedc","550d2b217e77cb7a1be643c9","51e460bd134794940a000009","54fc998d3815dac20cce04d3","54fc98b52a1f0eaf0cc0037d","54fc5f880740a5c00ced20ad","54fc85ed4fc7299b115d7195","55df1539c520c5733c40a575","55df15405f162ebf612da0ae","559522290001128e0e6245f4","5595223ae116312f20e1b615","52f2f88b3841c87a3e000232","5533e0fdd8d631a25ca515cc","52f2f5b23e18b98d3900020d","53742ffa5e627c303c16bda0","55a7f4c8f0535f1c4c77eca1","53869130a64302d3012beebe","522aca5c6eb41bbb02000014","534bb3aaefb6aa7f6400000b","56cb214ee59aa4361004eb3d"],"ps":[[15,24,0,0,0,0],[24,19,1,0,0,0],[25,19,1,0,0,0],[26,19,1,0,0,0],[21,19,1,0,0,0],[20,19,1,0,0,0],[14,19,1,0,0,0],[13,19,1,0,0,0],[12,19,1,0,0,0],[10,19,1,0,0,0],[9,19,1,0,0,0],[8,19,1,0,0,0],[9,20,2,0,0,0],[8,20,2,0,0,0],[14,20,2,0,0,0],[13,20,2,0,0,0],[12,20,2,0,0,0],[11,20,2,0,0,0],[7,20,2,0,0,0],[6,20,2,0,0,0],[5,20,2,0,0,0],[4,20,2,0,0,0],[3,20,2,0,0,0],[2,20,2,0,0,0],[1,20,2,0,0,0],[0,20,2,0,0,0],[6,21,3,0,0,0],[10,10,4,0,0,0],[16,10,4,0,0,0],[19,17,5,0,0,0],[5,12,6,0,0,0],[24,21,7,0,0,0],[5,21,7,0,0,0],[29,19,8,0,0,0],[23,19,8,0,0,0],[27,19,8,0,0,0],[19,19,8,0,0,0],[18,19,8,0,0,0],[17,19,8,0,0,0],[16,19,8,0,0,0],[15,19,8,0,0,0],[11,19,8,0,0,0],[25,17,9,0,0,0],[15,18,9,0,0,0],[10,18,10,0,0,0],[31,19,11,0,0,0],[30,19,12,0,1,0],[28,19,13,0,0,0],[22,15,14,0,0,0],[12,15,14,0,0,0],[8,11,14,0,0,0],[16,11,14,0,0,0],[7,19,15,0,0,0],[3,19,16,0,0,0],[1,19,17,0,0,0],[4,19,18,0,0,0],[2,19,19,0,0,0],[0,19,20,0,0,0],[21,20,2,0,0,0],[22,20,2,0,0,0],[30,20,2,0,0,0],[29,20,2,0,0,0],[26,20,2,0,0,0],[25,20,2,0,0,0],[24,20,2,0,0,0],[23,20,2,0,0,0],[20,20,2,0,0,0],[19,20,2,0,0,0],[15,20,2,0,0,0],[16,20,2,0,0,0],[18,20,2,0,0,0],[17,20,2,0,0,0],[16,21,21,0,0,0],[16,22,21,0,0,0],[16,23,21,0,0,0],[16,24,21,0,0,0],[16,25,21,0,0,0],[16,26,21,0,0,0],[17,26,21,0,0,0],[18,26,21,0,0,0],[19,26,21,0,0,0],[20,26,21,0,0,0],[21,26,21,0,0,0],[22,26,21,0,0,0],[23,26,21,0,0,0],[24,26,21,0,0,0],[25,26,21,0,0,0],[26,26,21,0,0,0],[27,26,21,0,0,0],[28,26,21,0,0,0],[29,26,21,0,0,0],[30,26,21,0,0,0],[31,26,21,0,0,0],[31,20,2,0,0,0],[28,20,2,0,0,0],[27,20,2,0,0,0],[17,25,21,0,0,0],[17,24,21,0,0,0],[17,23,21,0,0,0],[17,22,21,0,0,0],[17,21,21,0,0,0],[10,20,2,0,0,0],[22,19,1,0,0,0]],"v":492,"x":-2,"y":-5,"i":{"b":["INTERACT","DECO","SOLID","FILLLIGHT","LIGHT","DYNATHING","DYNATHING","DYNATHING","DYNATHING","FARBACK","FARBACK","DECO","DECO","DECOBIG","DYNATHING","DECOBIG","GLOW","DECOBIG","DECOFG","DECO","DECOBIG","SOLID"],"p":[{"attr":[6,1,18,5],"checksNears":true,"textSize":201},{"attr":[1]},null,{"rgb":"0,0,0"},{"rgb":"113,171,221"},{"attr":[4],"text":"0s: cell 1 left 87, cell 2 left 58, cell 3 left 29,cell 4 left 0, cell 5 left 0, cell 5 down 29, cell 6 left 29, cell 6 down 29, cell 7 left 58, cell 7 down 29, cell 8 down 29, cell 8 left 87\n0-2s: cells show\n0-10s: cell 1 left 200,cell 2 left 200,cell 3 left 200,cell 4 left 200,cell 5 left 200,cell 6 left 200,cell 7 left 200,cell 8 left 200\n8-10s: cells hide\n10s: restart\n"},{"attr":[4],"text":"0s: cell 1 left 87, cell 2 left 58, cell 3 left 29,cell 4 left 0, cell 5 left 0, cell 5 down 29, cell 6 left 29, cell 6 down 29, cell 7 left 58, cell 7 down 29, cell 8 down 29, cell 8 left 87\n0-2s: cells show\n0-10s: cell 1 left 200,cell 2 left 200,cell 3 left 200,cell 4 left 200,cell 5 left 200,cell 6 left 200,cell 7 left 200,cell 8 left 200\n8-10s: cells hide\n10s: restart\n"},{"text":"0s: cell 1 show, cell 2 show, cell 3 show, cell 1 down 10, cell 2 down 38, cell 3 down 66, cell 1 pivot 17 28, cell 2 pivot 17 0, cell 3 pivot 17 0,\n\n0-0.5s: cell 2 rotate 2, \n0.5-1s: cell 2 rotate 2, \n1-1.5s: cell 2 rotate -2, \n1.5-2s: cell 2 rotate -2, \n2-2.5s: cell 2 rotate -2,\n2.5-3s: cell 2 rotate -2, \n3-3.5s: cell 2 rotate 2, \n3.5-4s: cell 2 rotate 2, \n4s: restart"},{"text":"0s: cell 1 show, cell 2 show, cell 3 show, cell 1 pivot 1 29, cell 2 pivot 1 29, cell 3 pivot 1 29\n0-5s: cell 1 rotate 5,cell 2 rotate 15, cell 3 rotate 20\n5-10s: cell 1 rotate -5,cell 2 rotate -15, cell 3 rotate -20\n10s: restart\n\n\n"},{"rgb":"28,98,152","attr":[5,1],"text":"-150 50\n-100 25 2\n-80 30\n-60 25\n-50 15\n0 0 1\n100 25\n120 23 2\n130 30\n150 35 1\n200 25\n250 50 2"},{"rgb":"55,125,179","attr":[5,1],"text":"-150 50\n-100 25 2\n-80 30\n-60 25\n-50 15\n0 0 1\n100 25\n120 23 2\n130 30\n150 35 1\n200 25\n250 50 2"},null,null,{"attr":[5]},{"attr":[4],"text":"0s: cell 1 left 87, cell 2 left 58, cell 3 left 29,cell 4 left 0, cell 5 left 0, cell 5 down 29, cell 6 left 29, cell 6 down 29, cell 7 left 58, cell 7 down 29, cell 8 down 29, cell 8 left 87\n0-2s: cells show\n0-10s: cell 1 left 300,cell 2 left 250,cell 3 left 100,cell 4 left 150,cell 5 left 210,cell 6 left 270,cell 7 left 130,cell 8 left 230\n8-10s: cells hide\n10s: restart\n"},null,{"rgb":"254,210,181","attr":[1]},{"attr":[5]}],"n":["climber2","stone bench","forestynt","blfilllight","blue pastel","misty3back","misty2back","dynamci vines","grassis2","mountainscape","mountainscape","wooden dark ironed bench middle","wooden dark ironed bench","tree","starslbr","tree","orange glowing flowers","morning glory range (flourish)","fennel","flowers","flora mini fruity peach","invisible"],"dr":[0,0,0,0,0,0,0,0,0,0,0,0,0,0,0,0,0,0,0,0,0,0]}}