{"x":-2,"y":-4,"ps":[[15,28,0,0,0,0],[15,16,0,0,0,0],[15,4,0,0,0,0],[12,29,1,0,0,0],[13,22,1,0,0,0],[13,0,1,0,0,0],[25,27,2,0,0,0],[25,26,3,0,0,0],[25,28,4,3,0,0],[10,25,5,0,0,0],[19,28,5,0,0,0]],"v":27,"iix":["55cad8cbcad2561913bfeb36","55cd32643fa8cdff0ea2ad1b","55cd2aeaf62cbf87335fb48c","55cd2f31dddbc5fe0efbd8db","52bb64e7501bfd642d000169","550d38f0aea0820b087a2ce2"],"i":{"b":["INTERACT","INTERACT","STACKWEARB","MOVER","DECO","LIGHT"],"p":[{"attr":[6,1,18,5],"checksNears":true,"textSize":201},{"attr":[5,6,1],"checksNears":true,"textSize":70},null,{"attr":[9],"protectPercent":50,"text":"vvvvv..>>>>>>>>>>>>>>>v\n<<<<<<<<<<<<<<<v\n>>>>>>>>>>>>>>>v\n<<<<<<<<<<<<<<<v\n>>>>>>>>>>>>>>>^^^^\n"},null,{"rgb":"0,0,0","attr":[2]}],"n":["climber2","invaderp1","invader1","invaderm1","roadsign arrow","blackness"],"dr":[0,0,0,0,0,0]}}