{"x":-2,"y":-3,"ps":[[15,20,0,0,0,0],[15,8,0,0,0,0],[13,20,1,0,0,0],[12,8,1,0,0,0],[23,2,2,0,0,0],[21,2,2,0,0,0],[22,2,2,0,0,0],[20,2,2,0,0,0],[20,1,2,0,0,0],[24,2,2,0,0,0],[24,1,2,0,0,0],[24,20,3,0,0,0],[11,15,3,0,0,0],[23,8,3,0,0,0],[27,14,4,2,0,0],[27,21,4,1,0,0]],"v":38,"iix":["55cad8cbcad2561913bfeb36","55cd32643fa8cdff0ea2ad1b","525f316cbf5c26fd75000053","550d38f0aea0820b087a2ce2","5540a2ffb6da000c2115c6d7"],"i":{"b":["INTERACT","INTERACT","SOLID","LIGHT","DECOBG"],"p":[{"attr":[6,1,18,5],"checksNears":true,"textSize":201},{"attr":[5,6,1],"checksNears":true,"textSize":70},null,{"rgb":"0,0,0","attr":[2]}],"n":["climber2","invaderp1","santuary grass","blackness","arrow"],"dr":[0,0,0,0,0]}}