{"iix":["54a2301b888c7ffa0c162122","55c12f72b843b2790dd1af5a","55b1aed79f9aa6a33f18d5e8","55b1add5f4a6a83f5465de7d","55b1adc43558bbf54f53e5c5","54526d80ace05bcf52c9f0d3"],"ps":[[5,10,0,0,0,0],[4,10,0,0,0,0],[0,10,0,0,0,0],[1,10,0,0,0,0],[2,10,0,0,0,0],[3,10,0,0,0,0],[5,9,1,0,0,0],[0,8,2,0,0,0],[0,6,2,0,0,0],[0,4,2,0,0,0],[0,2,2,0,0,0],[1,9,2,0,0,0],[1,7,2,0,0,0],[1,5,2,0,0,0],[1,3,2,0,0,0],[1,1,2,0,0,0],[2,2,2,0,0,0],[2,4,2,0,0,0],[2,6,2,0,0,0],[2,8,2,0,0,0],[3,9,2,0,0,0],[3,7,2,0,0,0],[3,5,2,0,0,0],[3,3,2,0,0,0],[3,1,2,0,0,0],[0,1,3,0,0,0],[0,3,3,0,0,0],[0,9,4,0,0,0],[1,8,4,0,0,0],[0,7,4,0,0,0],[1,6,4,0,0,0],[0,5,4,0,0,0],[1,4,4,0,0,0],[2,5,4,0,0,0],[2,3,4,0,0,0],[2,1,4,0,0,0],[1,2,4,0,0,0],[3,2,4,0,0,0],[3,4,4,0,0,0],[3,6,4,0,0,0],[2,7,4,0,0,0],[3,8,4,0,0,0],[2,9,4,0,0,0],[4,9,5,0,0,0],[4,8,5,0,0,0],[4,7,5,0,0,0],[4,5,5,0,0,0],[4,6,5,0,0,0],[4,4,5,0,0,0],[4,3,5,0,0,0],[4,2,5,0,0,0],[4,1,5,0,0,0],[4,0,5,0,0,0]],"v":59,"x":17,"y":-1,"i":{"b":["SOLID","HAPPENING","DECOBG","DECOBG","DECOBG","CLIMB"],"p":[null,{"textSize":2732,"attr":[1],"textData":"function update(my) {  \n    \/\/ code by Leonel Machava, I just adapted\n    \/\/ codentronix.com\/2011\/04\/27\/first-experiment-with-html5-a-wireframe-cube\/\n    \n    return { polygons: getPolygons() };\n}\n\nfunction Point3D(x,y,z) {\n    this.x = x;\n    this.y = y;\n    this.z = z;\n \n    this.rotateX = function(angle) {\n        var rad, cosa, sina, y, z\n        rad = angle * Math.PI \/ 180\n        cosa = Math.cos(rad)\n        sina = Math.sin(rad)\n        y = this.y * cosa - this.z * sina\n        z = this.y * sina + this.z * cosa\n        return new Point3D(this.x, y, z)\n    }\n \n    this.rotateY = function(angle) {\n        var rad, cosa, sina, x, z\n        rad = angle * Math.PI \/ 180\n        cosa = Math.cos(rad)\n        sina = Math.sin(rad)\n        z = this.z * cosa - this.x * sina\n        x = this.z * sina + this.x * cosa\n        return new Point3D(x,this.y, z)\n    }\n \n    this.rotateZ = function(angle) {\n        var rad, cosa, sina, x, y\n        rad = angle * Math.PI \/ 180\n        cosa = Math.cos(rad)\n        sina = Math.sin(rad)\n        x = this.x * cosa - this.y * sina\n        y = this.x * sina + this.y * cosa\n        return new Point3D(x, y, this.z)\n    }\n \n    this.project = function(viewWidth, viewHeight, fov, viewDistance) {\n        var factor, x, y\n        factor = fov \/ (viewDistance + this.z)\n        x = this.x * factor + viewWidth \/ 2\n        y = this.y * factor + viewHeight \/ 2\n        return new Point3D(x, y, this.z)\n    }\n}\n \nvar vertices = [\n    new Point3D(-1,1,-1),\n    new Point3D(1,1,-1),\n    new Point3D(1,-1,-1),\n    new Point3D(-1,-1,-1),\n    new Point3D(-1,1,1),\n    new Point3D(1,1,1),\n    new Point3D(1,-1,1),\n    new Point3D(-1,-1,1)\n];\n \n\/\/ Define the vertices that compose each of the 6 faces. These numbers are\n\/\/ indices to the vertex list defined above.\nvar faces = [[0,1,2,3],[1,5,6,2],[5,4,7,6],[4,0,3,7],[0,4,5,1],[3,2,6,7]]\n \nvar angle = 0;\n \nfunction getPolygons() {\n    var polygons = [];\n    var t = new Array();\n    \n    var offsetX = -0;\n    var offsetY = 0;\n    var size = 60;\n \n    for( var i = 0; i < vertices.length; i++ ) {\n        var v = vertices[i];\n        var r = v.rotateX(angle).rotateY(angle).rotateZ(angle);\n        var p = r.project(offsetX,offsetY,size,3.5);\n        t.push(p)\n    }\n \n    for( var i = 0; i < faces.length; i++ ) {\n        var f = faces[i];\n        \n        var polygon = {\n                rgba: [1,i * 40,255,.5],\n                filled: false\n                }\n        polygon.points = [\n            { x: t[f[0]].x, y: t[f[0]].y},\n            { x: t[f[1]].x, y: t[f[1]].y},\n            { x: t[f[2]].x, y: t[f[2]].y},\n            { x: t[f[3]].x, y: t[f[3]].y}\n            ];\n        polygons.push(polygon);\n    }\n    angle += 2;\n return polygons;\n}","clonedFrom":"55a03780db974f8967f1cb78"}],"n":["vector2","3d cube","yellow5","yellow3","yellow2","iceladder"],"dr":[0,0,0,0,0,0]}}