{"x":2,"y":-1,"ps":[[29,31,0,0,0,0],[26,19,1,0,0,0],[26,30,2,0,0,0],[26,21,3,0,0,0],[30,31,4,0,0,0],[27,31,5,0,0,0],[25,31,6,0,0,0],[23,31,6,0,0,0],[24,31,4,0,0,0],[26,31,5,0,0,0],[28,31,6,0,0,0],[22,31,7,0,0,0],[21,31,4,0,0,0],[17,31,8,3,0,0],[18,31,6,0,0,0],[27,30,9,0,0,0],[31,31,4,0,0,0],[18,30,10,0,0,0],[20,30,11,0,0,0],[20,31,4,0,0,0],[25,30,10,0,0,0],[19,31,6,0,0,0],[29,29,12,0,1,0],[23,29,12,0,0,0],[21,29,13,0,0,0],[25,29,14,0,0,0],[26,28,15,0,0,0],[18,29,16,0,0,0],[17,29,17,0,0,0],[19,30,18,0,0,0],[30,30,19,0,0,0],[28,30,10,0,0,0],[22,30,19,0,0,0],[31,29,13,0,1,0],[31,30,10,0,0,0]],"v":188,"iix":["57f0a10f9c00e2ac0f54f051","57ee5e3ae9c8193b13e0e269","57ee5cc91fd7feac0f57a5db","57eff353ecdb4e5015f666ba","57f0c71c9b40b94a133e6fd2","57f0c6dea78479a50f7f3687","57ee5add8864fc1c13d39b0b","57ef9afce5e1d34413ad4dbf","57f0cf82970d90ae0fad7ba8","57f0d0e7f81913ef123747b8","57ef87a2e5e1d34413ad4d78","57ef88b98bdb8bbe133cb7b1","57f0e099563e31ff12276d25","57f0e0d3ac0941ae0fa46ee6","57f255c9ce466fa70f0219ed","57f0c9dfcf7d7f45131157e0","57f25102ef25dcae0fbbca14","57f256f92eb659ea127a4eee","57f0f8079c6f7e5313cb127d","54f4427887091c470d42efa6"],"i":{"b":["SOLID","LIGHTTOP","LIGHT","ENVIRONM","SOLID","SOLID","SOLID","SOLID","SLOPE","DECOBIG","DECOFB","DECOFB","DECOBIG","DECOBIG","DYNATHING","DECOVBIG","DECOBIG","DYNATHING","DYNATHING","PASS"],"p":[null,{"rgb":"55,5,71"},{"rgb":"49,69,75"},{"attr":[18]},null,null,null,{"clonedFrom":"57ee570864941ab10f274782"},{"clonedFrom":"57ee570864941ab10f274782"},{"attr":[5]},{"clonedFrom":"57ef869f411437bd134ddb39"},{"clonedFrom":"57ef869f411437bd134ddb39"},{"attr":[8]},{"attr":[8]},{"attr":[9],"text":"0S: CELLS SHOW, CELL 1 UP 4, CELL 1 LEFT 4, CELL 2 UP 26, CELL 2 LEFT 4, CELL 3 UP 55, CELL 3 LEFT 4, CELL 1 Z-INDEX 2, CELL 2 Z-INDEX 1, CELL 1 PIVOT 14.5 20, CELL 2 PIVOT 14.5 42, cell 3 pivot 14.5 71\n0: cells rotate -165\n","clonedFrom":"55c58ba6921587621f30e2bf"},{"attr":[8,5],"clonedFrom":"57ef957d0530507913be6854"},{"attr":[8],"clonedFrom":"57ee570864941ab10f274782"},{"attr":[9],"text":"0S: CELLS SHOW, CELL 1 UP 4, CELL 1 LEFT 4, CELL 2 UP 26, CELL 2 LEFT 4, CELL 3 UP 55, CELL 3 LEFT 4, CELL 1 Z-INDEX 2, CELL 2 Z-INDEX 1, CELL 1 PIVOT 14.5 20, CELL 2 PIVOT 14.5 42, cell 3 pivot 14.5 71\n0: cells rotate 155\n","clonedFrom":"55c58ba6921587621f30e2bf"},{"text":"0: cells show, cell 3 bright, pivot 24 12\n0-15: cell 3 rotate -1080","clonedFrom":"569e29add618cdd111e861e3"}],"n":["shadow ruins block 14","top light violet","dark cyan light","rain cloud","shadow ruins block 19","shadow ruins block 18","shadow ruins block grass 1","stones!?!?","broken side","shadow ruins pillar 8 f","grasses short","grasses medium","fallen pillar 2","fallen pillar 3","edgy sword 2","cavern stone 5 f","sword in ground","medieval sword 2","glowing flower","hidden one-way block"],"dr":[0,0,0,0,0,0,0,0,3,0,0,0,0,0,0,0,0,0,0,0]}}