{"x":1,"y":-1,"ps":[[2,30,0,0,0,0],[0,30,0,0,0,0],[0,31,0,0,0,0],[1,31,0,0,0,0],[2,31,0,0,0,0],[2,29,0,0,0,0],[3,30,0,0,0,0],[3,31,0,0,0,0],[3,29,1,3,0,0],[5,30,2,3,0,0],[5,31,2,3,0,0],[4,29,3,2,0,0],[4,30,4,3,0,0],[4,31,4,3,0,0],[5,29,2,3,0,0],[2,28,2,0,0,0],[1,28,2,0,0,0],[0,28,2,0,0,0],[4,27,5,0,0,0],[3,27,5,0,0,0],[0,27,5,0,0,0],[1,27,5,0,0,0],[2,27,5,0,0,0],[3,28,3,2,0,0],[4,28,5,0,0,0],[5,28,2,3,0,0],[5,27,2,3,0,0],[0,29,0,0,0,0],[1,30,0,0,0,0],[1,29,6,0,0,0]],"v":119,"iix":["57ef76474491b6ab0f1d348f","57ee571942af63d214b1d4fe","57ef6c14738a8f0e1385c2b6","57ef6c3015e368a60f550f19","57ee558d64941ab10f27477d","57ee55daf2afd42f135f56ad","57ef8f29e49948b81348c113"],"i":{"b":["DECOBG","SLOPE","SOLID","SOLID","SOLID","SOLID","DECOBIG"],"p":[null,null,null,null,null,null,{"attr":[8]}],"n":["shadow ruins back 1","shadow ruins slope 1","shadow ruins block 6","shadow ruins block 3","shadow ruins block 1","shadow ruins block 2","shadow ruins vines 1"],"dr":[0,0,0,0,0,0,0]}}