{"base":"INTERACT","creator":"544122602d4423a55ec3be95","id":"544abce4c84a173c6b948caf","name":"hi-fi","prop":{"textSize":1446,"textData":"Welcome ! say \"music\" or \"help\"\n\nhears music : select the cd  FFVI - Megaman - CaveStory - aedemphia - darkphoenix - other \nhears help : you can say the music's name only when the hifi has stopped talking.  for play a music, you'll say the music's name and press enter.  for know what is the musics name you can just say \"music\"  you can talk to raytro for add cds or musics.  hifi version 1.2 by raytro.\n\nhears FFVI : terra - shadow\nhears megaman : drwilly - metalman\nhears cavestory : plantation - moonsong\nhears aedemphia : mountain - travel\nhears darkphoenix : plainasia - fall\nhears other : visiteurfutur\n\nhears terra : https://soundcloud.com/billkramme/ff6-terra-awakening\nhears shadow : https://soundcloud.com/niklas-gernandt/shadows-theme\nhears drwilly : https://soundcloud.com/ultimate-d-pad/megaman-2-dr-wily-stage\nhears metalman : https://soundcloud.com/a-staraudio/megaman-2-metalman-80s-synth\nhears plantation : https://soundcloud.com/blaketothefuture/cave-story-orchestra \nhears moonsong : https://soundcloud.com/luthfox/cave-story-moonsong-remix-moon-rhapsody\nhears mountain : https://soundcloud.com/talabarbe/aedemphia-les-montages-azkalfir\nhears travel : https://soundcloud.com/brunomorisetti/voyage\nhears plainasia : https://soundcloud.com/chiorvently/dark-phoenix-plain-asia\nhears fall : https://soundcloud.com/eleison-kyrie/dark-phoenix-1\nhears visiteurfutur : https://soundcloud.com/lencyclopedie-inutile/le-visiteur-du-futur","attr":[6,1]}}