{"base":"DYNATHING","creator":"524389354b5ac3d87c000047","id":"5b818ef7fa05336dd105b941","name":"continuous fire","prop":{"attr":[2,10],"text":"0: CELLS SHOW, down 2, CELL 2 RIGHT 19, CELL 3 RIGHT 38, CELL 4 RIGHT 57, CELL 5 RIGHT 76, CELL 6 RIGHT 95, cell 8 right 95\n\n0.1: CELLS left 19, cell 7 left 0, cell 8 left 0, CELL 1 righT 114\n0.2: CELLS left 19, CELL 7 lefT 0, CELL 8 LEFT 0, CELL 2 righT 114\n0.3: CELLS left 19, CELL 7 lefT 0, CELL 8 LEFT 0, CELL 3 right 114\n0.4: CELLS lefT 19, CELL 7 lefT 0, CELL 8 LEFT 0, CELL 4 right 114\n0.5: CELLS lefT 19, CELL 7 lefT 0, CELL 8 LEFT 0, CELL 5 right 114\n\n0.6: RESTART","clonedFrom":"5acbace7fc5dd60fb1f4d77b","changerId":"5b8188bda30b19765b2c0f05"}}