{"base":"DYNATHING","creator":"524389354b5ac3d87c000047","id":"5d62d40064794f63955023eb","name":"water waves","prop":{"attr":[4],"text":"0: cells down 10, show, cell 1 left 76, cell 2 left 57, cell 3 left 38, cell 4 left 19, cell 6 right 19, cell 7 right 38, cell 8 right 57, cell 9 right 76\n0.1: CELLS RIGHT 19, CELL 9 LEFT 171\n0.2: CELLS RIGHT 19, CELL 8 LEFT 171\n0.3: CELLS RIGHT 19, CELL 7 LEFT 171\n0.4: CELLS RIGHT 19, CELL 6 LEFT 171\n0.5: CELLS RIGHT 19, CELL 5 LEFT 171\n0.6: CELLS RIGHT 19, CELL 4 LEFT 171\n0.7: CELLS RIGHT 19, CELL 3 LEFT 171\n0.8: CELLS RIGHT 19, CELL 2 LEFT 171\n0.9: restart\n","clonedFrom":"5aabd439e934c91461ad0aa7","changerId":"5a8357c25cfc496413da0b6c"}}