{"base":"DYNATHING","creator":"524389354b5ac3d87c000047","id":"5d743fafe7e99e391f6dd93e","name":"continuous fire","prop":{"attr":[2],"text":"0: CELLS SHOW, down 4, cell 1 left 58, CELL 2 lefT 29, CELL 4 RIGHT 29, CELL 5 RIGHT 58, CELL 6 RIGHT 87\n0.1: CELLS RIGHT 29, cell 7 right 0, CELL 6 LEFT 174\n0.2: CELLS RIGHT 29, CELL 7 RIGHT 0, CELL 5 LEFT 174\n0.3: CELLS RIGHT 29, CELL 7 RIGHT 0, CELL 4 LEFT 174\n0.4: CELLS RIGHT 29, CELL 7 RIGHT 0, CELL 3 LEFT 174\n0.5: CELLS RIGHT 29, CELL 7 RIGHT 0, CELL 2 LEFT 174\n\n0.6: RESTART","clonedFrom":"5acbace7fc5dd60fb1f4d77b","changerId":"5b78b746e4b3892d3a59062c"}}