{"x":1,"y":1,"ps":[[11,0,0,2,0,0],[12,0,1,2,0,0],[2,0,2,2,0,0],[3,0,2,2,0,0],[4,0,2,2,0,0],[6,1,3,2,0,0],[5,0,2,2,0,0],[6,0,2,2,0,0],[7,1,1,2,0,0],[7,0,2,2,0,0],[5,1,4,0,0,0],[0,0,5,0,0,0],[2,1,0,2,0,0],[4,1,4,0,0,0],[3,1,3,2,0,0],[1,0,5,0,0,0],[0,1,5,0,0,0],[1,1,5,0,0,0],[1,2,5,0,0,0],[0,2,5,0,0,0],[0,3,2,2,0,0],[1,3,2,2,0,0],[1,4,1,2,0,0],[0,4,3,2,0,0]],"v":252,"iix":["584103bca767c39f1352cf6d","584103aca1d1699e13baee09","5840fb3bd51dce5b13b980f3","5840fb85b29cb3eb0fe76a71","58553f10813f00ef0f890c39","5840ff947e801ed90f1c9943"],"i":{"b":["SOLID","SOLID","SOLID","SOLID","DYNATHING","SOLID"],"p":[null,null,null,null,{"attr":[10,8],"text":"0: cell 1 show, cell 2 show, cell 3 show, cell 2 down 29, cell 3 down 29, cell 2 right 15, cell 3 left 14 "}],"n":["teapot earth slope-2","teapot earth slope","teapot earth solid 2","teapot earth solid","teapot earth dynamic solid (flip)","teapot earth solid 2-2"],"dr":[0,0,0,0,0,0]}}