{"x":0,"y":-1,"ps":[[18,23,0,0,0,0],[3,21,0,0,0,0],[10,18,0,0,0,0],[27,19,0,0,0,0],[16,26,1,0,0,0],[8,28,2,0,0,0],[16,30,3,0,0,0],[14,31,4,0,0,0],[15,28,5,0,0,0],[17,28,5,0,0,0],[16,28,5,0,0,0],[18,28,5,0,0,0],[22,26,6,0,0,0],[14,27,7,0,0,0],[14,26,8,0,0,0],[15,27,9,0,0,0],[17,27,9,0,1,0],[19,28,10,2,0,0],[19,27,10,0,0,0],[20,26,11,0,0,0],[13,30,12,0,0,0],[21,29,13,0,0,0],[23,31,14,0,0,0],[23,30,13,0,0,0],[23,29,13,0,0,0],[23,28,13,0,0,0],[22,29,15,0,0,0],[21,30,14,0,0,0],[20,28,16,0,0,0],[16,29,17,0,0,0],[14,29,16,0,0,0],[21,31,18,0,0,0],[6,30,1,0,0,0],[10,30,5,0,0,0],[10,29,5,0,0,0],[11,29,5,0,0,0],[11,30,10,2,0,0],[12,29,10,2,0,0],[12,28,10,0,0,0],[20,27,19,0,0,0],[24,26,1,0,0,0],[24,27,19,0,0,0],[13,28,5,0,0,0],[14,28,5,0,0,0],[9,29,20,0,0,0],[9,30,20,0,0,0],[9,31,21,0,0,0],[7,29,5,0,0,0],[7,30,10,3,0,0],[8,29,5,0,0,0],[8,30,5,0,0,0],[11,28,22,0,0,0],[15,22,23,0,0,0],[17,12,23,0,0,0],[22,27,19,0,0,0],[21,27,24,0,0,0],[23,27,24,0,0,0],[16,27,25,0,0,0],[21,28,13,0,0,0],[19,29,26,0,0,0],[19,31,26,0,0,0],[17,29,27,0,0,0],[10,28,28,0,0,0],[9,28,29,0,0,0]],"v":1478,"iix":["583ce447740738dd0f0d2547","5848e406e3c75d8a13c67e1d","58521038f90ffa7113b8b9b4","58403ef066db90a0132a3620","5848e3655b3f2a45136ddc17","583ad2bb0fa5fa66140bcb7f","583ee237151d906513dfc9d7","5842f9215257944c13b82730","584989373a56eaa1133ab459","583adfe6266eb65a14bbf2ab","583ad2c7cf868a401362b6f8","584d7e49f9e428871325b9f6","583fcb0ee2202de40f2c660e","583da62ad6a12b5c13e57984","583af3e94cd846df0fbb1902","583fc63cf62dbedd0f3d3212","585f9a178aab068913c98110","585f97927103174713ddd8b4","57d67c924c12d34713b0b2dc","583acf090fa5fa66140bcb69","583af2cabd1ecf4e135d5336","583af2f7266eb65a14bbf300","583c269e6d9b9f96133aa9a9","5842811e09f8d96113a3d09c","58693379a5ba275d13faa4ce","586d1537ad8ed6031122387c","586e074a4eef0377132e71e8","583fc716d387f17013b24d39","580f3dc6c64b7e5313f432de","583d5a796b1ccedf0f73fc0c"],"i":{"b":["ENVIRONM","DYNATHING","DYNATHING","INTERACT","DYNATHING","SOLID","WRITABLE","DECO","INTERACT","DECO","SLOPE","INTERACT","DYNATHING","CLIMB","DECO","DYNATHING","DYNATHING","DYNATHING","PASS","SOLID","CLIMB","CLIMB","VIGNETTE","ENVIRONM","CLIMB","DYNATHING","DYNATHING","DYNATHING","MULTITHING","FILLLIGHT"],"p":[{"attr":[39]},{"attr":[10],"text":"0: cell 1 show, cell 2 show, cell 3 show, cell 4 show, cell 1 left 15, cell 1 up 15, cell 2 right 14, cell 2 up 15, cell 3 left 15, cell 3 down 14, cell 4 right 14, cell 4 down 14, CELL 1 OPACITY 0.1, CELL 2 OPACITY 0.1, CELL 3 OPACITY 0.1, CELL 4 OPACITY 0.1\n2-9.5: cell 1 opacity 0.4, CELL 2 OPACITY 0.4, CELL 3 OPACITY 0.4, CELL 4 OPACITY 0.4\n9.5-15: cell 1 opacity 0.1, CELL 2 OPACITY 0.1, CELL 3 OPACITY 0.1, CELL 4 OPACITY 0.1\n15:restart"},{"text":"0: cell 1 show, cell 2 show, cell 3 show, cell 3 opacity 0.6\n0-3: cell 3 opacity 0.3\n3-6: cell 3 opacity 0.6, cell 3 hide, cell 4 show, cell 4 opacity 0.4\n6-9: cell 4 opacity 0.3\n9-12: cell 4 opacity 0.6, cell 4 hide, cell 3 show, cell 3 opacity 0.4\n12:restart"},{"reactsTo":["someone_says"],"attr":[1,6,5],"textSize":41},{"attr":[10],"text":"0: cell 1 show, cell 2 show, cell 3 show, cell 4 show, cell 1 left 15, cell 1 up 45, cell 2 right 14, cell 2 up 45, cell 3 left 15, cell 3 up 16, cell 4 right 14, cell 4 up 16, CELL 1 OPACITY 0.1, CELL 2 OPACITY 0.1, CELL 3 OPACITY 0.1, CELL 4 OPACITY 0.1\n0-7.5: cell 1 opacity 0.4, CELL 2 OPACITY 0.4, CELL 3 OPACITY 0.4, CELL 4 OPACITY 0.4\n7.5-15: cell 1 opacity 0.1, CELL 2 OPACITY 0.1, CELL 3 OPACITY 0.1, CELL 4 OPACITY 0.1\n15:restart"},null,null,null,{"attr":[1,6],"textSize":43},null,null,{"attr":[6,1],"textSize":45},{"text":"0: cell 1 show, cell 2 show, cell 2 up 29, cell 3 show, cell 3 down 9, cell 3 opacity 0.5\n0-1.6: cell 3 opacity 0.3\n1.6-3.6: cell 3 opacity 0.5\n3.6:restart"},null,null,{"text":"0: cell 1 show, cell 2 show, cell 1 up 9, cell 3 show, cell 3 opacity 0.6\n0-2: cell 3 opacity 0.3\n2-4: cell 3 opacity 0.6\n4:restart"},{"text":"0: cell 1 show, cell 2 show, cell 1 left 15, cell 2 right 14"},{"text":"0: cell 1 show"},null,null,null,null,{"rgb":"148,135,91"},{"attr":[18]},null,{"attr":[9,1],"text":"0: cell 1 show\n0.1: cell 1 hide, cell 2 show, CELL 4 SHOW, CELL 4 ROTATE 6, CELL 5 SHOW, CELL 5 ROTATE -6, cell 6 show\n0.3: cell 2 hide, cell 3 show, cell 4 rotate -6, cell 5 rotate 6, cell 6 left 1\n0.5: cell 3 hide, cell 2 show, cell 2 FLIP HORIZONTAL, CELL 4 ROTATE 6, CELL 5 SHOW, CELL 5 ROTATE -6, CELL 6 right 1\n0.7: cell 2 hide, cell 3 show, cell 3 FLIP HORIZONTAL, CELL 4 ROTATE -6, CELL 5 SHOW, CELL 5 ROTATE 6, CELL 6 LEFT 1\n0.9: cell 3 hide, cell 2 show, cell 2 FLIP HORIZONTAL, CELL 4 ROTATE 6, CELL 5 SHOW, CELL 5 ROTATE -6, CELL 6 right 1\n1.1: cell 2 hide, cell 3 show, cell 3 FLIP HORIZONTAL, CELL 4 ROTATE -6, CELL 5 SHOW, CELL 5 ROTATE 6, CELL 6 LEFT 1\n1.3: cell 3 hide, cell 2 show, cell 2 FLIP HORIZONTAL, CELL 4 ROTATE 6, CELL 5 SHOW, CELL 5 ROTATE -6, cell 6 right 1\n1.5: cell 2 hide, cell 3 show, cell 3 FLIP HORIZONTAL, CELL 4 ROTATE -6, CELL 5 SHOW, CELL 5 ROTATE 6, CELL 6 LEFT 1\n1.7: cell 3 hide, cell 2 show, cell 2 FLIP HORIZONTAL, CELL 4 ROTATE 6, CELL 5 SHOW, CELL 5 ROTATE -6, cell 6 right 1\n1.9: cell 2 hide, cell 3 show, cell 3 FLIP HORIZONTAL, CELL 4 ROTATE -6, CELL 5 SHOW, CELL 5 ROTATE 6, CELL 6 LEFT 1\n2.1: cell 3 hide, cell 2 show, cell 2 FLIP HORIZONTAL, CELL 4 ROTATE 6, CELL 5 SHOW, CELL 5 ROTATE -6, cell 6 right 1\n2.3: cell 2 hide, cell 3 show, cell 3 FLIP HORIZONTAL, CELL 4 ROTATE -6, CELL 5 SHOW, CELL 5 ROTATE 6, CELL 6 LEFT 1\n2.5: cell 3 hide, cell 2 show, cell 2 FLIP HORIZONTAL, CELL 4 ROTATE 6, CELL 5 SHOW, CELL 5 ROTATE -6, cell 6 right 1\n2.7: cell 2 hide, cell 3 show, cell 3 FLIP HORIZONTAL, CELL 4 ROTATE -6, CELL 5 SHOW, CELL 5 ROTATE 6, CELL 6 LEFT 1\n2.9: cell 3 hide, cell 2 show, cell 2 FLIP HORIZONTAL, CELL 4 ROTATE 6, CELL 5 SHOW, CELL 5 ROTATE -6, cell 6 right 1\n3.1: cell 2 hide, cell 3 show, cell 3 FLIP HORIZONTAL, CELL 4 ROTATE -6, CELL 5 SHOW, CELL 5 ROTATE 6, CELL 6 LEFT 1\n3.3: cell 3 hide, cell 2 show, cell 2 FLIP HORIZONTAL, CELL 4 ROTATE 6, CELL 5 SHOW, CELL 5 ROTATE -6, CELL 6 right 1\n3.5: cell 2 hide, cell 3 show, cell 3 FLIP HORIZONTAL, CELL 4 ROTATE -6, CELL 5 SHOW, CELL 5 ROTATE 6, CELL 6 LEFT 1\n3.7: cell 3 hide, cell 2 show, cell 2 FLIP HORIZONTAL, CELL 4 ROTATE 6, CELL 5 SHOW, CELL 5 ROTATE -6, cell 6 right 1\n3.9: cell 2 hide, cell 3 show, cell 3 FLIP HORIZONTAL, CELL 4 ROTATE -6, CELL 5 SHOW, CELL 5 ROTATE 6, CELL 6 LEFT 1\n4: restart"},{"attr":[4],"text":"0: cell 1 show, cell 2 show, cell 3 show, cell 4 show, cell 2 up 19, cell 4 up 19, cell 1 left 11, cell 2 left 11"},{"text":"0: cell 1 show, cell 2 show, cell 3 show, cell 3 down 9, cell 3 opacity 0.6\n0-2: cell 3 opacity 0.3\n2-4: cell 3 opacity 0.6\n4:restart"},null,{"rgb":"73,104,137","attr":[10,6]}],"n":["stars","light-slow","insence","interacting star","light-up","teapot solid 1","message pot","mini desk","self scones","chair","teapot slope 1","gives blanket small","bulb light long","swing climbable","swing chair","bulb light","bulb light line long","bulb light line","one-way","teapot solid 2","teapot solid 1 for sugar","sugar climbable","teapot light","rain","teapot solid climbable","fake table","teapot dynamic deco 2 left","bulb light short","picnic","teapot light"],"dr":[0,0,0,0,0,0,0,0,0,0,0,0,0,0,0,0,0,0,0,0,0,0,0,0,0,0,0,0,0,0]}}