{"x":-1,"y":1,"ps":[[22,1,0,2,0,0],[20,0,0,2,0,0],[21,0,1,2,0,0],[22,0,2,2,0,0],[23,1,3,2,0,0],[25,1,3,2,0,0],[28,0,2,2,0,0],[27,0,2,2,0,0],[26,0,2,2,0,0],[25,0,2,2,0,0],[24,0,2,2,0,0],[23,0,2,2,0,0],[31,0,4,0,0,0],[31,1,4,0,0,0],[31,2,4,0,0,0],[24,1,5,0,0,0],[26,1,5,0,0,0],[30,0,4,0,0,0],[30,1,4,0,0,0],[30,2,4,0,0,0],[31,4,3,2,0,0],[31,3,2,2,0,0],[27,1,3,2,0,0],[28,1,1,2,0,0],[29,0,4,0,0,0],[29,1,4,0,0,0],[29,2,4,0,0,0],[29,3,2,2,0,0],[29,4,0,2,0,0],[30,3,2,2,0,0],[30,4,3,2,0,0]],"v":207,"iix":["584103bca767c39f1352cf6d","584103aca1d1699e13baee09","5840fb3bd51dce5b13b980f3","5840fb85b29cb3eb0fe76a71","5840ff947e801ed90f1c9943","58553f10813f00ef0f890c39"],"i":{"b":["SOLID","SOLID","SOLID","SOLID","SOLID","DYNATHING"],"p":[null,null,null,null,null,{"attr":[10,8],"text":"0: cell 1 show, cell 2 show, cell 3 show, cell 2 down 29, cell 3 down 29, cell 2 right 15, cell 3 left 14 "}],"n":["teapot earth slope-2","teapot earth slope","teapot earth solid 2","teapot earth solid","teapot earth solid 2-2","teapot earth dynamic solid (flip)"],"dr":[0,0,0,0,0,0]}}