[{"x":-4,"y":-4,"ps":[[26,4,0,2,0,0],[21,0,0,3,0,0],[29,17,1,0,0,0]],"v":3,"iix":["5540a2e4e685affc104c037c","550d38f0aea0820b087a2ce2"],"i":{"b":["DECOBG","LIGHT"],"p":[null,{"rgb":"0,0,0","attr":[2]}],"n":["arrow","blackness"],"dr":[0,0]}},{"x":-3,"y":-4,"ps":[[31,23,0,3,0,0],[22,23,0,2,0,0],[14,23,0,2,0,0],[14,14,0,3,0,0],[14,4,0,3,0,0],[4,4,0,2,0,0],[24,9,1,0,0,0],[7,17,1,0,0,0],[6,28,1,0,0,0],[18,19,1,0,0,0],[3,31,2,0,0,0],[26,28,2,0,0,0],[11,17,2,0,0,0]],"v":13,"iix":["5540a2e4e685affc104c037c","50851b490f5afb800f000001","550d38f0aea0820b087a2ce2"],"i":{"b":["DECOBG","LIGHT","LIGHT"],"p":[null,{"rgb":"-80,-80,-80"},{"rgb":"0,0,0","attr":[2]}],"n":["arrow","black light","blackness"],"dr":[0,null,0]}},{"x":-3,"y":-3,"ps":[[31,22,0,3,0,0],[31,11,0,3,0,0],[31,1,0,3,0,0],[15,1,1,0,0,0],[12,10,2,0,0,0],[28,12,2,0,0,0],[29,26,2,0,0,0]],"v":7,"iix":["5540a2e4e685affc104c037c","50851b490f5afb800f000001","550d38f0aea0820b087a2ce2"],"i":{"b":["DECOBG","LIGHT","LIGHT"],"p":[null,{"rgb":"-80,-80,-80"},{"rgb":"0,0,0","attr":[2]}],"n":["arrow","black light","blackness"],"dr":[0,null,0]}},{"x":-3,"y":-2,"ps":[[31,0,0,2,0,0]],"v":1,"iix":["5540a2e4e685affc104c037c"],"i":{"b":["DECOBG"],"p":[],"n":["arrow"],"dr":[0]}},{"x":-2,"y":-4,"ps":[[15,28,0,0,0,0],[15,16,0,0,0,0],[15,4,0,0,0,0],[12,29,1,0,0,0],[13,22,1,0,0,0],[13,0,1,0,0,0],[25,27,2,0,0,0],[25,26,3,0,0,0],[25,28,4,3,0,0],[10,25,5,0,0,0],[19,28,5,0,0,0]],"v":27,"iix":["55cad8cbcad2561913bfeb36","55cd32643fa8cdff0ea2ad1b","55cd2aeaf62cbf87335fb48c","55cd2f31dddbc5fe0efbd8db","52bb64e7501bfd642d000169","550d38f0aea0820b087a2ce2"],"i":{"b":["INTERACT","INTERACT","STACKWEARB","MOVER","DECO","LIGHT"],"p":[{"attr":[6,1,18,5],"checksNears":true,"textSize":201},{"attr":[5,6,1],"checksNears":true,"textSize":70},null,{"attr":[9],"protectPercent":50,"text":"vvvvv..>>>>>>>>>>>>>>>v\n<<<<<<<<<<<<<<<v\n>>>>>>>>>>>>>>>v\n<<<<<<<<<<<<<<<v\n>>>>>>>>>>>>>>>^^^^\n"},null,{"rgb":"0,0,0","attr":[2]}],"n":["climber2","invaderp1","invader1","invaderm1","roadsign arrow","blackness"],"dr":[0,0,0,0,0,0]}},{"x":-2,"y":-3,"ps":[[15,20,0,0,0,0],[15,8,0,0,0,0],[13,20,1,0,0,0],[12,8,1,0,0,0],[23,2,2,0,0,0],[21,2,2,0,0,0],[22,2,2,0,0,0],[20,2,2,0,0,0],[20,1,2,0,0,0],[24,2,2,0,0,0],[24,1,2,0,0,0],[24,20,3,0,0,0],[11,15,3,0,0,0],[23,8,3,0,0,0],[27,14,4,2,0,0],[27,21,4,1,0,0]],"v":38,"iix":["55cad8cbcad2561913bfeb36","55cd32643fa8cdff0ea2ad1b","525f316cbf5c26fd75000053","550d38f0aea0820b087a2ce2","5540a2ffb6da000c2115c6d7"],"i":{"b":["INTERACT","INTERACT","SOLID","LIGHT","DECOBG"],"p":[{"attr":[6,1,18,5],"checksNears":true,"textSize":201},{"attr":[5,6,1],"checksNears":true,"textSize":70},null,{"rgb":"0,0,0","attr":[2]}],"n":["climber2","invaderp1","santuary grass","blackness","arrow"],"dr":[0,0,0,0,0]}},{"iix":["54598a769e836cf71976230e","55cad8cbcad2561913bfeb36","55cd32643fa8cdff0ea2ad1b","5540a2ffb6da000c2115c6d7","5540a2e4e685affc104c037c","550d38f0aea0820b087a2ce2"],"ps":[[30,16,0,0,0,0],[15,24,1,0,0,0],[15,12,1,0,0,0],[15,0,1,0,0,0],[13,24,2,0,0,0],[13,6,2,0,0,0],[27,0,3,1,0,0],[19,0,3,2,0,0],[19,9,3,1,0,0],[19,20,3,1,0,0],[11,0,4,2,0,0],[4,4,5,0,0,0]],"v":21,"x":-2,"y":-2,"i":{"b":["FILLLIGHT","INTERACT","INTERACT","DECOBG","DECOBG","LIGHT"],"p":[{"rgb":"0,0,0","attr":[6]},{"attr":[6,1,18,5],"checksNears":true,"textSize":201},{"attr":[5,6,1],"checksNears":true,"textSize":70},null,null,{"rgb":"0,0,0","attr":[2]}],"n":["heavensdark","climber2","invaderp1","arrow","arrow","blackness"],"dr":[0,0,0,0,0,0]}}]