[{"x":-3,"y":-5,"ps":[[24,20,0,0,0,0],[25,20,0,0,0,0],[31,20,0,0,0,0],[30,20,0,0,0,0],[29,20,0,0,0,0],[28,20,0,0,0,0],[27,20,0,0,0,0],[26,20,0,0,0,0],[23,20,0,0,0,0],[22,20,0,0,0,0],[21,20,0,0,0,0],[20,20,0,0,0,0],[19,20,0,0,0,0],[18,20,0,0,0,0],[17,20,0,0,0,0],[16,20,0,0,0,0],[20,9,2,0,0,0],[6,9,2,0,0,0],[10,11,4,0,0,0],[19,21,5,0,0,0],[19,19,6,0,0,0],[12,17,7,0,0,0],[30,19,8,0,0,0],[30,17,9,0,0,0],[27,19,10,0,0,0],[26,19,11,0,0,0],[25,19,12,0,0,0],[18,19,13,0,0,0],[18,18,14,0,0,0],[9,19,13,0,0,0],[9,18,14,0,0,0],[23,19,16,0,0,0],[20,19,16,0,1,0],[21,19,17,0,0,0],[22,19,17,0,0,0],[17,19,15,0,0,0],[11,19,16,0,1,0],[12,19,17,0,0,0],[13,19,17,0,0,0],[15,19,16,0,0,0],[14,19,17,0,0,0],[10,19,18,0,0,0],[8,19,19,0,0,0],[6,19,20,0,0,0],[7,19,21,0,0,0],[6,18,22,0,0,0],[7,18,23,0,0,0],[17,15,3,0,0,0],[16,11,24,0,0,0],[24,19,13,0,0,0],[24,18,14,0,0,0],[3,19,1,0,0,0],[2,19,25,0,0,0],[4,19,25,0,1,0],[4,18,26,0,0,0],[16,19,27,0,0,0],[5,19,27,0,0,0],[11,20,29,2,0,0],[12,20,29,2,0,0],[13,20,29,2,0,0],[14,20,29,2,0,0],[15,20,29,2,0,0],[10,20,29,2,0,0],[9,20,29,2,0,0],[8,20,29,2,0,0],[7,20,29,2,0,0],[15,21,28,1,0,0],[14,21,29,0,0,0],[13,21,29,0,0,0],[12,21,29,0,0,0],[11,21,29,0,0,0],[10,21,29,0,0,0],[9,21,29,0,0,0],[8,21,29,0,0,0],[7,21,29,0,0,0],[6,21,29,0,0,0],[5,21,29,0,0,0],[4,21,29,0,0,0],[3,21,29,0,0,0],[2,21,29,0,0,0],[1,21,29,0,0,0],[0,21,29,0,0,0],[1,20,29,2,0,0],[2,20,29,2,0,0],[3,20,29,2,0,0],[5,20,29,2,0,0],[4,20,29,2,0,0],[6,20,29,2,0,0],[0,20,29,2,0,0],[0,19,30,0,0,0]],"v":168,"iix":["5519f6a2075c546512d4fedc","546adb37e5dbacb059fc58df","51e460bd134794940a000009","54fc98269d8f7dbc0cf66139","54fc98b52a1f0eaf0cc0037d","54fc5f880740a5c00ced20ad","55df1539c520c5733c40a575","55df15405f162ebf612da0ae","548ed2bda063daef3a12f9c8","548ed1dde8cceff53adf2977","54569380652941906f4dce9e","536e36c45f8032211000023e","530cacf4fd8f21ce0a0008ec","536e3a4388c310ad0e0001e4","536e4d1588c310ad0e0001f9","52fcaecc6483a80076000146","5595223ae116312f20e1b615","559522290001128e0e6245f4","534f96445283d8543400010d","545993578f5986ef19176575","5259be5613fb33dc0e000076","5259be42d6f50ca704000053","5259c2584d5adb766000007d","5259c28c6f9e876605000078","55df178d1769bde062e83ff7","546adb7a92ce62b459f2e402","54639cec86c67f0d156f0d93","546adabfda892c9e588349b0","5518db20012a958c0f0c0c64","5519f4eaad39683841711fed","5463cf7f7d113b0b1546e317"],"i":{"b":["SOLID","DECOBIG","LIGHT","DYNATHING","DYNATHING","DYNATHING","FARBACK","FARBACK","DECOBIG","DECOBIG","DECOBIG","DECOBIG","DECOBIG","GLOW","GLOW","DECOFG","DECO","DECO","DECOBIG","DECOBIG","DECOANIM","DECOANIM","DECOANIM","DECOANIM","FARBACK","DECOBIG","LIVELY","DECOBIG","SOLID","SOLID","DECOBIG"],"p":[null,{"attr":[5]},{"rgb":"113,171,221"},{"text":"0s: cell 1 left 87, cell 2 left 58, cell 3 left 29,cell 4 left 0, cell 5 left 0, cell 5 down 29, cell 6 left 29, cell 6 down 29, cell 7 left 58, cell 7 down 29, cell 8 down 29, cell 8 left 87\n0-2s: cells show\n0-10s: cell 1 left 200,cell 2 left 200,cell 3 left 200,cell 4 left 200,cell 5 left 200,cell 6 left 200,cell 7 left 200,cell 8 left 200\n8-10s: cells hide\n10s: restart\n"},{"attr":[4],"text":"0s: cell 1 left 87, cell 2 left 58, cell 3 left 29,cell 4 left 0, cell 5 left 0, cell 5 down 29, cell 6 left 29, cell 6 down 29, cell 7 left 58, cell 7 down 29, cell 8 down 29, cell 8 left 87\n0-2s: cells show\n0-10s: cell 1 left 200,cell 2 left 200,cell 3 left 200,cell 4 left 200,cell 5 left 200,cell 6 left 200,cell 7 left 200,cell 8 left 200\n8-10s: cells hide\n10s: restart\n"},{"text":"0s: cell 1 show, cell 2 show, cell 3 show, cell 1 down 10, cell 2 down 38, cell 3 down 66, cell 1 pivot 17 28, cell 2 pivot 17 0, cell 3 pivot 17 0,\n\n0-0.5s: cell 2 rotate 2, \n0.5-1s: cell 2 rotate 2, \n1-1.5s: cell 2 rotate -2, \n1.5-2s: cell 2 rotate -2, \n2-2.5s: cell 2 rotate -2,\n2.5-3s: cell 2 rotate -2, \n3-3.5s: cell 2 rotate 2, \n3.5-4s: cell 2 rotate 2, \n4s: restart"},{"rgb":"28,98,152","attr":[5,1],"text":"-150 50\n-100 25 2\n-80 30\n-60 25\n-50 15\n0 0 1\n100 25\n120 23 2\n130 30\n150 35 1\n200 25\n250 50 2"},{"rgb":"55,125,179","attr":[5,1],"text":"-150 50\n-100 25 2\n-80 30\n-60 25\n-50 15\n0 0 1\n100 25\n120 23 2\n130 30\n150 35 1\n200 25\n250 50 2"},null,null,null,null,null,{"rgb":"69,255,140","attr":[6,5]},{"rgb":"32,25,73","attr":[1,5]},null,null,null,null,null,null,null,null,null,{"rgb":"0,0,0","attr":[8,1],"text":"0 0 1\n38 0 2\n0 38 4\n38 38 3"},{"attr":[5]},{"attr":[6]},{"attr":[5]}],"n":["forestynt","grass","blue pastel","mistyfront","misty2back","dynamci vines","mountainscape","mountainscape","frontapple tree (red)","apple tree (red)","tall plants","flora pale heliotrope","flora caryopteris","lily lamp stand","lily lamp","flora squill","wooden dark ironed bench","wooden dark ironed bench middle","flora pasqueflower patch","tree","fountain","fountain","fountain","fountain","moon","grass","butterflys","grass","forestycr","forestyru","plant"],"dr":[0,0,0,0,0,0,0,0,0,0,0,0,0,0,0,0,0,0,0,0,0,0,0,0,0,0,0,0,0,0,0]}},{"x":-3,"y":-4,"ps":[[31,23,0,3,0,0],[22,23,0,2,0,0],[14,23,0,2,0,0],[14,14,0,3,0,0],[14,4,0,3,0,0],[4,4,0,2,0,0],[24,9,1,0,0,0],[7,17,1,0,0,0],[6,28,1,0,0,0],[18,19,1,0,0,0],[3,31,2,0,0,0],[26,28,2,0,0,0],[11,17,2,0,0,0]],"v":13,"iix":["5540a2e4e685affc104c037c","50851b490f5afb800f000001","550d38f0aea0820b087a2ce2"],"i":{"b":["DECOBG","LIGHT","LIGHT"],"p":[null,{"rgb":"-80,-80,-80"},{"rgb":"0,0,0","attr":[2]}],"n":["arrow","black light","blackness"],"dr":[0,null,0]}},{"x":-3,"y":-3,"ps":[[31,22,0,3,0,0],[31,11,0,3,0,0],[31,1,0,3,0,0],[15,1,1,0,0,0],[12,10,2,0,0,0],[28,12,2,0,0,0],[29,26,2,0,0,0]],"v":7,"iix":["5540a2e4e685affc104c037c","50851b490f5afb800f000001","550d38f0aea0820b087a2ce2"],"i":{"b":["DECOBG","LIGHT","LIGHT"],"p":[null,{"rgb":"-80,-80,-80"},{"rgb":"0,0,0","attr":[2]}],"n":["arrow","black light","blackness"],"dr":[0,null,0]}},{"iix":["55cad8cbcad2561913bfeb36","54aef7c90fed03ff2ff82a8f","5519f6a2075c546512d4fedc","550d2b217e77cb7a1be643c9","51e460bd134794940a000009","54fc998d3815dac20cce04d3","54fc98b52a1f0eaf0cc0037d","54fc5f880740a5c00ced20ad","54fc85ed4fc7299b115d7195","55df1539c520c5733c40a575","55df15405f162ebf612da0ae","559522290001128e0e6245f4","5595223ae116312f20e1b615","52f2f88b3841c87a3e000232","5533e0fdd8d631a25ca515cc","52f2f5b23e18b98d3900020d","53742ffa5e627c303c16bda0","55a7f4c8f0535f1c4c77eca1","53869130a64302d3012beebe","522aca5c6eb41bbb02000014","534bb3aaefb6aa7f6400000b","56cb214ee59aa4361004eb3d"],"ps":[[15,24,0,0,0,0],[24,19,1,0,0,0],[25,19,1,0,0,0],[26,19,1,0,0,0],[21,19,1,0,0,0],[20,19,1,0,0,0],[14,19,1,0,0,0],[13,19,1,0,0,0],[12,19,1,0,0,0],[10,19,1,0,0,0],[9,19,1,0,0,0],[8,19,1,0,0,0],[9,20,2,0,0,0],[8,20,2,0,0,0],[14,20,2,0,0,0],[13,20,2,0,0,0],[12,20,2,0,0,0],[11,20,2,0,0,0],[7,20,2,0,0,0],[6,20,2,0,0,0],[5,20,2,0,0,0],[4,20,2,0,0,0],[3,20,2,0,0,0],[2,20,2,0,0,0],[1,20,2,0,0,0],[0,20,2,0,0,0],[6,21,3,0,0,0],[10,10,4,0,0,0],[16,10,4,0,0,0],[19,17,5,0,0,0],[5,12,6,0,0,0],[24,21,7,0,0,0],[5,21,7,0,0,0],[29,19,8,0,0,0],[23,19,8,0,0,0],[27,19,8,0,0,0],[19,19,8,0,0,0],[18,19,8,0,0,0],[17,19,8,0,0,0],[16,19,8,0,0,0],[15,19,8,0,0,0],[11,19,8,0,0,0],[25,17,9,0,0,0],[15,18,9,0,0,0],[10,18,10,0,0,0],[31,19,11,0,0,0],[30,19,12,0,1,0],[28,19,13,0,0,0],[22,15,14,0,0,0],[12,15,14,0,0,0],[8,11,14,0,0,0],[16,11,14,0,0,0],[7,19,15,0,0,0],[3,19,16,0,0,0],[1,19,17,0,0,0],[4,19,18,0,0,0],[2,19,19,0,0,0],[0,19,20,0,0,0],[21,20,2,0,0,0],[22,20,2,0,0,0],[30,20,2,0,0,0],[29,20,2,0,0,0],[26,20,2,0,0,0],[25,20,2,0,0,0],[24,20,2,0,0,0],[23,20,2,0,0,0],[20,20,2,0,0,0],[19,20,2,0,0,0],[15,20,2,0,0,0],[16,20,2,0,0,0],[18,20,2,0,0,0],[17,20,2,0,0,0],[16,21,21,0,0,0],[16,22,21,0,0,0],[16,23,21,0,0,0],[16,24,21,0,0,0],[16,25,21,0,0,0],[16,26,21,0,0,0],[17,26,21,0,0,0],[18,26,21,0,0,0],[19,26,21,0,0,0],[20,26,21,0,0,0],[21,26,21,0,0,0],[22,26,21,0,0,0],[23,26,21,0,0,0],[24,26,21,0,0,0],[25,26,21,0,0,0],[26,26,21,0,0,0],[27,26,21,0,0,0],[28,26,21,0,0,0],[29,26,21,0,0,0],[30,26,21,0,0,0],[31,26,21,0,0,0],[31,20,2,0,0,0],[28,20,2,0,0,0],[27,20,2,0,0,0],[17,25,21,0,0,0],[17,24,21,0,0,0],[17,23,21,0,0,0],[17,22,21,0,0,0],[17,21,21,0,0,0],[10,20,2,0,0,0],[22,19,1,0,0,0]],"v":492,"x":-2,"y":-5,"i":{"b":["INTERACT","DECO","SOLID","FILLLIGHT","LIGHT","DYNATHING","DYNATHING","DYNATHING","DYNATHING","FARBACK","FARBACK","DECO","DECO","DECOBIG","DYNATHING","DECOBIG","GLOW","DECOBIG","DECOFG","DECO","DECOBIG","SOLID"],"p":[{"attr":[6,1,18,5],"checksNears":true,"textSize":201},{"attr":[1]},null,{"rgb":"0,0,0"},{"rgb":"113,171,221"},{"attr":[4],"text":"0s: cell 1 left 87, cell 2 left 58, cell 3 left 29,cell 4 left 0, cell 5 left 0, cell 5 down 29, cell 6 left 29, cell 6 down 29, cell 7 left 58, cell 7 down 29, cell 8 down 29, cell 8 left 87\n0-2s: cells show\n0-10s: cell 1 left 200,cell 2 left 200,cell 3 left 200,cell 4 left 200,cell 5 left 200,cell 6 left 200,cell 7 left 200,cell 8 left 200\n8-10s: cells hide\n10s: restart\n"},{"attr":[4],"text":"0s: cell 1 left 87, cell 2 left 58, cell 3 left 29,cell 4 left 0, cell 5 left 0, cell 5 down 29, cell 6 left 29, cell 6 down 29, cell 7 left 58, cell 7 down 29, cell 8 down 29, cell 8 left 87\n0-2s: cells show\n0-10s: cell 1 left 200,cell 2 left 200,cell 3 left 200,cell 4 left 200,cell 5 left 200,cell 6 left 200,cell 7 left 200,cell 8 left 200\n8-10s: cells hide\n10s: restart\n"},{"text":"0s: cell 1 show, cell 2 show, cell 3 show, cell 1 down 10, cell 2 down 38, cell 3 down 66, cell 1 pivot 17 28, cell 2 pivot 17 0, cell 3 pivot 17 0,\n\n0-0.5s: cell 2 rotate 2, \n0.5-1s: cell 2 rotate 2, \n1-1.5s: cell 2 rotate -2, \n1.5-2s: cell 2 rotate -2, \n2-2.5s: cell 2 rotate -2,\n2.5-3s: cell 2 rotate -2, \n3-3.5s: cell 2 rotate 2, \n3.5-4s: cell 2 rotate 2, \n4s: restart"},{"text":"0s: cell 1 show, cell 2 show, cell 3 show, cell 1 pivot 1 29, cell 2 pivot 1 29, cell 3 pivot 1 29\n0-5s: cell 1 rotate 5,cell 2 rotate 15, cell 3 rotate 20\n5-10s: cell 1 rotate -5,cell 2 rotate -15, cell 3 rotate -20\n10s: restart\n\n\n"},{"rgb":"28,98,152","attr":[5,1],"text":"-150 50\n-100 25 2\n-80 30\n-60 25\n-50 15\n0 0 1\n100 25\n120 23 2\n130 30\n150 35 1\n200 25\n250 50 2"},{"rgb":"55,125,179","attr":[5,1],"text":"-150 50\n-100 25 2\n-80 30\n-60 25\n-50 15\n0 0 1\n100 25\n120 23 2\n130 30\n150 35 1\n200 25\n250 50 2"},null,null,{"attr":[5]},{"attr":[4],"text":"0s: cell 1 left 87, cell 2 left 58, cell 3 left 29,cell 4 left 0, cell 5 left 0, cell 5 down 29, cell 6 left 29, cell 6 down 29, cell 7 left 58, cell 7 down 29, cell 8 down 29, cell 8 left 87\n0-2s: cells show\n0-10s: cell 1 left 300,cell 2 left 250,cell 3 left 100,cell 4 left 150,cell 5 left 210,cell 6 left 270,cell 7 left 130,cell 8 left 230\n8-10s: cells hide\n10s: restart\n"},null,{"rgb":"254,210,181","attr":[1]},{"attr":[5]}],"n":["climber2","stone bench","forestynt","blfilllight","blue pastel","misty3back","misty2back","dynamci vines","grassis2","mountainscape","mountainscape","wooden dark ironed bench middle","wooden dark ironed bench","tree","starslbr","tree","orange glowing flowers","morning glory range (flourish)","fennel","flowers","flora mini fruity peach","invisible"],"dr":[0,0,0,0,0,0,0,0,0,0,0,0,0,0,0,0,0,0,0,0,0,0]}},{"x":-2,"y":-4,"ps":[[15,28,0,0,0,0],[15,16,0,0,0,0],[15,4,0,0,0,0],[12,29,1,0,0,0],[13,22,1,0,0,0],[13,0,1,0,0,0],[25,27,2,0,0,0],[25,26,3,0,0,0],[25,28,4,3,0,0],[10,25,5,0,0,0],[19,28,5,0,0,0]],"v":27,"iix":["55cad8cbcad2561913bfeb36","55cd32643fa8cdff0ea2ad1b","55cd2aeaf62cbf87335fb48c","55cd2f31dddbc5fe0efbd8db","52bb64e7501bfd642d000169","550d38f0aea0820b087a2ce2"],"i":{"b":["INTERACT","INTERACT","STACKWEARB","MOVER","DECO","LIGHT"],"p":[{"attr":[6,1,18,5],"checksNears":true,"textSize":201},{"attr":[5,6,1],"checksNears":true,"textSize":70},null,{"attr":[9],"protectPercent":50,"text":"vvvvv..>>>>>>>>>>>>>>>v\n<<<<<<<<<<<<<<<v\n>>>>>>>>>>>>>>>v\n<<<<<<<<<<<<<<<v\n>>>>>>>>>>>>>>>^^^^\n"},null,{"rgb":"0,0,0","attr":[2]}],"n":["climber2","invaderp1","invader1","invaderm1","roadsign arrow","blackness"],"dr":[0,0,0,0,0,0]}},{"x":-2,"y":-3,"ps":[[15,20,0,0,0,0],[15,8,0,0,0,0],[13,20,1,0,0,0],[12,8,1,0,0,0],[23,2,2,0,0,0],[21,2,2,0,0,0],[22,2,2,0,0,0],[20,2,2,0,0,0],[20,1,2,0,0,0],[24,2,2,0,0,0],[24,1,2,0,0,0],[24,20,3,0,0,0],[11,15,3,0,0,0],[23,8,3,0,0,0],[27,14,4,2,0,0],[27,21,4,1,0,0]],"v":38,"iix":["55cad8cbcad2561913bfeb36","55cd32643fa8cdff0ea2ad1b","525f316cbf5c26fd75000053","550d38f0aea0820b087a2ce2","5540a2ffb6da000c2115c6d7"],"i":{"b":["INTERACT","INTERACT","SOLID","LIGHT","DECOBG"],"p":[{"attr":[6,1,18,5],"checksNears":true,"textSize":201},{"attr":[5,6,1],"checksNears":true,"textSize":70},null,{"rgb":"0,0,0","attr":[2]}],"n":["climber2","invaderp1","santuary grass","blackness","arrow"],"dr":[0,0,0,0,0]}},{"x":-1,"y":-5,"ps":[[13,20,0,0,0,0],[14,20,0,0,0,0],[15,20,0,0,0,0],[21,20,0,0,0,0],[20,20,0,0,0,0],[16,20,0,0,0,0],[17,20,0,0,0,0],[18,20,0,0,0,0],[19,20,0,0,0,0],[22,20,0,0,0,0],[23,20,0,0,0,0],[31,20,0,0,0,0],[30,20,0,0,0,0],[24,20,0,0,0,0],[25,20,0,0,0,0],[26,20,0,0,0,0],[27,20,0,0,0,0],[28,20,0,0,0,0],[29,20,0,0,0,0],[9,21,1,0,0,0],[7,10,2,0,0,0],[21,9,2,0,0,0],[27,15,3,0,0,0],[27,14,4,0,0,0],[10,19,5,0,0,0],[4,14,4,0,0,0],[3,10,3,0,0,0],[23,21,6,0,0,0],[6,21,6,0,0,0],[1,19,7,0,0,0],[2,19,7,0,0,0],[3,19,7,0,0,0],[6,19,7,0,0,0],[7,19,7,0,0,0],[12,19,7,0,0,0],[13,19,7,0,0,0],[20,19,7,0,0,0],[23,19,7,0,0,0],[26,19,7,0,0,0],[28,19,7,0,0,0],[30,19,7,0,0,0],[26,18,8,0,0,0],[27,7,9,0,0,0],[0,19,10,0,0,0],[22,19,11,0,0,0],[22,17,12,0,0,0],[17,19,13,0,0,0],[29,9,14,0,0,0],[3,13,15,0,0,0],[9,10,15,0,0,0],[18,12,15,0,0,0],[4,19,16,0,0,0],[31,19,17,0,0,0],[29,19,18,0,0,0],[27,19,19,0,0,0],[19,19,21,0,0,0],[19,18,21,0,0,0],[19,17,21,0,0,0],[19,16,21,0,0,0],[5,19,22,0,0,0],[15,19,23,0,0,0],[15,18,24,0,0,0],[15,17,25,0,0,0],[15,16,26,0,0,0],[15,15,27,0,0,0],[15,14,28,0,0,0],[15,13,29,0,0,0],[14,13,31,0,0,0],[15,12,30,0,0,0],[16,12,30,0,0,0],[17,12,32,0,0,0],[16,11,32,0,0,0],[17,11,32,0,0,0],[14,11,30,0,0,0],[14,12,30,0,0,0],[15,11,30,0,0,0],[16,10,32,0,0,0],[17,10,32,0,0,0],[16,13,32,0,0,0],[17,13,33,0,0,0],[19,10,15,0,0,0],[13,10,30,0,0,0],[14,9,30,0,0,0],[14,10,30,0,0,0],[15,10,30,0,0,0],[13,11,31,0,0,0],[15,9,30,0,0,0],[16,9,32,0,0,0],[24,19,23,0,0,0],[24,18,24,0,0,0],[24,17,25,0,0,0],[24,16,26,0,0,0],[24,15,27,0,0,0],[24,14,28,0,0,0],[24,13,29,0,0,0],[23,14,31,0,0,0],[25,13,33,0,0,0],[23,13,30,0,0,0],[23,12,30,0,0,0],[22,12,30,0,0,0],[22,11,30,0,0,0],[23,11,30,0,0,0],[22,10,30,0,0,0],[23,10,30,0,0,0],[21,10,30,0,0,0],[21,11,31,0,0,0],[24,12,30,0,0,0],[24,11,32,0,0,0],[25,12,32,0,0,0],[25,11,32,0,0,0],[24,10,32,0,0,0],[25,10,32,0,0,0],[26,10,33,0,0,0],[25,9,32,0,0,0],[24,9,32,0,0,0],[23,9,30,0,0,0],[22,9,30,0,0,0],[24,8,30,0,0,0],[23,8,30,0,0,0],[26,11,33,0,0,0],[18,11,33,0,0,0],[16,15,34,0,0,0],[17,15,34,0,0,0],[18,15,34,0,0,0],[21,15,34,0,0,0],[20,15,34,0,0,0],[22,15,34,0,0,0],[23,15,34,0,0,0],[19,15,21,0,0,0],[21,19,20,0,0,0],[18,19,36,0,0,0],[14,19,35,0,0,0],[16,18,35,0,1,0],[16,19,35,0,1,0],[11,19,37,0,0,0],[11,18,37,0,0,0],[11,16,37,0,0,0],[11,17,37,0,0,0],[9,19,37,0,0,0],[8,19,38,0,0,0],[9,17,37,0,0,0],[9,18,37,0,0,0],[12,20,0,0,0,0],[11,20,0,0,0,0],[3,20,0,0,0,0],[4,20,0,0,0,0],[10,20,0,0,0,0],[9,20,0,0,0,0],[8,20,0,0,0,0],[7,20,0,0,0,0],[6,20,0,0,0,0],[5,20,0,0,0,0],[2,20,0,0,0,0],[1,20,0,0,0,0],[4,26,39,0,0,0],[3,26,39,0,0,0],[0,26,39,0,0,0],[1,26,39,0,0,0],[2,26,39,0,0,0],[4,25,39,0,0,0],[4,24,39,0,0,0],[4,23,39,0,0,0],[4,22,39,0,0,0],[4,21,39,0,0,0],[0,20,0,0,0,0]],"v":320,"iix":["5519f6a2075c546512d4fedc","550d2b217e77cb7a1be643c9","51e460bd134794940a000009","54fc97f9cd45169f11842c02","54fc98b52a1f0eaf0cc0037d","551058b322e727dc20a8a340","54fc5f880740a5c00ced20ad","54fc85ed4fc7299b115d7195","55df57bd9c86d208664627b4","55df178d1769bde062e83ff7","5595223ae116312f20e1b615","548ed2bda063daef3a12f9c8","548ed1dde8cceff53adf2977","52f2f88b3841c87a3e000232","52c9e691b14e90d15c0000c2","5533e0fdd8d631a25ca515cc","548ed2f001b4843b0a54ce4d","5457ecb561cfe7cc472e0e4d","551c68a0a0218215086bcf27","54b2972713fdb55446ed7bc9","54b2968f0eae9dc73bea7165","54d0b9090c5cf2cc2d95180c","56a2e166848ca4740f2a2f15","54fc8dc3208180be0cc24469","54fc8e40519459c90c15b069","54fc8e2e3815dac20cce03da","54fc8ddd3815dac20cce03c7","54fc8e01bd8a58cf0c6b7905","54fc8dafbd8a58cf0c6b7901","54fc8d7b3815dac20cce03c3","54fb6d7a3e47badd0974c9a7","54fb7404ff3eeda772a45aca","54fb798f359859e309753741","54fb79e04d6697e7094131ab","53a42f3cc2f751b64bd15eb3","5403b093e1ccab7d3b060a87","53175a30f6d3ad135100015e","540a0da3469e29235e46dd62","54888750c5ce029a25babc3c","56cb214ee59aa4361004eb3d"],"i":{"b":["SOLID","FILLLIGHT","LIGHT","DYNATHING","DYNATHING","LIGHT","DYNATHING","DYNATHING","FARBACK","FARBACK","DECO","DECOBIG","DECOBIG","DECOBIG","ENVIRONM","DYNATHING","DECOBIG","WRITABLE","WRITABLE","WRITABLE","WRITABLE","CLIMB","INTERACT","DECOBG","DECOBG","DECOBG","DECOBG","DECOBG","DECOBG","DECOBG","DYNATHING","DYNATHING","DYNATHING","DYNATHING","FLEXIBLE","DECOBIG","DECOBIG","DECOBIG","DECOBIG","SOLID"],"p":[null,{"rgb":"0,0,0"},{"rgb":"113,171,221"},{"attr":[4],"text":"0s: cell 1 left 87, cell 2 left 58, cell 3 left 29,cell 4 left 0, cell 5 left 0, cell 5 down 29, cell 6 left 29, cell 6 down 29, cell 7 left 58, cell 7 down 29, cell 8 down 29, cell 8 left 87\n0-2s: cells show\n0-10s: cell 1 left 200,cell 2 left 200,cell 3 left 200,cell 4 left 200,cell 5 left 200,cell 6 left 200,cell 7 left 200,cell 8 left 200\n8-10s: cells hide\n10s: restart\n"},{"attr":[4],"text":"0s: cell 1 left 87, cell 2 left 58, cell 3 left 29,cell 4 left 0, cell 5 left 0, cell 5 down 29, cell 6 left 29, cell 6 down 29, cell 7 left 58, cell 7 down 29, cell 8 down 29, cell 8 left 87\n0-2s: cells show\n0-10s: cell 1 left 200,cell 2 left 200,cell 3 left 200,cell 4 left 200,cell 5 left 200,cell 6 left 200,cell 7 left 200,cell 8 left 200\n8-10s: cells hide\n10s: restart\n"},{"rgb":"135,185,214","attr":[2]},{"text":"0s: cell 1 show, cell 2 show, cell 3 show, cell 1 down 10, cell 2 down 38, cell 3 down 66, cell 1 pivot 17 28, cell 2 pivot 17 0, cell 3 pivot 17 0,\n\n0-0.5s: cell 2 rotate 2, \n0.5-1s: cell 2 rotate 2, \n1-1.5s: cell 2 rotate -2, \n1.5-2s: cell 2 rotate -2, \n2-2.5s: cell 2 rotate -2,\n2.5-3s: cell 2 rotate -2, \n3-3.5s: cell 2 rotate 2, \n3.5-4s: cell 2 rotate 2, \n4s: restart"},{"text":"0s: cell 1 show, cell 2 show, cell 3 show, cell 1 pivot 1 29, cell 2 pivot 1 29, cell 3 pivot 1 29\n0-5s: cell 1 rotate 5,cell 2 rotate 15, cell 3 rotate 20\n5-10s: cell 1 rotate -5,cell 2 rotate -15, cell 3 rotate -20\n10s: restart\n\n\n"},{"rgb":"80,80,80","text":"-500 60 \n-490 40\n-480 20\n-470 5\n-460 -20\n-430 -35\n-425 -37\n-422 -34\n-420 -31\n-400 -20\n-390 -12\n-380 -15\n-360 -5\n-350 -12\n-340 -20\n-320 -25\n-315 -30\n-300 -34\n-290 -30\n-280 -28\n-270 -20\n-250 -5\n-230 -1\n-220 -10\n-210 -14\n-200 -20\n-180 -15\n-170 -11\n-160 -16\n-150 -20\n-140 -30\n-130 -35\n-120 -40\n-115 -45\n-110 -43\n-105 -40\n-100 -35\n-90 -25\n-80 -15\n-70 -19\n-50 -0\n-40 20\n-30 60\n"},{"rgb":"0,0,0","attr":[8,1],"text":"0 0 1\n38 0 2\n0 38 4\n38 38 3"},null,null,null,{"attr":[5]},{"attr":[39]},{"attr":[4],"text":"0s: cell 1 left 87, cell 2 left 58, cell 3 left 29,cell 4 left 0, cell 5 left 0, cell 5 down 29, cell 6 left 29, cell 6 down 29, cell 7 left 58, cell 7 down 29, cell 8 down 29, cell 8 left 87\n0-2s: cells show\n0-10s: cell 1 left 300,cell 2 left 250,cell 3 left 100,cell 4 left 150,cell 5 left 210,cell 6 left 270,cell 7 left 130,cell 8 left 230\n8-10s: cells hide\n10s: restart\n"},{"attr":[5]},{"rgb2":"255,255,255","rgb":"0,0,0"},{"rgb2":"0,40,121","rgb":"0,0,0","attr":[1],"clonedFrom":"550608dade7c46d3092052c9"},{"rgb2":"180,254,249","rgb":"0,135,129"},{"rgb2":"180,228,255","rgb":"17,75,109"},{"attr":[1],"clonedFrom":"54aedf4d6094fa5d48059783"},{"reactsTo":["someone_says"],"attr":[1,6,8,5],"textSize":568},null,null,null,null,null,null,null,{"text":"0s: cell 1 show, cell 2 show, cell 3 show, cell 1 pivot 1 29, cell 2 pivot 1 29, cell 3 pivot 1 29\n0-5s: cell 1 rotate 5,cell 2 rotate 15, cell 3 rotate 20\n5-10s: cell 1 rotate -5,cell 2 rotate -15, cell 3 rotate -20\n10s: restart\n\n\n"},{"text":"0s: cell 1 show, cell 2 show, cell 3 show, cell 1 pivot 29 29, cell 2 pivot 29 29, cell 3 pivot 29 29\n0-5s: cell 1 rotate 5,cell 2 rotate 15, cell 3 rotate 20\n5-10s: cell 1 rotate -5,cell 2 rotate -15, cell 3 rotate -20\n10s: restart\n\n\n"},{"text":"0s: cell 1 show, cell 2 show, cell 3 show, cell 1 pivot 1 29, cell 2 pivot 1 29, cell 3 pivot 1 29\n0-5s: cell 1 rotate 5,cell 2 rotate 15, cell 3 rotate 20\n5-10s: cell 1 rotate -5,cell 2 rotate -15, cell 3 rotate -20\n10s: restart\n\n\n"},{"text":"0s: cell 1 show, cell 2 show, cell 3 show, cell 1 pivot 1 29, cell 2 pivot 1 29, cell 3 pivot 1 29\n0-5s: cell 1 rotate 5,cell 2 rotate 15, cell 3 rotate 20\n5-10s: cell 1 rotate -5,cell 2 rotate -15, cell 3 rotate -20\n10s: restart\n\n\n"},{"rgb":"128,86,0","attr":[1]},null,null,null,{"attr":[5]}],"n":["forestynt","blfilllight","blue pastel","misty","misty2back","morningmist","dynamci vines","grassis2","backgr1","moon","wooden dark ironed bench","frontapple tree (red)","apple tree (red)","tree","stars","starslbr","white flowers","anyland board","game dev board","event announcements","manyland miscellaneous","clonable grass","javahutt","palmwood1b","palmwood2c","palmwood2b","palmwood2","palmwood2","palmwood1","palmwood","leaves","leaveslb","leavesdk","leavesrb","bridge","tree","flora reedgrass","plant life","plant life","invisible"],"dr":[0,0,0,0,0,0,0,0,0,0,0,0,0,0,0,0,0,0,0,0,0,0,0,0,0,0,0,0,0,0,0,0,0,0,0,0,0,0,0,0]}},{"x":-1,"y":-3,"ps":[[24,14,0,2,0,0],[10,14,0,2,0,0]],"v":2,"iix":["5540a2ffb6da000c2115c6d7"],"i":{"b":["DECOBG"],"p":[],"n":["arrow"],"dr":[0]}}]