[{"iix":["55cad8cbcad2561913bfeb36","54aef7c90fed03ff2ff82a8f","5519f6a2075c546512d4fedc","550d2b217e77cb7a1be643c9","51e460bd134794940a000009","54fc998d3815dac20cce04d3","54fc98b52a1f0eaf0cc0037d","54fc5f880740a5c00ced20ad","54fc85ed4fc7299b115d7195","55df1539c520c5733c40a575","55df15405f162ebf612da0ae","559522290001128e0e6245f4","5595223ae116312f20e1b615","52f2f88b3841c87a3e000232","5533e0fdd8d631a25ca515cc","52f2f5b23e18b98d3900020d","53742ffa5e627c303c16bda0","55a7f4c8f0535f1c4c77eca1","53869130a64302d3012beebe","522aca5c6eb41bbb02000014","534bb3aaefb6aa7f6400000b","56cb214ee59aa4361004eb3d"],"ps":[[15,24,0,0,0,0],[24,19,1,0,0,0],[25,19,1,0,0,0],[26,19,1,0,0,0],[21,19,1,0,0,0],[20,19,1,0,0,0],[14,19,1,0,0,0],[13,19,1,0,0,0],[12,19,1,0,0,0],[10,19,1,0,0,0],[9,19,1,0,0,0],[8,19,1,0,0,0],[9,20,2,0,0,0],[8,20,2,0,0,0],[14,20,2,0,0,0],[13,20,2,0,0,0],[12,20,2,0,0,0],[11,20,2,0,0,0],[7,20,2,0,0,0],[6,20,2,0,0,0],[5,20,2,0,0,0],[4,20,2,0,0,0],[3,20,2,0,0,0],[2,20,2,0,0,0],[1,20,2,0,0,0],[0,20,2,0,0,0],[6,21,3,0,0,0],[10,10,4,0,0,0],[16,10,4,0,0,0],[19,17,5,0,0,0],[5,12,6,0,0,0],[24,21,7,0,0,0],[5,21,7,0,0,0],[29,19,8,0,0,0],[23,19,8,0,0,0],[27,19,8,0,0,0],[19,19,8,0,0,0],[18,19,8,0,0,0],[17,19,8,0,0,0],[16,19,8,0,0,0],[15,19,8,0,0,0],[11,19,8,0,0,0],[25,17,9,0,0,0],[15,18,9,0,0,0],[10,18,10,0,0,0],[31,19,11,0,0,0],[30,19,12,0,1,0],[28,19,13,0,0,0],[22,15,14,0,0,0],[12,15,14,0,0,0],[8,11,14,0,0,0],[16,11,14,0,0,0],[7,19,15,0,0,0],[3,19,16,0,0,0],[1,19,17,0,0,0],[4,19,18,0,0,0],[2,19,19,0,0,0],[0,19,20,0,0,0],[21,20,2,0,0,0],[22,20,2,0,0,0],[30,20,2,0,0,0],[29,20,2,0,0,0],[26,20,2,0,0,0],[25,20,2,0,0,0],[24,20,2,0,0,0],[23,20,2,0,0,0],[20,20,2,0,0,0],[19,20,2,0,0,0],[15,20,2,0,0,0],[16,20,2,0,0,0],[18,20,2,0,0,0],[17,20,2,0,0,0],[16,21,21,0,0,0],[16,22,21,0,0,0],[16,23,21,0,0,0],[16,24,21,0,0,0],[16,25,21,0,0,0],[16,26,21,0,0,0],[17,26,21,0,0,0],[18,26,21,0,0,0],[19,26,21,0,0,0],[20,26,21,0,0,0],[21,26,21,0,0,0],[22,26,21,0,0,0],[23,26,21,0,0,0],[24,26,21,0,0,0],[25,26,21,0,0,0],[26,26,21,0,0,0],[27,26,21,0,0,0],[28,26,21,0,0,0],[29,26,21,0,0,0],[30,26,21,0,0,0],[31,26,21,0,0,0],[31,20,2,0,0,0],[28,20,2,0,0,0],[27,20,2,0,0,0],[17,25,21,0,0,0],[17,24,21,0,0,0],[17,23,21,0,0,0],[17,22,21,0,0,0],[17,21,21,0,0,0],[10,20,2,0,0,0],[22,19,1,0,0,0]],"v":492,"x":-2,"y":-5,"i":{"b":["INTERACT","DECO","SOLID","FILLLIGHT","LIGHT","DYNATHING","DYNATHING","DYNATHING","DYNATHING","FARBACK","FARBACK","DECO","DECO","DECOBIG","DYNATHING","DECOBIG","GLOW","DECOBIG","DECOFG","DECO","DECOBIG","SOLID"],"p":[{"attr":[6,1,18,5],"checksNears":true,"textSize":201},{"attr":[1]},null,{"rgb":"0,0,0"},{"rgb":"113,171,221"},{"attr":[4],"text":"0s: cell 1 left 87, cell 2 left 58, cell 3 left 29,cell 4 left 0, cell 5 left 0, cell 5 down 29, cell 6 left 29, cell 6 down 29, cell 7 left 58, cell 7 down 29, cell 8 down 29, cell 8 left 87\n0-2s: cells show\n0-10s: cell 1 left 200,cell 2 left 200,cell 3 left 200,cell 4 left 200,cell 5 left 200,cell 6 left 200,cell 7 left 200,cell 8 left 200\n8-10s: cells hide\n10s: restart\n"},{"attr":[4],"text":"0s: cell 1 left 87, cell 2 left 58, cell 3 left 29,cell 4 left 0, cell 5 left 0, cell 5 down 29, cell 6 left 29, cell 6 down 29, cell 7 left 58, cell 7 down 29, cell 8 down 29, cell 8 left 87\n0-2s: cells show\n0-10s: cell 1 left 200,cell 2 left 200,cell 3 left 200,cell 4 left 200,cell 5 left 200,cell 6 left 200,cell 7 left 200,cell 8 left 200\n8-10s: cells hide\n10s: restart\n"},{"text":"0s: cell 1 show, cell 2 show, cell 3 show, cell 1 down 10, cell 2 down 38, cell 3 down 66, cell 1 pivot 17 28, cell 2 pivot 17 0, cell 3 pivot 17 0,\n\n0-0.5s: cell 2 rotate 2, \n0.5-1s: cell 2 rotate 2, \n1-1.5s: cell 2 rotate -2, \n1.5-2s: cell 2 rotate -2, \n2-2.5s: cell 2 rotate -2,\n2.5-3s: cell 2 rotate -2, \n3-3.5s: cell 2 rotate 2, \n3.5-4s: cell 2 rotate 2, \n4s: restart"},{"text":"0s: cell 1 show, cell 2 show, cell 3 show, cell 1 pivot 1 29, cell 2 pivot 1 29, cell 3 pivot 1 29\n0-5s: cell 1 rotate 5,cell 2 rotate 15, cell 3 rotate 20\n5-10s: cell 1 rotate -5,cell 2 rotate -15, cell 3 rotate -20\n10s: restart\n\n\n"},{"rgb":"28,98,152","attr":[5,1],"text":"-150 50\n-100 25 2\n-80 30\n-60 25\n-50 15\n0 0 1\n100 25\n120 23 2\n130 30\n150 35 1\n200 25\n250 50 2"},{"rgb":"55,125,179","attr":[5,1],"text":"-150 50\n-100 25 2\n-80 30\n-60 25\n-50 15\n0 0 1\n100 25\n120 23 2\n130 30\n150 35 1\n200 25\n250 50 2"},null,null,{"attr":[5]},{"attr":[4],"text":"0s: cell 1 left 87, cell 2 left 58, cell 3 left 29,cell 4 left 0, cell 5 left 0, cell 5 down 29, cell 6 left 29, cell 6 down 29, cell 7 left 58, cell 7 down 29, cell 8 down 29, cell 8 left 87\n0-2s: cells show\n0-10s: cell 1 left 300,cell 2 left 250,cell 3 left 100,cell 4 left 150,cell 5 left 210,cell 6 left 270,cell 7 left 130,cell 8 left 230\n8-10s: cells hide\n10s: restart\n"},null,{"rgb":"254,210,181","attr":[1]},{"attr":[5]}],"n":["climber2","stone bench","forestynt","blfilllight","blue pastel","misty3back","misty2back","dynamci vines","grassis2","mountainscape","mountainscape","wooden dark ironed bench middle","wooden dark ironed bench","tree","starslbr","tree","orange glowing flowers","morning glory range (flourish)","fennel","flowers","flora mini fruity peach","invisible"],"dr":[0,0,0,0,0,0,0,0,0,0,0,0,0,0,0,0,0,0,0,0,0,0]}},{"x":-1,"y":-5,"ps":[[13,20,0,0,0,0],[14,20,0,0,0,0],[15,20,0,0,0,0],[21,20,0,0,0,0],[20,20,0,0,0,0],[16,20,0,0,0,0],[17,20,0,0,0,0],[18,20,0,0,0,0],[19,20,0,0,0,0],[22,20,0,0,0,0],[23,20,0,0,0,0],[31,20,0,0,0,0],[30,20,0,0,0,0],[24,20,0,0,0,0],[25,20,0,0,0,0],[26,20,0,0,0,0],[27,20,0,0,0,0],[28,20,0,0,0,0],[29,20,0,0,0,0],[9,21,1,0,0,0],[7,10,2,0,0,0],[21,9,2,0,0,0],[27,15,3,0,0,0],[27,14,4,0,0,0],[10,19,5,0,0,0],[4,14,4,0,0,0],[3,10,3,0,0,0],[23,21,6,0,0,0],[6,21,6,0,0,0],[1,19,7,0,0,0],[2,19,7,0,0,0],[3,19,7,0,0,0],[6,19,7,0,0,0],[7,19,7,0,0,0],[12,19,7,0,0,0],[13,19,7,0,0,0],[20,19,7,0,0,0],[23,19,7,0,0,0],[26,19,7,0,0,0],[28,19,7,0,0,0],[30,19,7,0,0,0],[26,18,8,0,0,0],[27,7,9,0,0,0],[0,19,10,0,0,0],[22,19,11,0,0,0],[22,17,12,0,0,0],[17,19,13,0,0,0],[29,9,14,0,0,0],[3,13,15,0,0,0],[9,10,15,0,0,0],[18,12,15,0,0,0],[4,19,16,0,0,0],[31,19,17,0,0,0],[29,19,18,0,0,0],[27,19,19,0,0,0],[19,19,21,0,0,0],[19,18,21,0,0,0],[19,17,21,0,0,0],[19,16,21,0,0,0],[5,19,22,0,0,0],[15,19,23,0,0,0],[15,18,24,0,0,0],[15,17,25,0,0,0],[15,16,26,0,0,0],[15,15,27,0,0,0],[15,14,28,0,0,0],[15,13,29,0,0,0],[14,13,31,0,0,0],[15,12,30,0,0,0],[16,12,30,0,0,0],[17,12,32,0,0,0],[16,11,32,0,0,0],[17,11,32,0,0,0],[14,11,30,0,0,0],[14,12,30,0,0,0],[15,11,30,0,0,0],[16,10,32,0,0,0],[17,10,32,0,0,0],[16,13,32,0,0,0],[17,13,33,0,0,0],[19,10,15,0,0,0],[13,10,30,0,0,0],[14,9,30,0,0,0],[14,10,30,0,0,0],[15,10,30,0,0,0],[13,11,31,0,0,0],[15,9,30,0,0,0],[16,9,32,0,0,0],[24,19,23,0,0,0],[24,18,24,0,0,0],[24,17,25,0,0,0],[24,16,26,0,0,0],[24,15,27,0,0,0],[24,14,28,0,0,0],[24,13,29,0,0,0],[23,14,31,0,0,0],[25,13,33,0,0,0],[23,13,30,0,0,0],[23,12,30,0,0,0],[22,12,30,0,0,0],[22,11,30,0,0,0],[23,11,30,0,0,0],[22,10,30,0,0,0],[23,10,30,0,0,0],[21,10,30,0,0,0],[21,11,31,0,0,0],[24,12,30,0,0,0],[24,11,32,0,0,0],[25,12,32,0,0,0],[25,11,32,0,0,0],[24,10,32,0,0,0],[25,10,32,0,0,0],[26,10,33,0,0,0],[25,9,32,0,0,0],[24,9,32,0,0,0],[23,9,30,0,0,0],[22,9,30,0,0,0],[24,8,30,0,0,0],[23,8,30,0,0,0],[26,11,33,0,0,0],[18,11,33,0,0,0],[16,15,34,0,0,0],[17,15,34,0,0,0],[18,15,34,0,0,0],[21,15,34,0,0,0],[20,15,34,0,0,0],[22,15,34,0,0,0],[23,15,34,0,0,0],[19,15,21,0,0,0],[21,19,20,0,0,0],[18,19,36,0,0,0],[14,19,35,0,0,0],[16,18,35,0,1,0],[16,19,35,0,1,0],[11,19,37,0,0,0],[11,18,37,0,0,0],[11,16,37,0,0,0],[11,17,37,0,0,0],[9,19,37,0,0,0],[8,19,38,0,0,0],[9,17,37,0,0,0],[9,18,37,0,0,0],[12,20,0,0,0,0],[11,20,0,0,0,0],[3,20,0,0,0,0],[4,20,0,0,0,0],[10,20,0,0,0,0],[9,20,0,0,0,0],[8,20,0,0,0,0],[7,20,0,0,0,0],[6,20,0,0,0,0],[5,20,0,0,0,0],[2,20,0,0,0,0],[1,20,0,0,0,0],[4,26,39,0,0,0],[3,26,39,0,0,0],[0,26,39,0,0,0],[1,26,39,0,0,0],[2,26,39,0,0,0],[4,25,39,0,0,0],[4,24,39,0,0,0],[4,23,39,0,0,0],[4,22,39,0,0,0],[4,21,39,0,0,0],[0,20,0,0,0,0]],"v":320,"iix":["5519f6a2075c546512d4fedc","550d2b217e77cb7a1be643c9","51e460bd134794940a000009","54fc97f9cd45169f11842c02","54fc98b52a1f0eaf0cc0037d","551058b322e727dc20a8a340","54fc5f880740a5c00ced20ad","54fc85ed4fc7299b115d7195","55df57bd9c86d208664627b4","55df178d1769bde062e83ff7","5595223ae116312f20e1b615","548ed2bda063daef3a12f9c8","548ed1dde8cceff53adf2977","52f2f88b3841c87a3e000232","52c9e691b14e90d15c0000c2","5533e0fdd8d631a25ca515cc","548ed2f001b4843b0a54ce4d","5457ecb561cfe7cc472e0e4d","551c68a0a0218215086bcf27","54b2972713fdb55446ed7bc9","54b2968f0eae9dc73bea7165","54d0b9090c5cf2cc2d95180c","56a2e166848ca4740f2a2f15","54fc8dc3208180be0cc24469","54fc8e40519459c90c15b069","54fc8e2e3815dac20cce03da","54fc8ddd3815dac20cce03c7","54fc8e01bd8a58cf0c6b7905","54fc8dafbd8a58cf0c6b7901","54fc8d7b3815dac20cce03c3","54fb6d7a3e47badd0974c9a7","54fb7404ff3eeda772a45aca","54fb798f359859e309753741","54fb79e04d6697e7094131ab","53a42f3cc2f751b64bd15eb3","5403b093e1ccab7d3b060a87","53175a30f6d3ad135100015e","540a0da3469e29235e46dd62","54888750c5ce029a25babc3c","56cb214ee59aa4361004eb3d"],"i":{"b":["SOLID","FILLLIGHT","LIGHT","DYNATHING","DYNATHING","LIGHT","DYNATHING","DYNATHING","FARBACK","FARBACK","DECO","DECOBIG","DECOBIG","DECOBIG","ENVIRONM","DYNATHING","DECOBIG","WRITABLE","WRITABLE","WRITABLE","WRITABLE","CLIMB","INTERACT","DECOBG","DECOBG","DECOBG","DECOBG","DECOBG","DECOBG","DECOBG","DYNATHING","DYNATHING","DYNATHING","DYNATHING","FLEXIBLE","DECOBIG","DECOBIG","DECOBIG","DECOBIG","SOLID"],"p":[null,{"rgb":"0,0,0"},{"rgb":"113,171,221"},{"attr":[4],"text":"0s: cell 1 left 87, cell 2 left 58, cell 3 left 29,cell 4 left 0, cell 5 left 0, cell 5 down 29, cell 6 left 29, cell 6 down 29, cell 7 left 58, cell 7 down 29, cell 8 down 29, cell 8 left 87\n0-2s: cells show\n0-10s: cell 1 left 200,cell 2 left 200,cell 3 left 200,cell 4 left 200,cell 5 left 200,cell 6 left 200,cell 7 left 200,cell 8 left 200\n8-10s: cells hide\n10s: restart\n"},{"attr":[4],"text":"0s: cell 1 left 87, cell 2 left 58, cell 3 left 29,cell 4 left 0, cell 5 left 0, cell 5 down 29, cell 6 left 29, cell 6 down 29, cell 7 left 58, cell 7 down 29, cell 8 down 29, cell 8 left 87\n0-2s: cells show\n0-10s: cell 1 left 200,cell 2 left 200,cell 3 left 200,cell 4 left 200,cell 5 left 200,cell 6 left 200,cell 7 left 200,cell 8 left 200\n8-10s: cells hide\n10s: restart\n"},{"rgb":"135,185,214","attr":[2]},{"text":"0s: cell 1 show, cell 2 show, cell 3 show, cell 1 down 10, cell 2 down 38, cell 3 down 66, cell 1 pivot 17 28, cell 2 pivot 17 0, cell 3 pivot 17 0,\n\n0-0.5s: cell 2 rotate 2, \n0.5-1s: cell 2 rotate 2, \n1-1.5s: cell 2 rotate -2, \n1.5-2s: cell 2 rotate -2, \n2-2.5s: cell 2 rotate -2,\n2.5-3s: cell 2 rotate -2, \n3-3.5s: cell 2 rotate 2, \n3.5-4s: cell 2 rotate 2, \n4s: restart"},{"text":"0s: cell 1 show, cell 2 show, cell 3 show, cell 1 pivot 1 29, cell 2 pivot 1 29, cell 3 pivot 1 29\n0-5s: cell 1 rotate 5,cell 2 rotate 15, cell 3 rotate 20\n5-10s: cell 1 rotate -5,cell 2 rotate -15, cell 3 rotate -20\n10s: restart\n\n\n"},{"rgb":"80,80,80","text":"-500 60 \n-490 40\n-480 20\n-470 5\n-460 -20\n-430 -35\n-425 -37\n-422 -34\n-420 -31\n-400 -20\n-390 -12\n-380 -15\n-360 -5\n-350 -12\n-340 -20\n-320 -25\n-315 -30\n-300 -34\n-290 -30\n-280 -28\n-270 -20\n-250 -5\n-230 -1\n-220 -10\n-210 -14\n-200 -20\n-180 -15\n-170 -11\n-160 -16\n-150 -20\n-140 -30\n-130 -35\n-120 -40\n-115 -45\n-110 -43\n-105 -40\n-100 -35\n-90 -25\n-80 -15\n-70 -19\n-50 -0\n-40 20\n-30 60\n"},{"rgb":"0,0,0","attr":[8,1],"text":"0 0 1\n38 0 2\n0 38 4\n38 38 3"},null,null,null,{"attr":[5]},{"attr":[39]},{"attr":[4],"text":"0s: cell 1 left 87, cell 2 left 58, cell 3 left 29,cell 4 left 0, cell 5 left 0, cell 5 down 29, cell 6 left 29, cell 6 down 29, cell 7 left 58, cell 7 down 29, cell 8 down 29, cell 8 left 87\n0-2s: cells show\n0-10s: cell 1 left 300,cell 2 left 250,cell 3 left 100,cell 4 left 150,cell 5 left 210,cell 6 left 270,cell 7 left 130,cell 8 left 230\n8-10s: cells hide\n10s: restart\n"},{"attr":[5]},{"rgb2":"255,255,255","rgb":"0,0,0"},{"rgb2":"0,40,121","rgb":"0,0,0","attr":[1],"clonedFrom":"550608dade7c46d3092052c9"},{"rgb2":"180,254,249","rgb":"0,135,129"},{"rgb2":"180,228,255","rgb":"17,75,109"},{"attr":[1],"clonedFrom":"54aedf4d6094fa5d48059783"},{"reactsTo":["someone_says"],"attr":[1,6,8,5],"textSize":568},null,null,null,null,null,null,null,{"text":"0s: cell 1 show, cell 2 show, cell 3 show, cell 1 pivot 1 29, cell 2 pivot 1 29, cell 3 pivot 1 29\n0-5s: cell 1 rotate 5,cell 2 rotate 15, cell 3 rotate 20\n5-10s: cell 1 rotate -5,cell 2 rotate -15, cell 3 rotate -20\n10s: restart\n\n\n"},{"text":"0s: cell 1 show, cell 2 show, cell 3 show, cell 1 pivot 29 29, cell 2 pivot 29 29, cell 3 pivot 29 29\n0-5s: cell 1 rotate 5,cell 2 rotate 15, cell 3 rotate 20\n5-10s: cell 1 rotate -5,cell 2 rotate -15, cell 3 rotate -20\n10s: restart\n\n\n"},{"text":"0s: cell 1 show, cell 2 show, cell 3 show, cell 1 pivot 1 29, cell 2 pivot 1 29, cell 3 pivot 1 29\n0-5s: cell 1 rotate 5,cell 2 rotate 15, cell 3 rotate 20\n5-10s: cell 1 rotate -5,cell 2 rotate -15, cell 3 rotate -20\n10s: restart\n\n\n"},{"text":"0s: cell 1 show, cell 2 show, cell 3 show, cell 1 pivot 1 29, cell 2 pivot 1 29, cell 3 pivot 1 29\n0-5s: cell 1 rotate 5,cell 2 rotate 15, cell 3 rotate 20\n5-10s: cell 1 rotate -5,cell 2 rotate -15, cell 3 rotate -20\n10s: restart\n\n\n"},{"rgb":"128,86,0","attr":[1]},null,null,null,{"attr":[5]}],"n":["forestynt","blfilllight","blue pastel","misty","misty2back","morningmist","dynamci vines","grassis2","backgr1","moon","wooden dark ironed bench","frontapple tree (red)","apple tree (red)","tree","stars","starslbr","white flowers","anyland board","game dev board","event announcements","manyland miscellaneous","clonable grass","javahutt","palmwood1b","palmwood2c","palmwood2b","palmwood2","palmwood2","palmwood1","palmwood","leaves","leaveslb","leavesdk","leavesrb","bridge","tree","flora reedgrass","plant life","plant life","invisible"],"dr":[0,0,0,0,0,0,0,0,0,0,0,0,0,0,0,0,0,0,0,0,0,0,0,0,0,0,0,0,0,0,0,0,0,0,0,0,0,0,0,0]}},{"x":0,"y":-5,"ps":[[0,20,0,0,0,0],[1,20,0,0,0,0],[7,20,0,0,0,0],[6,20,0,0,0,0],[2,20,0,0,0,0],[3,20,0,0,0,0],[4,20,0,0,0,0],[5,20,0,0,0,0],[2,8,1,0,0,0],[8,10,2,0,0,0],[6,15,3,0,0,0],[0,19,4,0,0,0],[5,19,5,0,0,0],[3,19,6,0,0,0],[2,15,7,0,0,0],[6,11,7,0,0,0],[8,20,0,0,0,0],[9,20,0,0,0,0],[15,20,0,0,0,0],[10,20,0,0,0,0],[11,20,0,0,0,0],[12,20,0,0,0,0],[13,20,0,0,0,0],[14,20,0,0,0,0],[19,18,5,0,0,0],[16,20,8,0,0,0],[16,19,9,0,0,0],[14,19,10,0,0,0],[13,19,11,0,0,0],[12,19,12,0,0,0],[11,19,13,0,0,0],[9,19,14,0,0,0],[18,20,15,1,0,0],[18,25,15,1,0,0],[23,13,16,0,0,0],[24,10,16,0,0,0],[0,21,17,0,0,0],[6,19,18,0,0,0],[4,19,19,0,0,0],[1,19,20,0,0,0],[10,19,21,0,0,0],[8,19,22,0,0,0],[13,18,11,0,0,0],[13,16,11,0,0,0],[13,15,11,0,1,0],[13,17,11,0,0,0]],"v":63,"iix":["5519f6a2075c546512d4fedc","51e460bd134794940a000009","54fc98269d8f7dbc0cf66139","54fc998d3815dac20cce04d3","54fc85ed4fc7299b115d7195","55df57bd9c86d208664627b4","54a5b317c7f8e69035b989da","5533e0fdd8d631a25ca515cc","551a03e3c4410d8f1675e638","5348c80f864a82fb2a00010d","5380f7d2709a076801c36482","54888750c5ce029a25babc3c","535aeab5df6b0c465e0010e5","54596dcf4c340af9193bbe65","537b819d639f690602388e84","5540a2ffb6da000c2115c6d7","50851b490f5afb800f000001","550d2b217e77cb7a1be643c9","547d273f7e7c6fcd3d02b909","54871fe5505fccaf59dea29c","53a0a527617f1ea72506d983","546a9e07365cba015d89d2a9","546dee4f2dd3831e58ff38c1"],"i":{"b":["SOLID","LIGHT","DYNATHING","DYNATHING","DYNATHING","FARBACK","DECOBIG","DYNATHING","PASS","MNTAIR","DECOBIG","DECOBIG","DECOBIG","DECOBIG","DECOFG","DECOBG","LIGHT","FILLLIGHT","WRITABLE","WRITABLE","WRITABLE","WRITABLE","WRITABLE"],"p":[null,{"rgb":"113,171,221"},{"text":"0s: cell 1 left 87, cell 2 left 58, cell 3 left 29,cell 4 left 0, cell 5 left 0, cell 5 down 29, cell 6 left 29, cell 6 down 29, cell 7 left 58, cell 7 down 29, cell 8 down 29, cell 8 left 87\n0-2s: cells show\n0-10s: cell 1 left 200,cell 2 left 200,cell 3 left 200,cell 4 left 200,cell 5 left 200,cell 6 left 200,cell 7 left 200,cell 8 left 200\n8-10s: cells hide\n10s: restart\n"},{"attr":[4],"text":"0s: cell 1 left 87, cell 2 left 58, cell 3 left 29,cell 4 left 0, cell 5 left 0, cell 5 down 29, cell 6 left 29, cell 6 down 29, cell 7 left 58, cell 7 down 29, cell 8 down 29, cell 8 left 87\n0-2s: cells show\n0-10s: cell 1 left 200,cell 2 left 200,cell 3 left 200,cell 4 left 200,cell 5 left 200,cell 6 left 200,cell 7 left 200,cell 8 left 200\n8-10s: cells hide\n10s: restart\n"},{"text":"0s: cell 1 show, cell 2 show, cell 3 show, cell 1 pivot 1 29, cell 2 pivot 1 29, cell 3 pivot 1 29\n0-5s: cell 1 rotate 5,cell 2 rotate 15, cell 3 rotate 20\n5-10s: cell 1 rotate -5,cell 2 rotate -15, cell 3 rotate -20\n10s: restart\n\n\n"},{"rgb":"80,80,80","text":"-500 60 \n-490 40\n-480 20\n-470 5\n-460 -20\n-430 -35\n-425 -37\n-422 -34\n-420 -31\n-400 -20\n-390 -12\n-380 -15\n-360 -5\n-350 -12\n-340 -20\n-320 -25\n-315 -30\n-300 -34\n-290 -30\n-280 -28\n-270 -20\n-250 -5\n-230 -1\n-220 -10\n-210 -14\n-200 -20\n-180 -15\n-170 -11\n-160 -16\n-150 -20\n-140 -30\n-130 -35\n-120 -40\n-115 -45\n-110 -43\n-105 -40\n-100 -35\n-90 -25\n-80 -15\n-70 -19\n-50 -0\n-40 20\n-30 60\n"},null,{"attr":[4],"text":"0s: cell 1 left 87, cell 2 left 58, cell 3 left 29,cell 4 left 0, cell 5 left 0, cell 5 down 29, cell 6 left 29, cell 6 down 29, cell 7 left 58, cell 7 down 29, cell 8 down 29, cell 8 left 87\n0-2s: cells show\n0-10s: cell 1 left 300,cell 2 left 250,cell 3 left 100,cell 4 left 150,cell 5 left 210,cell 6 left 270,cell 7 left 130,cell 8 left 230\n8-10s: cells hide\n10s: restart\n"},null,{"attr":[11,7,4],"offset":{"y":-3,"x":0}},null,{"attr":[5]},null,{"attr":[5]},null,null,{"rgb":"-80,-80,-80"},{"rgb":"0,0,0"},{"rgb2":"10,1,6","rgb":"131,40,42","attr":[1]},{"rgb2":"255,255,255","rgb":"123,189,189","attr":[1]},{"rgb2":"99,88,72","rgb":"209,199,146"},{"rgb2":"0,0,0","rgb":"159,132,81"},{"rgb2":"0,0,0","rgb":"159,132,81"}],"n":["forestynt","blue pastel","mistyfront","misty3back","grassis2","backgr1","tree","starslbr","forestone3","chair","sea rose bush","plant life","plant life","purple bush","bleeding heart flower pink","arrow","black light","blfilllight","advertisment board","failwhale hunt board","art board","request board","suggestion board"],"dr":[0,0,0,0,0,0,0,0,0,0,0,0,0,0,0,0,null,0,0,0,0,0,0]}}]