[{"x":-4,"y":-1,"ps":[[22,31,0,1,0,0],[22,30,0,1,0,0],[22,29,0,1,0,0],[22,28,0,1,0,0],[22,27,0,1,0,0],[22,26,0,1,0,0],[22,25,0,1,0,0],[22,24,0,1,0,0],[22,23,0,1,0,0],[22,22,0,1,0,0],[22,21,0,1,0,0],[22,20,0,1,0,0],[22,19,0,1,0,0],[22,18,0,1,0,0],[22,16,0,1,0,0],[22,17,0,1,0,0]],"v":16,"iix":["55d52c5192a1f4924a32b66d"],"i":{"b":["PUSH"],"p":[],"n":["push"],"dr":[1]}},{"x":-3,"y":-3,"ps":[[31,22,0,3,0,0],[31,11,0,3,0,0],[31,1,0,3,0,0],[15,1,1,0,0,0],[12,10,2,0,0,0],[28,12,2,0,0,0],[29,26,2,0,0,0]],"v":7,"iix":["5540a2e4e685affc104c037c","50851b490f5afb800f000001","550d38f0aea0820b087a2ce2"],"i":{"b":["DECOBG","LIGHT","LIGHT"],"p":[null,{"rgb":"-80,-80,-80"},{"rgb":"0,0,0","attr":[2]}],"n":["arrow","black light","blackness"],"dr":[0,null,0]}},{"x":-3,"y":-2,"ps":[[31,0,0,2,0,0]],"v":1,"iix":["5540a2e4e685affc104c037c"],"i":{"b":["DECOBG"],"p":[],"n":["arrow"],"dr":[0]}},{"x":-2,"y":-3,"ps":[[15,20,0,0,0,0],[15,8,0,0,0,0],[13,20,1,0,0,0],[12,8,1,0,0,0],[23,2,2,0,0,0],[21,2,2,0,0,0],[22,2,2,0,0,0],[20,2,2,0,0,0],[20,1,2,0,0,0],[24,2,2,0,0,0],[24,1,2,0,0,0],[24,20,3,0,0,0],[11,15,3,0,0,0],[23,8,3,0,0,0],[27,14,4,2,0,0],[27,21,4,1,0,0]],"v":38,"iix":["55cad8cbcad2561913bfeb36","55cd32643fa8cdff0ea2ad1b","525f316cbf5c26fd75000053","550d38f0aea0820b087a2ce2","5540a2ffb6da000c2115c6d7"],"i":{"b":["INTERACT","INTERACT","SOLID","LIGHT","DECOBG"],"p":[{"attr":[6,1,18,5],"checksNears":true,"textSize":201},{"attr":[5,6,1],"checksNears":true,"textSize":70},null,{"rgb":"0,0,0","attr":[2]}],"n":["climber2","invaderp1","santuary grass","blackness","arrow"],"dr":[0,0,0,0,0]}},{"iix":["54598a769e836cf71976230e","55cad8cbcad2561913bfeb36","55cd32643fa8cdff0ea2ad1b","5540a2ffb6da000c2115c6d7","5540a2e4e685affc104c037c","550d38f0aea0820b087a2ce2"],"ps":[[30,16,0,0,0,0],[15,24,1,0,0,0],[15,12,1,0,0,0],[15,0,1,0,0,0],[13,24,2,0,0,0],[13,6,2,0,0,0],[27,0,3,1,0,0],[19,0,3,2,0,0],[19,9,3,1,0,0],[19,20,3,1,0,0],[11,0,4,2,0,0],[4,4,5,0,0,0]],"v":21,"x":-2,"y":-2,"i":{"b":["FILLLIGHT","INTERACT","INTERACT","DECOBG","DECOBG","LIGHT"],"p":[{"rgb":"0,0,0","attr":[6]},{"attr":[6,1,18,5],"checksNears":true,"textSize":201},{"attr":[5,6,1],"checksNears":true,"textSize":70},null,null,{"rgb":"0,0,0","attr":[2]}],"n":["heavensdark","climber2","invaderp1","arrow","arrow","blackness"],"dr":[0,0,0,0,0,0]}},{"iix":["54598a769e836cf71976230e","55cad8cbcad2561913bfeb36","55cd32643fa8cdff0ea2ad1b"],"ps":[[26,31,0,0,0,0],[27,6,0,0,0,0],[15,16,1,0,0,0],[15,4,1,0,0,0],[12,19,2,0,0,0],[13,6,2,0,0,0],[15,29,1,0,0,0]],"v":14,"x":-2,"y":-1,"i":{"b":["FILLLIGHT","INTERACT","INTERACT"],"p":[{"rgb":"0,0,0","attr":[6]},{"attr":[6,1,18,5],"checksNears":true,"textSize":201},{"attr":[5,6,1],"checksNears":true,"textSize":70}],"n":["heavensdark","climber2","invaderp1"],"dr":[0,0,0]}}]