[{"x":-4,"y":-4,"ps":[[26,4,0,2,0,0],[21,0,0,3,0,0],[29,17,1,0,0,0]],"v":3,"iix":["5540a2e4e685affc104c037c","550d38f0aea0820b087a2ce2"],"i":{"b":["DECOBG","LIGHT"],"p":[null,{"rgb":"0,0,0","attr":[2]}],"n":["arrow","blackness"],"dr":[0,0]}},{"x":-3,"y":-4,"ps":[[31,23,0,3,0,0],[22,23,0,2,0,0],[14,23,0,2,0,0],[14,14,0,3,0,0],[14,4,0,3,0,0],[4,4,0,2,0,0],[24,9,1,0,0,0],[7,17,1,0,0,0],[6,28,1,0,0,0],[18,19,1,0,0,0],[3,31,2,0,0,0],[26,28,2,0,0,0],[11,17,2,0,0,0]],"v":13,"iix":["5540a2e4e685affc104c037c","50851b490f5afb800f000001","550d38f0aea0820b087a2ce2"],"i":{"b":["DECOBG","LIGHT","LIGHT"],"p":[null,{"rgb":"-80,-80,-80"},{"rgb":"0,0,0","attr":[2]}],"n":["arrow","black light","blackness"],"dr":[0,null,0]}},{"x":-3,"y":-3,"ps":[[31,22,0,3,0,0],[31,11,0,3,0,0],[31,1,0,3,0,0],[15,1,1,0,0,0],[12,10,2,0,0,0],[28,12,2,0,0,0],[29,26,2,0,0,0]],"v":7,"iix":["5540a2e4e685affc104c037c","50851b490f5afb800f000001","550d38f0aea0820b087a2ce2"],"i":{"b":["DECOBG","LIGHT","LIGHT"],"p":[null,{"rgb":"-80,-80,-80"},{"rgb":"0,0,0","attr":[2]}],"n":["arrow","black light","blackness"],"dr":[0,null,0]}},{"x":-3,"y":-2,"ps":[[31,0,0,2,0,0]],"v":1,"iix":["5540a2e4e685affc104c037c"],"i":{"b":["DECOBG"],"p":[],"n":["arrow"],"dr":[0]}}]