[{"x":0,"y":-5,"ps":[[0,20,0,0,0,0],[1,20,0,0,0,0],[7,20,0,0,0,0],[6,20,0,0,0,0],[2,20,0,0,0,0],[3,20,0,0,0,0],[4,20,0,0,0,0],[5,20,0,0,0,0],[2,8,1,0,0,0],[8,10,2,0,0,0],[6,15,3,0,0,0],[0,19,4,0,0,0],[5,19,5,0,0,0],[3,19,6,0,0,0],[2,15,7,0,0,0],[6,11,7,0,0,0],[8,20,0,0,0,0],[9,20,0,0,0,0],[15,20,0,0,0,0],[10,20,0,0,0,0],[11,20,0,0,0,0],[12,20,0,0,0,0],[13,20,0,0,0,0],[14,20,0,0,0,0],[19,18,5,0,0,0],[16,20,8,0,0,0],[16,19,9,0,0,0],[14,19,10,0,0,0],[13,19,11,0,0,0],[12,19,12,0,0,0],[11,19,13,0,0,0],[9,19,14,0,0,0],[18,20,15,1,0,0],[18,25,15,1,0,0],[23,13,16,0,0,0],[24,10,16,0,0,0],[0,21,17,0,0,0],[6,19,18,0,0,0],[4,19,19,0,0,0],[1,19,20,0,0,0],[10,19,21,0,0,0],[8,19,22,0,0,0],[13,18,11,0,0,0],[13,16,11,0,0,0],[13,15,11,0,1,0],[13,17,11,0,0,0]],"v":63,"iix":["5519f6a2075c546512d4fedc","51e460bd134794940a000009","54fc98269d8f7dbc0cf66139","54fc998d3815dac20cce04d3","54fc85ed4fc7299b115d7195","55df57bd9c86d208664627b4","54a5b317c7f8e69035b989da","5533e0fdd8d631a25ca515cc","551a03e3c4410d8f1675e638","5348c80f864a82fb2a00010d","5380f7d2709a076801c36482","54888750c5ce029a25babc3c","535aeab5df6b0c465e0010e5","54596dcf4c340af9193bbe65","537b819d639f690602388e84","5540a2ffb6da000c2115c6d7","50851b490f5afb800f000001","550d2b217e77cb7a1be643c9","547d273f7e7c6fcd3d02b909","54871fe5505fccaf59dea29c","53a0a527617f1ea72506d983","546a9e07365cba015d89d2a9","546dee4f2dd3831e58ff38c1"],"i":{"b":["SOLID","LIGHT","DYNATHING","DYNATHING","DYNATHING","FARBACK","DECOBIG","DYNATHING","PASS","MNTAIR","DECOBIG","DECOBIG","DECOBIG","DECOBIG","DECOFG","DECOBG","LIGHT","FILLLIGHT","WRITABLE","WRITABLE","WRITABLE","WRITABLE","WRITABLE"],"p":[null,{"rgb":"113,171,221"},{"text":"0s: cell 1 left 87, cell 2 left 58, cell 3 left 29,cell 4 left 0, cell 5 left 0, cell 5 down 29, cell 6 left 29, cell 6 down 29, cell 7 left 58, cell 7 down 29, cell 8 down 29, cell 8 left 87\n0-2s: cells show\n0-10s: cell 1 left 200,cell 2 left 200,cell 3 left 200,cell 4 left 200,cell 5 left 200,cell 6 left 200,cell 7 left 200,cell 8 left 200\n8-10s: cells hide\n10s: restart\n"},{"attr":[4],"text":"0s: cell 1 left 87, cell 2 left 58, cell 3 left 29,cell 4 left 0, cell 5 left 0, cell 5 down 29, cell 6 left 29, cell 6 down 29, cell 7 left 58, cell 7 down 29, cell 8 down 29, cell 8 left 87\n0-2s: cells show\n0-10s: cell 1 left 200,cell 2 left 200,cell 3 left 200,cell 4 left 200,cell 5 left 200,cell 6 left 200,cell 7 left 200,cell 8 left 200\n8-10s: cells hide\n10s: restart\n"},{"text":"0s: cell 1 show, cell 2 show, cell 3 show, cell 1 pivot 1 29, cell 2 pivot 1 29, cell 3 pivot 1 29\n0-5s: cell 1 rotate 5,cell 2 rotate 15, cell 3 rotate 20\n5-10s: cell 1 rotate -5,cell 2 rotate -15, cell 3 rotate -20\n10s: restart\n\n\n"},{"rgb":"80,80,80","text":"-500 60 \n-490 40\n-480 20\n-470 5\n-460 -20\n-430 -35\n-425 -37\n-422 -34\n-420 -31\n-400 -20\n-390 -12\n-380 -15\n-360 -5\n-350 -12\n-340 -20\n-320 -25\n-315 -30\n-300 -34\n-290 -30\n-280 -28\n-270 -20\n-250 -5\n-230 -1\n-220 -10\n-210 -14\n-200 -20\n-180 -15\n-170 -11\n-160 -16\n-150 -20\n-140 -30\n-130 -35\n-120 -40\n-115 -45\n-110 -43\n-105 -40\n-100 -35\n-90 -25\n-80 -15\n-70 -19\n-50 -0\n-40 20\n-30 60\n"},null,{"attr":[4],"text":"0s: cell 1 left 87, cell 2 left 58, cell 3 left 29,cell 4 left 0, cell 5 left 0, cell 5 down 29, cell 6 left 29, cell 6 down 29, cell 7 left 58, cell 7 down 29, cell 8 down 29, cell 8 left 87\n0-2s: cells show\n0-10s: cell 1 left 300,cell 2 left 250,cell 3 left 100,cell 4 left 150,cell 5 left 210,cell 6 left 270,cell 7 left 130,cell 8 left 230\n8-10s: cells hide\n10s: restart\n"},null,{"attr":[11,7,4],"offset":{"y":-3,"x":0}},null,{"attr":[5]},null,{"attr":[5]},null,null,{"rgb":"-80,-80,-80"},{"rgb":"0,0,0"},{"rgb2":"10,1,6","rgb":"131,40,42","attr":[1]},{"rgb2":"255,255,255","rgb":"123,189,189","attr":[1]},{"rgb2":"99,88,72","rgb":"209,199,146"},{"rgb2":"0,0,0","rgb":"159,132,81"},{"rgb2":"0,0,0","rgb":"159,132,81"}],"n":["forestynt","blue pastel","mistyfront","misty3back","grassis2","backgr1","tree","starslbr","forestone3","chair","sea rose bush","plant life","plant life","purple bush","bleeding heart flower pink","arrow","black light","blfilllight","advertisment board","failwhale hunt board","art board","request board","suggestion board"],"dr":[0,0,0,0,0,0,0,0,0,0,0,0,0,0,0,0,null,0,0,0,0,0,0]}},{"x":0,"y":-4,"ps":[[18,0,0,1,0,0],[18,9,0,1,0,0],[18,19,0,1,0,0]],"v":3,"iix":["5540a2ffb6da000c2115c6d7"],"i":{"b":["DECOBG"],"p":[],"n":["arrow"],"dr":[0]}}]