{"base":"INTERACT","creator":"5003d713a0b60c386b0000a1","id":"53f34c3d937fb02a73ffebeb","name":"muscles r us boss","prop":{"textSize":382,"textData":"welcome to muscles 'r' us!  just enter with your membership card.\n\nhears painting or cat or love: that picture? oh that's my cat susy, i adore her!\n\nhears membership or card or apply or entrance: you need a membership card to enter. that will be $50 please.\n\nhears free or promotion or please: sorry, we don't have any promotions going on at the moment.\n\nhears coffee: that's decaf.","attr":[8,6]}}