{"base":"INTERACT","creator":"5003d713a0b60c386b0000a1","id":"53f3619066b2100d73d4ef4b","name":"muscles r us logic","prop":{"textSize":302,"reactsTo":["someone_jumps"],"textData":"someone jumps and they hold little weight: {rgh... feel stronger now...} /they are strong\n\nSOMEONE JUMPS AND THEY HOLD big WEIGHT and they aren't strong: {this is too heavy} /bumps 90 10\n\nSOMEONE JUMPS AND THEY HOLD BIG WEIGHT AND THEY ARE STRONG: {rrrgh... feel very strong now!} /they are very strong","attr":[5]}}