{"base":"INTERACT","creator":"5003d713a0b60c386b0000a1","id":"53f4c87ec18d901616904c26","name":"computer","prop":{"textSize":313,"thingRefs":[["53f343d066b2100d73d4ef13","computer in"],["53ce41f162cf163c3409de29","electric machine started"],["53f34ad966b2100d73d4ef1b","muscles membership card"]],"textData":"THIS COMPUTER PRINTS MEMBERSHIP CARDS.  IT'S PASSWORD PROTECTED.\n\nHEARS HACK OR CRACK: UNLESS I GET A PASSWORD, NOT SURE I CAN HACK IT.\n\nHEARS SUSY or suzy: LET ME TRY THAT PASSWORD...  IT WORKED, I'M IN! /COMPUTER IN /plays electric machine started  it's printing membership cards! /gives muscles membership card","attr":[1,8,6,2]}}