{"base":"READABLE","creator":"5300e2508820b32646000057","id":"56eed471f074222013b66cba","name":"chronology moscars 2015","prop":{"textSize":295,"rgb2":"45,15,0","rgb":"213,190,131","attr":[5,2],"textData":"**The Moscars 2015**\n\nThe first ever Moscars event was held on day 1020, 2nd of May on 2015. The event was to congratulate the players who deserved recognition with their own Moscar. This was one of the biggest events on Manyland and will continue throughout the years, always on the 2nd of May.","clonedFrom":"56ed881a19a4a726130f2928"}}