{"base":"READABLE","creator":"5300e2508820b32646000057","id":"56ef23e9fb23f62913858580","name":"chronology the cosmic storm","prop":{"textSize":249,"rgb2":"45,15,0","rgb":"213,190,131","attr":[5,2],"textData":"**The Cosmic Storm**\n\nOn day 438 a Cosmic Storm blew through the whole of Manyland and teleported everyone to Grass Mountain, a forerunner of Green Mountain. This enabled many players who had been wandering lonely in the game, to find friends again.","clonedFrom":"54af696b58d97dea59c58baa"}}