{"base":"READABLE","creator":"5300e2508820b32646000057","id":"56ef0c7c3da9b12313ab7246","name":"chronology slash.org","prop":{"textSize":264,"rgb2":"45,15,0","rgb":"213,190,131","attr":[5,2],"textData":"**Manyland Featured on Slash.Org**\n\nManyland is featured on Slash.org after the eight millionth block is placed. Many new Manyzens arrive as a result.\n\nhttps://games.slashdot.org/story/14/10/11/030258/infinite-browser-universe-manyland-hits-8-million-placed-blocks","clonedFrom":"54af696b58d97dea59c58baa"}}