{"base":"READABLE","creator":"5300e2508820b32646000057","id":"56f557726172ae926b25f3ab","name":"chronology godiva","prop":{"textSize":257,"rgb2":"45,15,0","rgb":"213,190,131","attr":[5,2],"textData":"**Godiva Joins Manyland**\n\nOne of the very first players of Manyland Godiva is known for his amazing RPG areas, his unique artistic style, his excellent tutorial videos and his tendancy to take new players under his wing and show them the world of Manyland.","clonedFrom":"54af696b58d97dea59c58baa"}}