{"base":"DYNATHING","creator":"5300e2508820b32646000057","id":"56f5828835b13a2813d9bfe3","name":"chronology environment d","prop":{"text":"0-.5: cell 1 show\n0-6: cell 1 down 150\n5.5-6: cell 1 hide\n\n1: cell 2 up 50, left 150\n1-1.5: cell 2 show\n1-7: cell 2 down 125\n6.5-7: cell 2 hide\n\n3: cell 3 down 100, right 275\n3-3.5: cell 3 show\n3-8: cell 3 down 175\n7.5-8: cell 3 hide\n\n4: cell 4 up 100, left 200\n4-4.5: cell 4 show\n4-9: cell 4 down 135\n8.5-9: cell 4 hide\n\n6: cell 5 right 125, up 150\n6-6.5: cell 5 show\n6-11: cell 5 down 160\n10.5-11: cell 5 hide\n\n\n15 restart"}}