{"base":"READABLE","creator":"5300e2508820b32646000057","id":"56f529a3c5ab0c5e104d78c3","name":"chronology manygras","prop":{"textSize":327,"rgb2":"45,15,0","rgb":"213,190,131","attr":[5,2],"textData":"**The Manygras Masquerade**\n\nA festival of colour and lights held in the inner ring with a float contest, comedy routines and a tricky bouncy race!\n\nhttps://www.youtube.com/watch?v=OwuuU7trZjw\n\nhttps://www.youtube.com/watch?v=XtgPNP31cgs\n\nhttps://www.youtube.com/watch?v=Bqyd8FJNGkc\n\nhttps://www.youtube.com/watch?v=CpLwb3SAwHg","clonedFrom":"54af696b58d97dea59c58baa"}}