{"base":"READABLE","creator":"5300e2508820b32646000057","id":"56f54d0e04571a03133f4aa2","name":"chronology area iv","prop":{"textSize":340,"rgb2":"45,15,0","rgb":"213,190,131","attr":[5,2],"textData":"**Area IV Opens**\n\nOn day 669 Area IV, which eventually became known as Crystal City openned its doors. Philipp and Scott were present to place the ring portal as a team of Manyzens began the task of creating a whole new world for people to spawn in.\n\nhttps://www.youtube.com/watch?v=qtiziIkuDC0\n\nhttps://www.youtube.com/watch?v=mchyzi_P4gE","clonedFrom":"54af696b58d97dea59c58baa"}}