{"base":"READABLE","creator":"5300e2508820b32646000057","id":"56f52ce37bde952b111c4668","name":"chronology st pixels day","prop":{"textSize":290,"rgb2":"45,15,0","rgb":"213,190,131","attr":[5,2],"textData":"**St Pixels Day**\n\nWhile the real world celebrated St Patricks Day, in Manyland we celebrated St Pixels Day in a lush meadow with butterflies and flowers. \n\nhttps://www.youtube.com/watch?v=4AFcnoz6-d8\n\nhttps://www.youtube.com/watch?v=Sfca9_NF92E\n\nhttps://www.youtube.com/watch?v=dJXs_jcs8b0","clonedFrom":"56ed881a19a4a726130f2928"}}