{"base":"READABLE","creator":"5300e2508820b32646000057","id":"56f51497baac9422131b8580","name":"chronology stockpile","prop":{"textSize":290,"rgb2":"45,15,0","rgb":"213,190,131","attr":[5,2],"textData":"**Stockpile Is Founded!**\n\nOne of the most popular areas in Manyland Stockpile was created as a place to house Body type objects for people to enjoy. It now houses over 6000 of them along with blocks of other types; around 60 editors keep Stockpile running smoothly.\n\nmanyland.com/stockpile","clonedFrom":"54af696b58d97dea59c58baa"}}