{"base":"READABLE","creator":"5300e2508820b32646000057","id":"56f54e4b2ef3507f0f3ccfd2","name":"chronology qusion","prop":{"textSize":252,"rgb2":"45,15,0","rgb":"213,190,131","attr":[5,2],"textData":"**Qusion Joins Manyland**\n\nAfter reading an advert on the back of Retro Gamer magazine Qusion gave Manyland a try, he has been confounding Manyzens with his puzzle games ever since.\n\nmanyland.com/qusion\n\nhttps://www.youtube.com/watch?v=Hr1mifwjoBs&t=40","clonedFrom":"54af696b58d97dea59c58baa"}}