{"base":"READABLE","creator":"5300e2508820b32646000057","id":"56f5579f72acc27a0ff40873","name":"chronology faereluth","prop":{"textSize":251,"rgb2":"45,15,0","rgb":"213,190,131","attr":[5,2],"textData":"**Faereluth Joins Manyland**\n\nFaere by name and fair by nature, Faereluth exemplifies the Manyland spirit of community and is always ready to work together to reach a goal. Manyland is a much sadder place without her cheerful smile and frequent hugs.\n","clonedFrom":"54af696b58d97dea59c58baa"}}