{"base":"READABLE","creator":"5300e2508820b32646000057","id":"56f66ffbcbd5a41c133ea030","name":"chronology 1000days","prop":{"textSize":516,"rgb2":"45,15,0","rgb":"213,190,131","attr":[5,2],"textData":"**One Thousand Days of Manyland**\n\nTo celebrate 1000 days of Manyland Manyzens created a huge mosaic of the Manyland logo created from blocks made by hundreds of different players. Other memorials include a peaceful garden and a huge fountain and seating area. \n\nIn addition honours have been handed out since, to players who have achieved great things. Nineteen of these honours were awarded at the Thousand Day celebration to players old and new for their contribution to Manyland. \n\nmanyland.com/millennialgardens","clonedFrom":"54af696b58d97dea59c58baa"}}