{"base":"READABLE","creator":"5300e2508820b32646000057","id":"56f67152c224757b0f6b0c0d","name":"chronology manyversary","prop":{"textSize":384,"rgb2":"45,15,0","rgb":"213,190,131","attr":[5,2],"textData":"**Manyversary**\n\nGodiva hosted the Manyversary party to celebrate one year since Manyland openned its doors. \n\nQusion and Faereluth shared the best dressed trophy for their ring-portal costumes in the traditional Manyland colours of purple, gold and green.\n\nFaereluth also recorded a beautiful 'Ode to Manyland' about the first year. \n\nhttps://soundcloud.com/faereluth/ode-to-manyland","clonedFrom":"54af696b58d97dea59c58baa"}}