{"base":"CHANGER","creator":"524389354b5ac3d87c000047","id":"5500b0fa0bc48eb23cd07b23","name":"fractaltest","prop":{"textSize":1956,"attr":[1],"textData":"function change(creation) {\n    convertToFullColor(creation);\n    var cells = creation.cells;\n    var width = cells[0].length;\n    var height = cells[0][0].length;\n    var x, y, cx, cy;\n\n    try{\n        if(creation.type != enumType.dynamic){\n            throw \"can only be used on objects of type dynamic\";\n        }\n        if(cells.length != 9){\n            throw \"requires a 3x3 grid of cells\";\n        }\n    }catch(e){\n        creation.feeback = \"Error: \" + e;\n        return creation;\n    }\n\n    for(cy = 0; cy < 3; cy++){\n        for(cx = 0; cx < 3; cx++){\n            var idx = cx + 3 * cy;\n            var offset = {\n                x: cx * 29,\n                y: cy * 29\n            }\n            for(x = 0; x < 29; x++){\n                for(y = 0; y < 29; y++){\n                    cells[idx][x][y] = colour(\n                        x + offset.x,\n                        y + offset.y,\n                        -2 + cx * 1.333 + x * 1.333 / 29,\n                        -2 + cy * 1.333 + y * 1.333 / 29\n                    );\n                }\n            }\n        }\n    }\n\n\n    return creation;\n}\n\n\nfunction colour(x, y, xoffset, yoffset, xrange, yrange){\n    var rval = { red : 0, green : 0, blue : 0, alpha : 1 };\n    var accuracy = 128;\n    var x_resolution = 19, y_resolution = 19;\n    var c = (xrange / x_resolution) * x + xoffset;\n    var ci = (yrange / y_resolution) * y + yoffset;\n    var count = 0;\n    var z = 0, zi = 0, zsq = 0;\n    var zisq = 0, nz = 0, nzi = 0;\n\n    while((count <= accuracy) && ((zsq + zisq) < 4.)){\n        nz = zsq - zisq;\n        nzi = (z * zi) * 2;\n        z = nz + c;\n        zi = nzi + ci;\n        zsq = z * z;\n        zisq = zi * zi;\n        count++;\n    }\n\n    if(count <= accuracy){\n        rval.red = Math.floor(128 - Math.sin(count / 30) * 127);\n        rval.green = Math.floor(128 - Math.cos(count / 30) * 127);\n        rval.blue = Math.floor(128 + Math.sin(count / 30) * 127);\n    }\n    return rval;\n}\n"}}