{"base":"BRAIN","creator":"54393b1174d0cb5b3bfc29f6","id":"5505c131562993df09be2715","name":"musicbrains","prop":{"textSize":810,"attr":[2],"textData":"// fun script\nvar chanceForMovement = 20;\nvar chanceForMovement2 = 20;\nvar chanceForMovement3 = 20; \nvar chanceForMovement4 = 20; \nvar chanceForMovement5 = 20;  \nfunction update(my) { \n    var reaction = { \n            left: false, right: false, up: false, down: false, jump: true}; \n    if ( chance(chanceForMovement) ) { reaction.speech = \"c#2\"; reaction.playInstrument = \"c#2\"; } \n    if ( chance(chanceForMovement2) ) { reaction.speech = \"d#2\"; reaction.playInstrument = \"d#2\"; }\n    if ( chance(chanceForMovement3) ) { reaction.speech = \"e#2\"; reaction.playInstrument = \"e#2\"; }\n    if ( chance(chanceForMovement4) ) { reaction.speech = \"f#2\"; reaction.playInstrument = \"f#2\"; }\n    if ( chance(chanceForMovement5) ) { reaction.speech = \"g#2\"; reaction.playInstrument = \"g#2\"; }\n\n    return reaction; \n} \n"}}