{"base":"BRAIN","creator":"54393b1174d0cb5b3bfc29f6","id":"5505b02e072eb7db090d306b","name":"brains","prop":{"textSize":663,"attr":[2],"textData":"// An example script \nvar chanceForMovement = 20;\nvar chanceForMovement2 = 20;\nvar chanceForMovement3 = 20; \nvar chanceForMovement4 = 20; \nvar chanceForMovement5 = 20;  \nfunction update(my) { \n    var reaction = { \n            left: false, right: false, up: false, down: false, jump: true}; \n    if ( chance(chanceForMovement) ) { reaction.speech = \"!\"; } \n    if ( chance(chanceForMovement2) ) { reaction.speech = \"!!!\"; reaction.left = true; }\n    if ( chance(chanceForMovement3) ) { reaction.right = true; }\n    if ( chance(chanceForMovement4) ) { reaction.up = true; }\n    if ( chance(chanceForMovement5) ) { reaction.jump = true; }\n\n    return reaction; \n} \n"}}