{"base":"BRAIN","creator":"54733ad28eac481e21be986f","id":"5506e1b9184a2a5c14a01456","name":"brains mod 1","prop":{"textSize":770,"attr":[2],"textData":"// An example script \nvar chanceForMovement = 30;\nvar chanceForMovement2 = 20;\nvar chanceForMovement3 = 20; \nvar chanceForMovement4 = 20; \nvar chanceForMovement5 = 20;\nvar chanceForMovements6 = 20;  \nfunction update(my) { \n    var reaction = { \n            left: false, right: false, up: false, down: false, jump: true}; \n    if ( chance(chanceForMovement) ) { reaction.speech = \"dammit !\"; } \n    if ( chance(chanceForMovement2) ) { reaction.speech = \"crap\"; reaction.left = true; }\n    if ( chance(chanceForMovement3) ) { reaction.right = true; }\n    if ( chance(chanceForMovement4) ) { reaction.up = true; }\n    if ( chance(chanceForMovement5) ) { reaction.jump = true; }\n    if ( chance(chanceForMovement6) ) { reaction.speech = \"ouch !\"; }\n    return reaction; \n} \n","clonedFrom":"5505b02e072eb7db090d306b"}}