{"base":"INTERACT","creator":"533520bf11ef64363f000d5c","id":"55aa9d10f239cf5a6a5d9076","name":"sanctum brain","prop":{"textSize":513,"attr":[1,6,5],"textData":"reaches and they possess a familiar token: GREETINGS TRESPASSER,  IT APPEARS THAT YOU HAVE SUCCESSFULLY  TRAVERSED THE ABYSS.  HOWEVER,  YOU HAVE TAINTED WHAT WAS ONCE A PURE PLACE.  AND FOR THIS,  YOU NEVER SHALL RETURN.  /THEY DON'T POSSESS A FAMILIAR TOKEN /THEY POSSESS ALTERED TOKEN  NOW, BE GONE. /waits 2s  /TO KING BROWNS SANCTUM\n\nreaches and they possess altered token: ah, i see you have once again managed  to writhe through the abyss.  back to the sanctum with you.  /waits 2s  /to king browns sanctum","checksNears":true,"thingRefs":[["5501227704a5317c3f29834b","altered token"]]}}