{"base":"READABLE","creator":"533520bf11ef64363f000d5c","id":"65642fbdefb994059868d006","name":"explanation board","prop":{"textSize":374,"rgb2":"68,0,0","rgb":"201,0,0","attr":[2],"textData":"congratulations\n\nyou have found the missing castle tower.\n\nit was castle's library before it was lifted into this place.\n\nnaturally, it's always been a fitting home for a special character. \n\nthis character acts as foreshadowing for the santum's hidden tech sector. \n\nand also offers some world-building lore. \n\nthey will send you back to the sanctum when you approach them."}}